FINESS_Hosp;age_group;RegCode;DepCode;Year;n_Hosp;n;Pop;pHosp;catchmentHosp
690781810 - HOSPICES CIVILS DE LYON;0-1;84;69;2016;12800;31549;47166,23364289077;0,405718089321373099;19136,1941940791112
690781810 - HOSPICES CIVILS DE LYON;0-1;84;38;2016;1098;19705;29887,73363464418;0,055721897995432632;1665,4012449043041
690781810 - HOSPICES CIVILS DE LYON;0-1;84;01;2016;950;9756;15501,54481808291;0,097375973759737597;1509,4780214410373
690781810 - HOSPICES CIVILS DE LYON;0-1;84;26;2016;242;7548;11709,10131865618;0,032061473237943824;375,4110385684679
690781810 - HOSPICES CIVILS DE LYON;0-1;84;74;2016;228;13264;19781,15530668000;0,017189384800965019;340,0258903741738
690781810 - HOSPICES CIVILS DE LYON;0-1;84;42;2016;175;11625;17552,38575574668;0,015053763440860216;264,2294629897349
690781810 - HOSPICES CIVILS DE LYON;0-1;84;07;2016;132;4088;6509,54551079638;0,032289628180039137;210,1908041646581
690781810 - HOSPICES CIVILS DE LYON;0-1;27;71;2016;108;7093;11039,73232157441;0,015226279430424362;168,0940491653794
690781810 - HOSPICES CIVILS DE LYON;0-1;Others;Others;2016;108;969;NA;0,111455108359133123;NA
690781810 - HOSPICES CIVILS DE LYON;0-1;84;73;2016;39;6239;9158,66169831849;0,006251001763103062;57,2508104238534
690781810 - HOSPICES CIVILS DE LYON;0-1;27;39;2016;36;3785;5291,23954744848;0,009511228533685601;50,3261885622577
690781810 - HOSPICES CIVILS DE LYON;0-1;84;63;2016;33;7949;13069,20628602895;0,004151465593156372;54,2563602263122
690781810 - HOSPICES CIVILS DE LYON;0-1;84;43;2016;26;2847;4471,13626663616;0,009132420091324200;40,8322946724764
690781810 - HOSPICES CIVILS DE LYON;0-1;84;03;2016;19;4643;6097,35717306930;0,004092181779022184;24,9514939238244
690781810 - HOSPICES CIVILS DE LYON;0-1;27;21;2016;19;7174;10925,90462793253;0,002648452746027321;28,9367421146805
690781810 - HOSPICES CIVILS DE LYON;0-1;27;25;2016;14;8311;12634,48550382668;0,001684514498856937;21,2829740167938
690781810 - HOSPICES CIVILS DE LYON;0-1;93;84;2016;12;8796;12673,33454602528;0,001364256480218281;17,2896787803892
690781810 - HOSPICES CIVILS DE LYON;0-1;27;70;2016;11;3430;4916,34629023205;0,003206997084548105;15,7667082194031
690781810 - HOSPICES CIVILS DE LYON;0-1;11;75;2016;11;34704;43120,10589790723;0,000316966343937298;13,6676223166488
690781810 - HOSPICES CIVILS DE LYON;0-1;84;69;2017;13155;31944;46516,60736219803;0,411814425244177329;19156,2099251726504
690781810 - HOSPICES CIVILS DE LYON;0-1;84;38;2017;1119;19407;29249,22792189762;0,057659607358169732;1686,4989975062315
690781810 - HOSPICES CIVILS DE LYON;0-1;84;01;2017;932;9601;15278,69889930961;0,097073221539422980;1483,1525230868197
690781810 - HOSPICES CIVILS DE LYON;0-1;84;26;2017;254;7697;11320,62666835603;0,032999870079251654;373,5792092714605
690781810 - HOSPICES CIVILS DE LYON;0-1;84;74;2017;213;13221;19573,16869219219;0,016110732924892218;315,3380932937702
690781810 - HOSPICES CIVILS DE LYON;0-1;84;42;2017;152;11232;17214,91376550416;0,013532763532763533;232,9653572254836
690781810 - HOSPICES CIVILS DE LYON;0-1;84;07;2017;133;4255;6221,81178760423;0,031257344300822561;194,4773132200616
690781810 - HOSPICES CIVILS DE LYON;0-1;27;71;2017;115;7035;10665,19151042326;0,016346837242359632;174,3421497794848
690781810 - HOSPICES CIVILS DE LYON;0-1;Others;Others;2017;106;NA;NA;NA;NA
690781810 - HOSPICES CIVILS DE LYON;0-1;84;73;2017;69;6227;8921,09360046799;0,011080777260317970;98,8526511052339
690781810 - HOSPICES CIVILS DE LYON;0-1;27;39;2017;36;3555;5191,40136568639;0,010126582278481013;52,5711530702419
690781810 - HOSPICES CIVILS DE LYON;0-1;84;63;2017;30;8049;12887,65292587391;0,003727171077152441;48,0344872376963
690781810 - HOSPICES CIVILS DE LYON;0-1;84;43;2017;22;2701;4298,71334010875;0,008145131432802665;35,0135851471279
690781810 - HOSPICES CIVILS DE LYON;0-1;27;21;2017;20;7185;10698,36833419149;0,002783576896311761;29,7797309232888
690781810 - HOSPICES CIVILS DE LYON;0-1;27;25;2017;19;8112;12313,61671927947;0,002342209072978304;28,8410648010737
690781810 - HOSPICES CIVILS DE LYON;0-1;84;03;2017;17;4236;5977,61493358925;0,004013220018885742;23,9894839166708
690781810 - HOSPICES CIVILS DE LYON;0-1;27;70;2017;11;3293;4695,67789426579;0,003340419070756149;15,6855319881335
690781810 - HOSPICES CIVILS DE LYON;0-1;84;69;2018;12969;31703;45921,30379672937;0,409078005236097553;18785,3953550068836
690781810 - HOSPICES CIVILS DE LYON;0-1;84;38;2018;1036;18511;28707,44889880459;0,055966722489330670;1606,6618258960375
690781810 - HOSPICES CIVILS DE LYON;0-1;84;01;2018;928;9606;15115,57982368266;0,096606287736831151;1460,2600537557262
690781810 - HOSPICES CIVILS DE LYON;0-1;84;26;2018;249;7362;11082,47668886279;0,033822330888345561;374,8351936330936
690781810 - HOSPICES CIVILS DE LYON;0-1;84;74;2018;208;13330;19132,14596653177;0,015603900975243811;298,5361111056721
690781810 - HOSPICES CIVILS DE LYON;0-1;84;42;2018;176;11231;16773,89399526111;0,015670910871694418;262,8621977709871
690781810 - HOSPICES CIVILS DE LYON;0-1;84;07;2018;129;4097;6069,07605326521;0,031486453502562850;191,0936809546529
690781810 - HOSPICES CIVILS DE LYON;0-1;Others;Others;2018;109;NA;NA;NA;NA
690781810 - HOSPICES CIVILS DE LYON;0-1;27;71;2018;93;6683;10263,70329570636;0,013915906030225947;142,8287305851700
690781810 - HOSPICES CIVILS DE LYON;0-1;84;73;2018;52;6411;8824,60041304250;0,008111059117142411;71,5768556353470
690781810 - HOSPICES CIVILS DE LYON;0-1;84;63;2018;43;8016;12891,54669422111;0,005364271457085829;69,1537559694995
690781810 - HOSPICES CIVILS DE LYON;0-1;84;43;2018;26;2780;4234,62368813784;0,009352517985611510;39,6043942056057
690781810 - HOSPICES CIVILS DE LYON;0-1;84;03;2018;23;4086;5874,47796170244;0,005628976994615761;33,0673013018003
690781810 - HOSPICES CIVILS DE LYON;0-1;27;39;2018;23;3373;5026,47639669073;0,006818855618144086;34,2748168170432
690781810 - HOSPICES CIVILS DE LYON;0-1;27;25;2018;19;8001;12052,77507821632;0,002374703162104737;28,6217630903775
690781810 - HOSPICES CIVILS DE LYON;0-1;27;21;2018;18;6804;10461,37803693811;0,002645502645502645;27,6756032723230
690781810 - HOSPICES CIVILS DE LYON;0-1;27;70;2018;13;3062;4549,21111679071;0,004245591116917048;19,3140903064269
690781810 - HOSPICES CIVILS DE LYON;0-1;93;84;2018;11;8079;12238,52780198080;0,001361554647852457;16,6634244116585
690781810 - HOSPICES CIVILS DE LYON;0-1;84;69;2019;12898;31201;45689,26735360130;0,413384186404281928;18887,2206123761898
690781810 - HOSPICES CIVILS DE LYON;0-1;84;38;2019;1099;18156;27965,39949921415;0,060530953954615552;1692,7723094093606
690781810 - HOSPICES CIVILS DE LYON;0-1;84;01;2019;979;8868;14988,08470477213;0,110396932792061350;1654,6385798344518
690781810 - HOSPICES CIVILS DE LYON;0-1;84;26;2019;250;7612;10708,24212601835;0,032842879663688915;351,6895075544649
690781810 - HOSPICES CIVILS DE LYON;0-1;84;74;2019;222;13468;18969,32468947422;0,016483516483516484;312,6811762001245
690781810 - HOSPICES CIVILS DE LYON;0-1;84;42;2019;212;11294;16478,02721133855;0,018771028864884010;309,3095244203802
690781810 - HOSPICES CIVILS DE LYON;0-1;84;07;2019;157;4290;5917,16734253853;0,036596736596736595;216,5490146336943
690781810 - HOSPICES CIVILS DE LYON;0-1;Others;Others;2019;88;NA;NA;NA;NA
690781810 - HOSPICES CIVILS DE LYON;0-1;27;71;2019;86;6693;9997,81358927068;0,012849245480352607;128,4643610753441
690781810 - HOSPICES CIVILS DE LYON;0-1;84;73;2019;51;6272;8684,42274499703;0,008131377551020409;70,6163201522399
690781810 - HOSPICES CIVILS DE LYON;0-1;27;39;2019;37;3383;4811,41660543964;0,010937038131835650;52,6226468818406
690781810 - HOSPICES CIVILS DE LYON;0-1;84;63;2019;24;7880;12701,35687011918;0,003045685279187817;38,6843356450330
690781810 - HOSPICES CIVILS DE LYON;0-1;27;25;2019;17;7650;11786,74249785030;0,002222222222222222;26,1927611063340
690781810 - HOSPICES CIVILS DE LYON;0-1;84;03;2019;12;4099;5647,73415356129;0,002927543303244694;16,5339862997647
690781810 - HOSPICES CIVILS DE LYON;0-1;11;75;2019;12;32304;41568,32127091101;0,000371471025260030;15,4414269208436
690781810 - HOSPICES CIVILS DE LYON;0-1;93;84;2019;12;7693;11992,46356521754;0,001559859612634863;18,7065595713779
690781810 - HOSPICES CIVILS DE LYON;0-1;93;13;2019;11;33488;45313,51935928689;0,000328475871954133;14,8843977828522
690781810 - HOSPICES CIVILS DE LYON;0-1;27;21;2019;11;6729;10233,08786967388;0,001634715410908010;16,7281864417317
690781810 - HOSPICES CIVILS DE LYON;0-1;84;43;2019;11;2714;4130,54128172794;0,004053058216654385;16,7413242811376
690781810 - HOSPICES CIVILS DE LYON;0-1;84;69;2020;11955;28596;44317,56477873778;0,418065463701216944;18527,6432693317292
690781810 - HOSPICES CIVILS DE LYON;0-1;84;38;2020;1020;17031;27904,93976848730;0,059890787387704772;1671,2488147411807
690781810 - HOSPICES CIVILS DE LYON;0-1;84;01;2020;978;8179;14914,70252520478;0,119574520112483193;1783,4183970718032
690781810 - HOSPICES CIVILS DE LYON;0-1;84;26;2020;263;6657;10449,13943978870;0,039507285564067900;412,8171357464968
690781810 - HOSPICES CIVILS DE LYON;0-1;84;74;2020;173;12278;19399,97003330266;0,014090242710539175;273,3502863464212
690781810 - HOSPICES CIVILS DE LYON;0-1;84;42;2020;149;10102;16202,44450164463;0,014749554543654722;238,9788389175461
690781810 - HOSPICES CIVILS DE LYON;0-1;84;07;2020;137;3719;5858,00895492980;0,036837859639688088;215,7965116497397
690781810 - HOSPICES CIVILS DE LYON;0-1;Others;Others;2020;100;NA;NA;NA;NA
690781810 - HOSPICES CIVILS DE LYON;0-1;27;71;2020;86;6099;9760,64372961294;0,014100672241351041;137,6316380958703
690781810 - HOSPICES CIVILS DE LYON;0-1;84;73;2020;60;5515;8831,83133496506;0,010879419764279238;96,0852003803995
690781810 - HOSPICES CIVILS DE LYON;0-1;27;39;2020;41;2998;4842,26528374457;0,013675783855903937;66,2217733934381
690781810 - HOSPICES CIVILS DE LYON;0-1;84;63;2020;27;7195;12615,85321232836;0,003752605976372481;47,3423261616214
690781810 - HOSPICES CIVILS DE LYON;0-1;27;25;2020;26;7065;11701,33618315551;0,003680113234253362;43,0622421460783
690781810 - HOSPICES CIVILS DE LYON;0-1;27;21;2020;14;6548;10109,52791944948;0,002138057422113622;21,6147512022439
690781810 - HOSPICES CIVILS DE LYON;0-1;84;03;2020;12;3515;5518,01107336152;0,003413940256045519;18,8381601366538
690781810 - HOSPICES CIVILS DE LYON;0-1;84;43;2020;11;2384;4131,74698351268;0,004614093959731544;19,0642687997649
690781810 - HOSPICES CIVILS DE LYON;0-1;84;69;2021;12317;29537;42825,31193310325;0,417002403764769602;17858,2580180801269
690781810 - HOSPICES CIVILS DE LYON;0-1;84;38;2021;1056;17803;27580,21937586048;0,059315845643992587;1635,9440353259936
690781810 - HOSPICES CIVILS DE LYON;0-1;84;01;2021;1013;9199;15096,82637686584;0,110120665289705405;1662,4725643836391
690781810 - HOSPICES CIVILS DE LYON;0-1;84;26;2021;243;7212;10458,76604502242;0,033693843594009981;352,3960273073278
690781810 - HOSPICES CIVILS DE LYON;0-1;84;74;2021;225;13190;19168,92024471167;0,017058377558756634;326,9906789279854
690781810 - HOSPICES CIVILS DE LYON;0-1;84;42;2021;178;10420;15943,06624711120;0,017082533589251440;272,3479646819380
690781810 - HOSPICES CIVILS DE LYON;0-1;84;07;2021;129;3950;5963,16512408948;0,032658227848101268;194,7464053183652
690781810 - HOSPICES CIVILS DE LYON;0-1;Others;Others;2021;122;NA;NA;NA;NA
690781810 - HOSPICES CIVILS DE LYON;0-1;27;71;2021;72;6627;9677,56199280140;0,010864644635581712;105,1432719905992
690781810 - HOSPICES CIVILS DE LYON;0-1;84;73;2021;69;6084;8661,76445413542;0,011341222879684419;98,2350012056778
690781810 - HOSPICES CIVILS DE LYON;0-1;27;39;2021;29;3184;4849,42674042254;0,009108040201005025;44,1687737035973
690781810 - HOSPICES CIVILS DE LYON;0-1;84;63;2021;26;7669;12606,88362964801;0,003390272525753032;42,7407712049613
690781810 - HOSPICES CIVILS DE LYON;0-1;84;43;2021;18;2642;4008,99363964364;0,006813020439061317;27,3133556069589
690781810 - HOSPICES CIVILS DE LYON;0-1;93;84;2021;16;8427;11712,64113181324;0,001898659072030379;22,2383123423534
690781810 - HOSPICES CIVILS DE LYON;0-1;84;03;2021;15;4013;5555,91702550845;0,003737851981061550;20,7671954604104
690781810 - HOSPICES CIVILS DE LYON;0-1;27;25;2021;15;7333;11546,56752507250;0,002045547524887495;23,6190526218584
690781810 - HOSPICES CIVILS DE LYON;0-1;27;70;2021;13;2720;4270,29826563432;0,004779411764705883;20,4095137695758
690781810 - HOSPICES CIVILS DE LYON;0-1;93;13;2021;12;32937;42948,02832782776;0,000364331906366700;15,6473370353685
690781810 - HOSPICES CIVILS DE LYON;0-1;84;69;2022;11672;28207;41962,65337009540;0,413797993405892128;17364,0617625324703
690781810 - HOSPICES CIVILS DE LYON;0-1;84;38;2022;1100;17936;26911,76508097966;0,061329170383586082;1650,4762259744439
690781810 - HOSPICES CIVILS DE LYON;0-1;84;01;2022;1021;9342;15301,41275225069;0,109291372297152647;1672,3123977786297
690781810 - HOSPICES CIVILS DE LYON;0-1;84;26;2022;230;7336;10618,35313671860;0,031352235550708832;332,9091087030097
690781810 - HOSPICES CIVILS DE LYON;0-1;84;74;2022;218;13227;19396,80800697163;0,016481439479851819;319,6873172692081
690781810 - HOSPICES CIVILS DE LYON;0-1;84;42;2022;171;10719;15889,07711306184;0,015952980688497060;253,4781403427162
690781810 - HOSPICES CIVILS DE LYON;0-1;84;07;2022;124;4021;6093,37639947478;0,030838099975130564;187,9081505931043
690781810 - HOSPICES CIVILS DE LYON;0-1;Others;Others;2022;115;NA;NA;NA;NA
690781810 - HOSPICES CIVILS DE LYON;0-1;27;71;2022;73;6508;9758,02494161173;0,011216963736939152;109,4554119142066
690781810 - HOSPICES CIVILS DE LYON;0-1;84;73;2022;53;6035;8569,87868931741;0,008782104391052195;75,2615692682390
690781810 - HOSPICES CIVILS DE LYON;0-1;27;25;2022;21;7407;11347,01033492199;0,002835155933576347;32,1705436794062
690781810 - HOSPICES CIVILS DE LYON;0-1;27;39;2022;21;3124;4754,13864925875;0,006722151088348271;31,9580382952733
690781810 - HOSPICES CIVILS DE LYON;0-1;84;43;2022;20;2527;4110,93165553551;0,007914523149980214;32,5360637557223
690781810 - HOSPICES CIVILS DE LYON;0-1;93;84;2022;17;8599;11275,15448115460;0,001976974066751948;22,2906880078647
690781810 - HOSPICES CIVILS DE LYON;0-1;84;03;2022;16;3883;5446,28530554789;0,004120525366984291;22,4415567573439
690781810 - HOSPICES CIVILS DE LYON;0-1;27;21;2022;11;6680;10109,92442006176;0,001646706586826347;16,6480791348322
690781810 - HOSPICES CIVILS DE LYON;0-1;84;69;2023;11394;26360;40864,44138375418;0,432245827010622141;17663,4842612479188
690781810 - HOSPICES CIVILS DE LYON;0-1;84;38;2023;1062;16236;26401,78295171657;0,065410199556541024;1726,9458915202633
690781810 - HOSPICES CIVILS DE LYON;0-1;84;01;2023;1020;8546;15154,04291588919;0,119354083781886264;1808,6969078173383
690781810 - HOSPICES CIVILS DE LYON;0-1;84;26;2023;240;6683;10473,09371767966;0,035912015561873407;376,1099045702707
690781810 - HOSPICES CIVILS DE LYON;0-1;84;74;2023;196;12025;19226,86946454328;0,016299376299376299;313,3859804615786
690781810 - HOSPICES CIVILS DE LYON;0-1;84;42;2023;186;9879;15739,59927390642;0,018827816580625569;296,3422881816575
690781810 - HOSPICES CIVILS DE LYON;0-1;84;07;2023;131;3598;5996,79743928214;0,036409116175653143;218,3380946486827
690781810 - HOSPICES CIVILS DE LYON;0-1;Others;Others;2023;126;NA;NA;NA;NA
690781810 - HOSPICES CIVILS DE LYON;0-1;27;71;2023;84;5963;9560,32613235845;0,014086869025658226;134,6750620691111
690781810 - HOSPICES CIVILS DE LYON;0-1;84;73;2023;56;5213;8488,42728429368;0,010742374832150393;91,1858676233351
690781810 - HOSPICES CIVILS DE LYON;0-1;27;25;2023;28;6846;10968,38490954407;0,004089979550102250;44,8604699776854
690781810 - HOSPICES CIVILS DE LYON;0-1;27;39;2023;24;2835;4638,92920706942;0,008465608465608466;39,2713583667252
690781810 - HOSPICES CIVILS DE LYON;0-1;84;63;2023;24;6875;12088,91800661360;0,003490909090909091;42,2013137685420
690781810 - HOSPICES CIVILS DE LYON;0-1;84;43;2023;18;2322;3997,73526819075;0,007751937984496124;30,9901958774477
690781810 - HOSPICES CIVILS DE LYON;0-1;84;03;2023;11;3654;5307,35832539075;0,003010399562123700;15,9772691787899
690781810 - HOSPICES CIVILS DE LYON;0-1;27;58;2023;11;1996;3115,31545424850;0,005511022044088177;17,1685721426520
690781810 - HOSPICES CIVILS DE LYON;0-1;84;69;2024;11728;26374;38426,71074583915;0,444680367028133794;17087,6038381436883
690781810 - HOSPICES CIVILS DE LYON;0-1;84;38;2024;1146;16394;25170,28817808425;0,069903623276808588;1759,4943425695103
690781810 - HOSPICES CIVILS DE LYON;0-1;84;01;2024;1042;8307;14481,03172468345;0,125436378957505729;1816,4481831130556
690781810 - HOSPICES CIVILS DE LYON;0-1;84;26;2024;232;6486;9909,13225525834;0,035769349367869255;354,4432135707576
690781810 - HOSPICES CIVILS DE LYON;0-1;84;42;2024;215;9866;14968,37231516136;0,021792012973849584;326,1909636894073
690781810 - HOSPICES CIVILS DE LYON;0-1;84;74;2024;186;11739;18227,29659062963;0,015844620495783286;288,8045971426110
690781810 - HOSPICES CIVILS DE LYON;0-1;Others;Others;2024;133;NA;NA;NA;NA
690781810 - HOSPICES CIVILS DE LYON;0-1;84;07;2024;126;3543;5718,38243052607;0,035563082133784930;203,3633040491914
690781810 - HOSPICES CIVILS DE LYON;0-1;27;71;2024;83;5632;9074,77482408992;0,014737215909090910;133,7369159089957
690781810 - HOSPICES CIVILS DE LYON;0-1;84;73;2024;46;5261;7985,55912303734;0,008743584869796617;69,8224139250556
690781810 - HOSPICES CIVILS DE LYON;0-1;27;25;2024;33;6608;10300,52174115188;0,004993946731234867;51,4402568792391
690781810 - HOSPICES CIVILS DE LYON;0-1;27;39;2024;26;2657;4414,13006425872;0,009785472337222430;43,1943476367056
690781810 - HOSPICES CIVILS DE LYON;0-1;84;63;2024;17;6555;11322,60959433319;0,002593440122044241;29,3645100081868
690781810 - HOSPICES CIVILS DE LYON;0-1;84;03;2024;16;3559;5074,41019501518;0,004495644844057320;22,8127460298519
690781810 - HOSPICES CIVILS DE LYON;0-1;84;43;2024;12;2322;3742,09307879034;0,005167958656330750;19,3389823193299
690781810 - HOSPICES CIVILS DE LYON;0-1;84;69;2025;9976;23519;36358,27714826541;0,424167694204685586;15422,0065832346481
690781810 - HOSPICES CIVILS DE LYON;0-1;84;38;2025;994;14786;24320,99347577189;0,067225754091708376;1634,9971266682851
690781810 - HOSPICES CIVILS DE LYON;0-1;84;01;2025;840;7494;13923,07638934579;0,112089671737389915;1560,6330620563731
690781810 - HOSPICES CIVILS DE LYON;0-1;84;26;2025;182;5842;9478,47215736470;0,031153714481342007;295,2896153098895
690781810 - HOSPICES CIVILS DE LYON;0-1;84;74;2025;161;11233;17637,33610682546;0,014332769518383335;252,7918733373897
690781810 - HOSPICES CIVILS DE LYON;0-1;84;42;2025;160;8597;14218,26660341287;0,018611143422123996;264,6181989701128
690781810 - HOSPICES CIVILS DE LYON;0-1;84;07;2025;125;3395;5376,33324309069;0,036818851251840944;197,9504139576838
690781810 - HOSPICES CIVILS DE LYON;0-1;Others;Others;2025;96;NA;NA;NA;NA
690781810 - HOSPICES CIVILS DE LYON;0-1;27;71;2025;66;4906;8623,42559782863;0,013452914798206279;116,0102098362597
690781810 - HOSPICES CIVILS DE LYON;0-1;84;73;2025;44;4690;7643,67699325793;0,009381663113006396;71,7104024953836
690781810 - HOSPICES CIVILS DE LYON;0-1;27;39;2025;23;2589;4163,18707960440;0,008883738895326381;36,9846669876018
690781810 - HOSPICES CIVILS DE LYON;0-1;27;25;2025;20;5579;9752,07216661982;0,003584871840831690;34,9599288998739
690781810 - HOSPICES CIVILS DE LYON;0-1;84;63;2025;20;5880;10681,56770826611;0,003401360544217687;36,3318629532861
690781810 - HOSPICES CIVILS DE LYON;0-1;84;43;2025;19;2016;3577,27359039684;0,009424603174603174;33,7143840364782
690781810 - HOSPICES CIVILS DE LYON;0-1;84;03;2025;14;3041;4871,94138929384;0,004603748766853009;22,4291941631417
690781810 - HOSPICES CIVILS DE LYON;0-1;27;21;2025;14;5135;8984,13091615273;0,002726387536514119;24,4942225562100
690781810 - HOSPICES CIVILS DE LYON;0-1;93;84;2025;12;6681;10056,56850345068;0,001796138302649304;18,0629878822644
690781810 - HOSPICES CIVILS DE LYON;2-4;84;69;2016;1387;2569;74242,76635710923;0,539898793304787850;40083,5799678125695
690781810 - HOSPICES CIVILS DE LYON;2-4;84;38;2016;241;2221;47045,26636535581;0,108509680324178293;5104,8668140705768
690781810 - HOSPICES CIVILS DE LYON;2-4;84;01;2016;225;1426;24400,45518191709;0,157784011220196363;3850,0016942015050
690781810 - HOSPICES CIVILS DE LYON;2-4;Others;Others;2016;86;NA;NA;NA;NA
690781810 - HOSPICES CIVILS DE LYON;2-4;84;74;2016;84;1733;31136,84469332000;0,048470859780727064;1509,2296331441894
690781810 - HOSPICES CIVILS DE LYON;2-4;84;26;2016;79;1109;18430,89868134382;0,071235347159603252;1312,9314660290008
690781810 - HOSPICES CIVILS DE LYON;2-4;27;71;2016;62;954;17377,26767842559;0,064989517819706494;1129,3402474448499
690781810 - HOSPICES CIVILS DE LYON;2-4;84;07;2016;52;597;10246,45448920362;0,087102177554438859;892,4884982220908
690781810 - HOSPICES CIVILS DE LYON;2-4;84;42;2016;47;1589;27628,61424425332;0,029578351164254248;817,2088542982418
690781810 - HOSPICES CIVILS DE LYON;2-4;84;73;2016;16;903;14416,33830168151;0,017718715393133997;255,4389953786313
690781810 - HOSPICES CIVILS DE LYON;2-4;84;43;2016;14;415;7037,86373336384;0,033734939759036145;237,4219090773343
690781810 - HOSPICES CIVILS DE LYON;2-4;84;63;2016;13;840;20571,79371397105;0,015476190476190477;318,3729979543139
690781810 - HOSPICES CIVILS DE LYON;2-4;84;69;2017;1491;2603;74062,39263780197;0,572800614675374575;42422,9840272619040
690781810 - HOSPICES CIVILS DE LYON;2-4;84;38;2017;247;2105;46569,77207810238;0,117339667458432301;5464,4815692595193
690781810 - HOSPICES CIVILS DE LYON;2-4;84;01;2017;232;1317;24326,30110069039;0,176157934700075930;4285,2709607898032
690781810 - HOSPICES CIVILS DE LYON;2-4;Others;Others;2017;90;NA;NA;NA;NA
690781810 - HOSPICES CIVILS DE LYON;2-4;84;74;2017;84;1723;31163,83130780781;0,048752176436448053;1519,3046023539503
690781810 - HOSPICES CIVILS DE LYON;2-4;84;07;2017;68;588;9906,18821239577;0,115646258503401364;1145,6136027940690
690781810 - HOSPICES CIVILS DE LYON;2-4;84;26;2017;62;1109;18024,37333164397;0,055906221821460773;1007,6746136717098
690781810 - HOSPICES CIVILS DE LYON;2-4;27;71;2017;59;918;16980,80848957674;0,064270152505446626;1091,3591512908795
690781810 - HOSPICES CIVILS DE LYON;2-4;84;42;2017;52;1576;27409,08623449584;0,032994923857868022;904,3607133209289
690781810 - HOSPICES CIVILS DE LYON;2-4;84;73;2017;24;869;14203,90639953201;0,027617951668584578;392,2828004473743
690781810 - HOSPICES CIVILS DE LYON;2-4;84;43;2017;15;361;6844,28665989125;0,041551246537396121;284,3886423777528
690781810 - HOSPICES CIVILS DE LYON;2-4;27;21;2017;11;777;17033,63166580851;0,014157014157014158;241,1453646382157
690781810 - HOSPICES CIVILS DE LYON;2-4;84;69;2018;1446;2519;73484,69620327062;0,574037316395395014;42182,9578046563402
690781810 - HOSPICES CIVILS DE LYON;2-4;84;38;2018;247;2025;45938,55110119541;0,121975308641975311;5603,3689491334644
690781810 - HOSPICES CIVILS DE LYON;2-4;84;01;2018;194;1224;24188,42017631734;0,158496732026143783;3833,7855508215398
690781810 - HOSPICES CIVILS DE LYON;2-4;84;74;2018;95;1633;30615,85403346823;0,058175137783221066;1781,0815267479984
690781810 - HOSPICES CIVILS DE LYON;2-4;84;26;2018;82;988;17734,52331113721;0,082995951417004055;1471,8936351348698
690781810 - HOSPICES CIVILS DE LYON;2-4;84;42;2018;55;1560;26842,10600473889;0,035256410256410256;946,3563014491275
690781810 - HOSPICES CIVILS DE LYON;2-4;27;71;2018;53;911;16424,29670429364;0,058177826564215149;955,5298851016058
690781810 - HOSPICES CIVILS DE LYON;2-4;Others;Others;2018;47;NA;NA;NA;NA
690781810 - HOSPICES CIVILS DE LYON;2-4;84;07;2018;44;519;9711,92394673479;0,084778420038535640;823,3615677385944
690781810 - HOSPICES CIVILS DE LYON;2-4;84;73;2018;25;816;14121,39958695750;0,030637254901960783;432,6409187180608
690781810 - HOSPICES CIVILS DE LYON;2-4;84;63;2018;22;784;20629,45330577889;0,028061224489795918;578,8877203152241
690781810 - HOSPICES CIVILS DE LYON;2-4;27;39;2018;17;640;8043,52360330927;0,026562499999999999;213,6560957129026
690781810 - HOSPICES CIVILS DE LYON;2-4;27;21;2018;15;812;16740,62196306189;0,018472906403940888;309,2479426673994
690781810 - HOSPICES CIVILS DE LYON;2-4;84;43;2018;12;384;6776,37631186216;0,031250000000000000;211,7617597456924
690781810 - HOSPICES CIVILS DE LYON;2-4;27;25;2018;11;1187;19287,22492178367;0,009267059814658803;178,7358670089473
690781810 - HOSPICES CIVILS DE LYON;2-4;84;69;2019;1542;2629;73352,73264639871;0,586534804108025831;43023,9306735438586
690781810 - HOSPICES CIVILS DE LYON;2-4;84;38;2019;231;1844;44897,60050078585;0,125271149674620386;5624,3740323652555
690781810 - HOSPICES CIVILS DE LYON;2-4;84;01;2019;184;1213;24062,91529522787;0,151690024732069245;3650,1042162588024
690781810 - HOSPICES CIVILS DE LYON;2-4;84;74;2019;73;1572;30454,67531052578;0,046437659033078879;1414,2438280333217
690781810 - HOSPICES CIVILS DE LYON;2-4;84;26;2019;72;929;17191,75787398165;0,077502691065662002;1332,4074993828622
690781810 - HOSPICES CIVILS DE LYON;2-4;Others;Others;2019;64;NA;NA;NA;NA
690781810 - HOSPICES CIVILS DE LYON;2-4;84;42;2019;62;1571;26454,97278866144;0,039465308720560151;1044,0536682985419
690781810 - HOSPICES CIVILS DE LYON;2-4;84;73;2019;51;920;13942,57725500297;0,055434782608695651;772,9037391360342
690781810 - HOSPICES CIVILS DE LYON;2-4;27;71;2019;49;926;16051,18641072932;0,052915766738660906;849,3608359889166
690781810 - HOSPICES CIVILS DE LYON;2-4;84;07;2019;31;565;9499,83265746147;0,054867256637168141;521,2297564270898
690781810 - HOSPICES CIVILS DE LYON;2-4;27;39;2019;27;558;7724,58339456036;0,048387096774193547;373,7701642529206
690781810 - HOSPICES CIVILS DE LYON;2-4;84;03;2019;22;758;9067,26584643871;0,029023746701846966;263,1660272053452
690781810 - HOSPICES CIVILS DE LYON;2-4;84;63;2019;20;709;20391,64312988082;0,028208744710860368;575,2226552857776
690781810 - HOSPICES CIVILS DE LYON;2-4;84;43;2019;14;423;6631,45871827206;0,033096926713947990;219,4809032052219
690781810 - HOSPICES CIVILS DE LYON;2-4;84;69;2020;1222;1977;70387,43522126222;0,618108244815376850;43507,0540416704243
690781810 - HOSPICES CIVILS DE LYON;2-4;84;38;2020;213;1482;44320,06023151270;0,143724696356275300;6369,8871992659942
690781810 - HOSPICES CIVILS DE LYON;2-4;84;01;2020;180;897;23688,29747479522;0,200668896321070239;4753,5045099923518
690781810 - HOSPICES CIVILS DE LYON;2-4;84;74;2020;113;1177;30812,02996669734;0,096006796941376385;2958,1643043643162
690781810 - HOSPICES CIVILS DE LYON;2-4;84;26;2020;63;653;16595,86056021129;0,096477794793261865;1601,1320295456533
690781810 - HOSPICES CIVILS DE LYON;2-4;Others;Others;2020;56;NA;NA;NA;NA
690781810 - HOSPICES CIVILS DE LYON;2-4;27;71;2020;36;565;15502,35627038706;0,063716814159292035;987,7607535113877
690781810 - HOSPICES CIVILS DE LYON;2-4;84;07;2020;29;410;9303,99104507020;0,070731707317073164;658,0871714805754
690781810 - HOSPICES CIVILS DE LYON;2-4;84;42;2020;27;1089;25733,55549835537;0,024793388429752067;638,0220371493066
690781810 - HOSPICES CIVILS DE LYON;2-4;84;73;2020;24;586;14027,16866503494;0,040955631399317405;574,4915494212263
690781810 - HOSPICES CIVILS DE LYON;2-4;84;63;2020;20;595;20037,14678767164;0,033613445378151259;673,5175390813996
690781810 - HOSPICES CIVILS DE LYON;2-4;27;39;2020;12;386;7690,73471625543;0,031088082901554404;239,0901984328114
690781810 - HOSPICES CIVILS DE LYON;2-4;27;21;2020;11;528;16056,47208055052;0,020833333333333332;334,5098350114691
690781810 - HOSPICES CIVILS DE LYON;2-4;84;69;2021;1355;2362;67800,68806689675;0,573666384419983078;38894,9755845237523
690781810 - HOSPICES CIVILS DE LYON;2-4;84;38;2021;240;1854;43664,78062413953;0,129449838187702254;5652,3987862963786
690781810 - HOSPICES CIVILS DE LYON;2-4;84;01;2021;192;1138;23901,17362313416;0,168717047451669599;4032,5354443249198
690781810 - HOSPICES CIVILS DE LYON;2-4;84;74;2021;110;1592;30348,07975528833;0,069095477386934667;2096,9150584684144
690781810 - HOSPICES CIVILS DE LYON;2-4;84;26;2021;86;958;16558,23395497758;0,089770354906054284;1486,4385387558161
690781810 - HOSPICES CIVILS DE LYON;2-4;84;42;2021;60;1377;25240,93375288880;0,043572984749455340;1099,8228214766361
690781810 - HOSPICES CIVILS DE LYON;2-4;Others;Others;2021;53;NA;NA;NA;NA
690781810 - HOSPICES CIVILS DE LYON;2-4;27;71;2021;48;836;15321,43800719860;0,057416267942583733;879,6997898870009
690781810 - HOSPICES CIVILS DE LYON;2-4;84;07;2021;44;703;9440,83487591052;0,062588904694167849;590,8915142817398
690781810 - HOSPICES CIVILS DE LYON;2-4;84;73;2021;36;904;13713,23554586458;0,039823008849557522;546,1023004990319
690781810 - HOSPICES CIVILS DE LYON;2-4;84;63;2021;22;723;19959,11637035199;0,030428769017980636;607,3313418364369
690781810 - HOSPICES CIVILS DE LYON;2-4;84;03;2021;11;610;8796,08297449155;0,018032786885245903;158,6178897039460
690781810 - HOSPICES CIVILS DE LYON;2-4;27;21;2021;11;797;16032,99405049463;0,013801756587202008;221,2834812489849
690781810 - HOSPICES CIVILS DE LYON;2-4;84;69;2022;1311;2427;66074,34662990461;0,540173053152039562;35691,5815541017510
690781810 - HOSPICES CIVILS DE LYON;2-4;84;38;2022;221;1920;42375,23491902034;0,115104166666666660;4877,5661026580701
690781810 - HOSPICES CIVILS DE LYON;2-4;84;01;2022;201;1294;24093,58724774931;0,155332302936630612;3742,5123931975354
690781810 - HOSPICES CIVILS DE LYON;2-4;84;26;2022;87;1027;16719,64686328140;0,084712755598831554;1416,3673584279275
690781810 - HOSPICES CIVILS DE LYON;2-4;84;74;2022;85;1743;30542,19199302837;0,048766494549627080;1489,4356393616818
690781810 - HOSPICES CIVILS DE LYON;2-4;Others;Others;2022;66;NA;NA;NA;NA
690781810 - HOSPICES CIVILS DE LYON;2-4;84;42;2022;60;1582;25018,92288693815;0,037926675094816689;948,8845595551766
690781810 - HOSPICES CIVILS DE LYON;2-4;27;71;2022;46;996;15364,97505838827;0,046184738955823292;709,6273621343980
690781810 - HOSPICES CIVILS DE LYON;2-4;84;73;2022;42;952;13494,12131068259;0,044117647058823532;595,3288813536439
690781810 - HOSPICES CIVILS DE LYON;2-4;84;07;2022;36;748;9594,62360052522;0,048128342245989303;461,7733283675241
690781810 - HOSPICES CIVILS DE LYON;2-4;84;63;2022;13;882;19408,19641376003;0,014739229024943311;286,0618519034925
690781810 - HOSPICES CIVILS DE LYON;2-4;84;03;2022;11;682;8575,71469445211;0,016129032258064516;138,3179789427759
690781810 - HOSPICES CIVILS DE LYON;2-4;84;69;2023;1250;2315;64165,55861624582;0,539956803455723500;34646,6299223789465
690781810 - HOSPICES CIVILS DE LYON;2-4;84;38;2023;217;1801;41456,21704828343;0,120488617434758472;4995,0022762229346
690781810 - HOSPICES CIVILS DE LYON;2-4;84;01;2023;158;1048;23794,95708411081;0,150763358778625955;3587,4076519938053
690781810 - HOSPICES CIVILS DE LYON;2-4;84;74;2023;121;1465;30190,13053545672;0,082593856655290107;2493,5193138500094
690781810 - HOSPICES CIVILS DE LYON;2-4;84;26;2023;95;857;16444,90628232033;0,110851808634772467;1822,9476042245412
690781810 - HOSPICES CIVILS DE LYON;2-4;Others;Others;2023;66;NA;NA;NA;NA
690781810 - HOSPICES CIVILS DE LYON;2-4;84;42;2023;47;1591;24714,40072609358;0,029541169076052799;730,0922904628524
690781810 - HOSPICES CIVILS DE LYON;2-4;27;71;2023;42;808;15011,67386764155;0,051980198019801978;780,3097802486946
690781810 - HOSPICES CIVILS DE LYON;2-4;84;07;2023;40;628;9416,20256071786;0,063694267515923567;599,7581248864880
690781810 - HOSPICES CIVILS DE LYON;2-4;84;73;2023;24;764;13328,57271570632;0,031413612565445025;418,6986193415598
690781810 - HOSPICES CIVILS DE LYON;2-4;84;63;2023;21;817;18982,08199338640;0,025703794369645042;487,9115322657460
690781810 - HOSPICES CIVILS DE LYON;2-4;84;69;2024;1134;2231;62895,28925416085;0,508292245629762385;31969,1878145308801
690781810 - HOSPICES CIVILS DE LYON;2-4;84;38;2024;226;1939;41197,71182191575;0,116554925219185146;4801,7962206049297
690781810 - HOSPICES CIVILS DE LYON;2-4;84;01;2024;165;1127;23701,96827531655;0,146406388642413482;3470,1195789061503
690781810 - HOSPICES CIVILS DE LYON;2-4;84;74;2024;100;1443;29833,70340937037;0,069300069300069295;2067,4777137470801
690781810 - HOSPICES CIVILS DE LYON;2-4;84;42;2024;80;1499;24499,62768483864;0,053368912608405601;1307,5184888506276
690781810 - HOSPICES CIVILS DE LYON;2-4;84;26;2024;67;860;16218,86774474166;0,077906976744186049;1263,5629522066179
690781810 - HOSPICES CIVILS DE LYON;2-4;Others;Others;2024;51;NA;NA;NA;NA
690781810 - HOSPICES CIVILS DE LYON;2-4;84;73;2024;44;794;13070,44087696266;0,055415617128463476;724,3065473379812
690781810 - HOSPICES CIVILS DE LYON;2-4;84;07;2024;39;520;9359,61756947393;0,074999999999999997;701,9713177105447
690781810 - HOSPICES CIVILS DE LYON;2-4;27;71;2024;31;808;14853,22517591008;0,038366336633663366;569,8638371945698
690781810 - HOSPICES CIVILS DE LYON;2-4;84;63;2024;17;716;18532,39040566681;0,023743016759776536;440,0148560004689
690781810 - HOSPICES CIVILS DE LYON;2-4;27;39;2024;11;420;7224,86993574128;0,026190476190476191;189,2227840313193
690781810 - HOSPICES CIVILS DE LYON;2-4;84;69;2025;1013;1899;61314,72285173459;0,533438651922064300;32707,6431010042907
690781810 - HOSPICES CIVILS DE LYON;2-4;84;38;2025;179;1585;41015,00652422810;0,112933753943217668;4631,9786547866433
690781810 - HOSPICES CIVILS DE LYON;2-4;84;01;2025;175;983;23479,92361065421;0,178026449643947093;4180,0474383158562
690781810 - HOSPICES CIVILS DE LYON;2-4;Others;Others;2025;106;NA;NA;NA;NA
690781810 - HOSPICES CIVILS DE LYON;2-4;84;74;2025;79;1335;29743,66389317454;0,059176029962546818;1760,1119457384186
690781810 - HOSPICES CIVILS DE LYON;2-4;84;42;2025;61;1398;23977,73339658713;0,043633762517882688;1046,2387247437875
690781810 - HOSPICES CIVILS DE LYON;2-4;84;26;2025;53;791;15984,52784263530;0,067003792667509485;1071,0239894559686
690781810 - HOSPICES CIVILS DE LYON;2-4;27;71;2025;45;695;14542,57440217136;0,064748201438848921;941,6055368312394
690781810 - HOSPICES CIVILS DE LYON;2-4;84;07;2025;30;460;9066,66675690931;0,065217391304347824;591,3043537114766
690781810 - HOSPICES CIVILS DE LYON;2-4;84;73;2025;15;634;12890,32300674207;0,023659305993690850;304,9760963740237
690781810 - HOSPICES CIVILS DE LYON;2-4;84;63;2025;12;597;18013,43229173389;0,020100502512562814;362,0790410398772
690781810 - HOSPICES CIVILS DE LYON;5-17;84;69;2016;5570;9805;304145,89427089773;0,568077511473737862;172778,4427423661691
690781810 - HOSPICES CIVILS DE LYON;5-17;84;38;2016;924;7357;214983,81109105516;0,125594671741198871;27000,8211836529808
690781810 - HOSPICES CIVILS DE LYON;5-17;84;01;2016;758;4141;112365,18162405139;0,183047573049987922;20568,1737916037055
690781810 - HOSPICES CIVILS DE LYON;5-17;84;26;2016;316;3270;83646,96254287697;0,096636085626911311;8083,3150347245019
690781810 - HOSPICES CIVILS DE LYON;5-17;84;74;2016;307;5038;131778,48886101018;0,060936879714172290;8030,1699246387698
690781810 - HOSPICES CIVILS DE LYON;5-17;27;71;2016;245;3760;82048,73670529337;0,065159574468085110;5346,2607693608716
690781810 - HOSPICES CIVILS DE LYON;5-17;84;42;2016;225;4805;124304,22550181055;0,046826222684703434;5820,6973439973726
690781810 - HOSPICES CIVILS DE LYON;5-17;84;07;2016;202;2092;49664,06752186428;0,096558317399617594;4795,4787951322105
690781810 - HOSPICES CIVILS DE LYON;5-17;Others;Others;2016;181;NA;NA;NA;NA
690781810 - HOSPICES CIVILS DE LYON;5-17;84;73;2016;153;2947;68036,04075343176;0,051917203936206309;3532,2410028079603
690781810 - HOSPICES CIVILS DE LYON;5-17;27;39;2016;66;2019;41289,55875631910;0,032689450222882617;1349,7329756894803
690781810 - HOSPICES CIVILS DE LYON;5-17;84;43;2016;52;1577;35605,43735439490;0,032974001268230815;1174,0537364797303
690781810 - HOSPICES CIVILS DE LYON;5-17;84;63;2016;39;2683;97844,36225409165;0,014535967200894522;1422,2624405179183
690781810 - HOSPICES CIVILS DE LYON;5-17;93;83;2016;37;6717;150074,08084197144;0,005508411493226143;826,6697917452648
690781810 - HOSPICES CIVILS DE LYON;5-17;84;03;2016;36;2613;47789,89096716718;0,013777267508610792;658,4141120620047
690781810 - HOSPICES CIVILS DE LYON;5-17;27;25;2016;29;3763;89330,16070400761;0,007706617060855700;688,4333405304865
690781810 - HOSPICES CIVILS DE LYON;5-17;27;21;2016;27;2848;83366,73751324730;0,009480337078651686;790,3447727730608
690781810 - HOSPICES CIVILS DE LYON;5-17;93;06;2016;17;6193;152323,73858582726;0,002745034716615534;418,1339505827650
690781810 - HOSPICES CIVILS DE LYON;5-17;93;13;2016;16;11520;317365,90230001992;0,001388888888888889;440,7859754166943
690781810 - HOSPICES CIVILS DE LYON;5-17;93;84;2016;14;3459;89142,01025285095;0,004047412546978896;360,7944907603103
690781810 - HOSPICES CIVILS DE LYON;5-17;44;68;2016;13;4563;120435,03797229924;0,002849002849002849;343,1197663028469
690781810 - HOSPICES CIVILS DE LYON;5-17;93;05;2016;11;883;21264,75360706516;0,012457531143827860;264,9063303258400
690781810 - HOSPICES CIVILS DE LYON;5-17;76;30;2016;11;4230;117617,92121054379;0,002600472813238771;305,8622064576789
690781810 - HOSPICES CIVILS DE LYON;5-17;84;69;2017;5510;9258;306571,46549348952;0,595160941888096762;182459,3621591193660
690781810 - HOSPICES CIVILS DE LYON;5-17;84;38;2017;964;7234;216664,87402915399;0,133259607409455361;28872,6760525441605
690781810 - HOSPICES CIVILS DE LYON;5-17;84;01;2017;860;4092;112855,32500972562;0,210166177908113400;23718,3723138719542
690781810 - HOSPICES CIVILS DE LYON;5-17;84;26;2017;339;3278;84238,46384127783;0,103416717510677242;8711,6654186068281
690781810 - HOSPICES CIVILS DE LYON;5-17;84;74;2017;302;5062;132624,54904688895;0,059660213354405377;7912,4088921691946
690781810 - HOSPICES CIVILS DE LYON;5-17;27;71;2017;274;3698;82156,34029611661;0,074094104921579237;6087,3004978734325
690781810 - HOSPICES CIVILS DE LYON;5-17;84;42;2017;238;4825;124585,51048765417;0,049326424870466325;6145,3578230179683
690781810 - HOSPICES CIVILS DE LYON;5-17;84;07;2017;185;2077;49465,13158195840;0,089070775156475684;4405,8976132221005
690781810 - HOSPICES CIVILS DE LYON;5-17;Others;Others;2017;171;NA;NA;NA;NA
690781810 - HOSPICES CIVILS DE LYON;5-17;84;73;2017;142;2999;68228,18192635987;0,047349116372124044;3230,5441258896640
690781810 - HOSPICES CIVILS DE LYON;5-17;27;39;2017;61;1854;41090,98481887457;0,032901833872707661;1351,9687561765638
690781810 - HOSPICES CIVILS DE LYON;5-17;84;63;2017;59;2502;97988,03931440078;0,023581135091926459;2310,6691924658858
690781810 - HOSPICES CIVILS DE LYON;5-17;84;43;2017;44;1570;35300,15852536671;0,028025477707006370;989,3038058064557
690781810 - HOSPICES CIVILS DE LYON;5-17;93;83;2017;37;6445;150389,91220394059;0,005740884406516680;863,3711018690151
690781810 - HOSPICES CIVILS DE LYON;5-17;27;21;2017;31;2693;82614,00834344035;0,011511325659116228;950,9967540462870
690781810 - HOSPICES CIVILS DE LYON;5-17;27;25;2017;31;3625;89540,45234902401;0,008551724137931035;765,7252476744122
690781810 - HOSPICES CIVILS DE LYON;5-17;84;03;2017;25;2736;47245,45205153436;0,009137426900584795;431,7018645059791
690781810 - HOSPICES CIVILS DE LYON;5-17;93;84;2017;20;3140;89452,94652966887;0,006369426751592357;569,7639906348336
690781810 - HOSPICES CIVILS DE LYON;5-17;93;13;2017;16;11449;316532,11413533491;0,001397501965237139;442,3542515647968
690781810 - HOSPICES CIVILS DE LYON;5-17;76;30;2017;14;4166;117006,59536831507;0,003360537686029765;393,2050732492585
690781810 - HOSPICES CIVILS DE LYON;5-17;84;69;2018;5371;9191;311933,96264699055;0,584376020019584330;182286,7276005860185
690781810 - HOSPICES CIVILS DE LYON;5-17;84;38;2018;926;7064;218329,41635179936;0,131087202718006807;28620,1924606124339
690781810 - HOSPICES CIVILS DE LYON;5-17;84;01;2018;749;3832;113297,43909652591;0,195459290187891432;22145,0370259128140
690781810 - HOSPICES CIVILS DE LYON;5-17;84;26;2018;327;3084;84833,30051134151;0,106031128404669259;8994,9705795099471
690781810 - HOSPICES CIVILS DE LYON;5-17;84;74;2018;319;5124;134797,28192900744;0,062256049960967993;8391,9463183749758
690781810 - HOSPICES CIVILS DE LYON;5-17;27;71;2018;264;3741;82142,96141018262;0,070569366479550921;5796,7767474707862
690781810 - HOSPICES CIVILS DE LYON;5-17;84;42;2018;255;4920;124665,66348097980;0,051829268292682924;6461,3301194410260
690781810 - HOSPICES CIVILS DE LYON;5-17;84;07;2018;204;1958;49673,36457431599;0,104187946884576096;5175,3658698470190
690781810 - HOSPICES CIVILS DE LYON;5-17;Others;Others;2018;197;NA;NA;NA;NA
690781810 - HOSPICES CIVILS DE LYON;5-17;84;73;2018;122;2924;68326,67547615342;0,041723666210670314;2850,8394008518185
690781810 - HOSPICES CIVILS DE LYON;5-17;84;63;2018;76;2781;99605,11996961360;0,027328299172959366;2722,0385176881100
690781810 - HOSPICES CIVILS DE LYON;5-17;27;39;2018;75;1865;40602,86457985544;0,040214477211796246;1632,8229723802456
690781810 - HOSPICES CIVILS DE LYON;5-17;84;43;2018;43;1485;35308,63625685318;0,028956228956228958;1022,4049555856478
690781810 - HOSPICES CIVILS DE LYON;5-17;93;83;2018;37;6434;151444,78243989573;0,005750699409387629;870,9134209319462
690781810 - HOSPICES CIVILS DE LYON;5-17;84;03;2018;30;2547;47532,56739092447;0,011778563015312132;559,8653402935745
690781810 - HOSPICES CIVILS DE LYON;5-17;93;13;2018;30;11489;318534,61570197158;0,002611193315345113;831,7554592270126
690781810 - HOSPICES CIVILS DE LYON;5-17;27;25;2018;29;3800;90237,66743060708;0,007631578947368421;688,6558830230540
690781810 - HOSPICES CIVILS DE LYON;5-17;27;21;2018;28;2641;82430,19204489775;0,010602044680045438;873,9285790447319
690781810 - HOSPICES CIVILS DE LYON;5-17;11;93;2018;14;9731;304341,51638040307;0,001438701058472922;437,8564617537399
690781810 - HOSPICES CIVILS DE LYON;5-17;76;30;2018;11;3963;116432,02417214192;0,002775674993691648;323,1774579595158
690781810 - HOSPICES CIVILS DE LYON;5-17;93;84;2018;11;3435;89208,33600485860;0,003202328966521106;285,6744384435065
690781810 - HOSPICES CIVILS DE LYON;5-17;84;69;2019;5661;9617;309784,83641417237;0,588645107621919572;182353,3283706592338
690781810 - HOSPICES CIVILS DE LYON;5-17;84;38;2019;920;7055;218012,82576906620;0,130403968816442228;28429,7377331737625
690781810 - HOSPICES CIVILS DE LYON;5-17;84;01;2019;770;3770;114354,07903676323;0,204244031830238731;23356,1381587023061
690781810 - HOSPICES CIVILS DE LYON;5-17;84;26;2019;337;3105;85346,34129585112;0,108534621578099844;9263,0328556205568
690781810 - HOSPICES CIVILS DE LYON;5-17;84;74;2019;278;4694;137117,85062719174;0,059224541968470386;8120,7418990965707
690781810 - HOSPICES CIVILS DE LYON;5-17;27;71;2019;277;3608;82009,60738183782;0,076773835920177377;6296,1921410113846
690781810 - HOSPICES CIVILS DE LYON;5-17;84;42;2019;249;4932;124453,20392794811;0,050486618004866181;6283,2213661920277
690781810 - HOSPICES CIVILS DE LYON;5-17;84;07;2019;211;1934;49957,53869152396;0,109100310237849024;5450,3829699646103
690781810 - HOSPICES CIVILS DE LYON;5-17;Others;Others;2019;164;NA;NA;NA;NA
690781810 - HOSPICES CIVILS DE LYON;5-17;84;73;2019;156;2923;68418,01836402445;0,053369825521724257;3651,4577026301108
690781810 - HOSPICES CIVILS DE LYON;5-17;27;39;2019;59;1769;40551,94853946349;0,033352176370830981;1352,4957398690481
690781810 - HOSPICES CIVILS DE LYON;5-17;84;63;2019;52;2516;98640,44274908962;0,020667726550079490;2038,6736975169554
690781810 - HOSPICES CIVILS DE LYON;5-17;84;43;2019;47;1403;35345,38143138192;0,033499643620812543;1184,0576815929794
690781810 - HOSPICES CIVILS DE LYON;5-17;27;25;2019;44;3391;89971,46771525058;0,012975523444411679;1167,4268886673624
690781810 - HOSPICES CIVILS DE LYON;5-17;27;21;2019;36;2755;80892,46845553021;0,013067150635208712;1057,0340705622823
690781810 - HOSPICES CIVILS DE LYON;5-17;84;03;2019;35;2590;47121,67312849851;0,013513513513513514;636,7793666013313
690781810 - HOSPICES CIVILS DE LYON;5-17;93;83;2019;19;6198;152379,24695947673;0,003065505001613424;467,1193436963630
690781810 - HOSPICES CIVILS DE LYON;5-17;76;30;2019;18;3902;116568,94585953650;0,004613018964633521;537,7347579373801
690781810 - HOSPICES CIVILS DE LYON;5-17;93;13;2019;16;11125;318117,49574582482;0,001438202247191011;457,5172972524222
690781810 - HOSPICES CIVILS DE LYON;5-17;44;68;2019;15;4361;120278,04701411820;0,003439578078422380;413,7057338252174
690781810 - HOSPICES CIVILS DE LYON;5-17;84;15;2019;13;836;18978,69666175559;0,015550239234449760;295,1232734483524
690781810 - HOSPICES CIVILS DE LYON;5-17;94;2A;2019;11;1018;21462,45065862930;0,010805500982318271;231,9125316747763
690781810 - HOSPICES CIVILS DE LYON;5-17;84;69;2020;4727;7717;311451,97684322216;0,612543734611895818;190777,9570478049864
690781810 - HOSPICES CIVILS DE LYON;5-17;84;38;2020;834;5948;217951,79924377179;0,140215198386012097;30560,1547695537447
690781810 - HOSPICES CIVILS DE LYON;5-17;84;01;2020;631;3001;115175,33182298766;0,210263245584805053;24217,1390804082657
690781810 - HOSPICES CIVILS DE LYON;5-17;84;26;2020;321;2555;84583,53980618878;0,125636007827788637;10626,7382691924049
690781810 - HOSPICES CIVILS DE LYON;5-17;84;74;2020;269;4017;137052,51691666109;0,066965397062484444;9177,7762137370755
690781810 - HOSPICES CIVILS DE LYON;5-17;84;42;2020;241;3810;125209,59599179601;0,063254593175853024;7920,0820561739747
690781810 - HOSPICES CIVILS DE LYON;5-17;27;71;2020;184;2831;81519,44437868451;0,064994701518897913;5298,3319553789997
690781810 - HOSPICES CIVILS DE LYON;5-17;84;07;2020;182;1506;49538,80862669565;0,120849933598937587;5986,7617331066458
690781810 - HOSPICES CIVILS DE LYON;5-17;Others;Others;2020;160;NA;NA;NA;NA
690781810 - HOSPICES CIVILS DE LYON;5-17;84;73;2020;71;2324;68542,65652071701;0,030550774526678141;2094,0312448239706
690781810 - HOSPICES CIVILS DE LYON;5-17;27;39;2020;63;1619;39703,94853913632;0,038912909203211860;1544,9961445124077
690781810 - HOSPICES CIVILS DE LYON;5-17;84;63;2020;52;2223;99447,95778519419;0,023391812865497075;2326,2680183671155
690781810 - HOSPICES CIVILS DE LYON;5-17;84;43;2020;42;1202;34715,13192859136;0,034941763727121461;1213,0079376046895
690781810 - HOSPICES CIVILS DE LYON;5-17;27;25;2020;33;2749;90012,07821978485;0,012004365223717716;1080,5378614961439
690781810 - HOSPICES CIVILS DE LYON;5-17;84;03;2020;32;2089;46800,88914852154;0,015318334131163236;716,9116576125846
690781810 - HOSPICES CIVILS DE LYON;5-17;27;21;2020;23;2269;80987,78553049780;0,010136624063464082;820,9427356551122
690781810 - HOSPICES CIVILS DE LYON;5-17;93;13;2020;12;9534;316875,49309225642;0,001258653241032096;398,8363663842120
690781810 - HOSPICES CIVILS DE LYON;5-17;84;69;2021;4847;8027;314941,39377545862;0,603837049956397198;190173,2821265289676
690781810 - HOSPICES CIVILS DE LYON;5-17;84;38;2021;802;6354;218775,73928172083;0,126219704123386844;27613,8090815140240
690781810 - HOSPICES CIVILS DE LYON;5-17;84;01;2021;695;3204;115001,50900186312;0,216916354556803997;24945,7081012156268
690781810 - HOSPICES CIVILS DE LYON;5-17;84;26;2021;339;2964;84026,83252702114;0,114372469635627527;9610,3563517746843
690781810 - HOSPICES CIVILS DE LYON;5-17;84;74;2021;294;4232;136817,13796197728;0,069470699432892247;9504,7822686250747
690781810 - HOSPICES CIVILS DE LYON;5-17;84;42;2021;221;4349;125777,92123999546;0,050816279604506784;6391,5660138052417
690781810 - HOSPICES CIVILS DE LYON;5-17;27;71;2021;213;3171;80142,27750858929;0,067171239356669826;5383,2561051181083
690781810 - HOSPICES CIVILS DE LYON;5-17;Others;Others;2021;196;NA;NA;NA;NA
690781810 - HOSPICES CIVILS DE LYON;5-17;84;07;2021;192;1703;49501,70677565438;0,112742219612448624;5580,9322964918620
690781810 - HOSPICES CIVILS DE LYON;5-17;84;73;2021;108;2730;68788,36982646972;0,039560439560439559;2721,2981469812194
690781810 - HOSPICES CIVILS DE LYON;5-17;84;63;2021;68;2322;99515,23710140685;0,029285099052540915;2914,3135757517944
690781810 - HOSPICES CIVILS DE LYON;5-17;27;39;2021;59;1543;39618,82122553272;0,038237200259235257;1514,9128012355352
690781810 - HOSPICES CIVILS DE LYON;5-17;84;43;2021;57;1277;34400,26201315783;0,044635865309318713;1535,4854618245859
690781810 - HOSPICES CIVILS DE LYON;5-17;84;03;2021;35;1958;46310,74957432682;0,017875383043922371;827,8223876922567
690781810 - HOSPICES CIVILS DE LYON;5-17;27;25;2021;32;3128;91143,21518848054;0,010230179028132993;932,4114085778060
690781810 - HOSPICES CIVILS DE LYON;5-17;27;21;2021;24;2592;80428,71859925511;0,009259259259259259;744,7103574005102
690781810 - HOSPICES CIVILS DE LYON;5-17;93;13;2021;20;10080;317508,48745764885;0,001984126984126984;629,9771576540652
690781810 - HOSPICES CIVILS DE LYON;5-17;93;05;2021;12;798;19867,99621011123;0,015037593984962405;298,7668603024245
690781810 - HOSPICES CIVILS DE LYON;5-17;93;83;2021;11;5145;150856,52397518224;0,002137998056365403;322,5309550489804
690781810 - HOSPICES CIVILS DE LYON;5-17;84;69;2022;4808;8298;317707,24205676268;0,579416726922149961;184084,8903119926690
690781810 - HOSPICES CIVILS DE LYON;5-17;84;38;2022;825;6278;217532,04212615147;0,131411277476903482;28586,1635479571487
690781810 - HOSPICES CIVILS DE LYON;5-17;84;01;2022;669;3340;116051,48165897661;0,200299401197604782;23245,0422843878296
690781810 - HOSPICES CIVILS DE LYON;5-17;84;26;2022;270;2884;83498,12049661648;0,093619972260748960;7817,0917247179086
690781810 - HOSPICES CIVILS DE LYON;5-17;84;74;2022;260;4497;137084,10191402919;0,057816321992439405;7925,6985763058910
690781810 - HOSPICES CIVILS DE LYON;5-17;84;07;2022;202;1784;49264,95331493773;0,113228699551569501;5578,2065973191820
690781810 - HOSPICES CIVILS DE LYON;5-17;27;71;2022;201;3315;79200,59479843194;0,060633484162895927;4802,2080104026600
690781810 - HOSPICES CIVILS DE LYON;5-17;84;42;2022;195;4786;126101,61390305667;0,040743836188884247;5137,8635000200693
690781810 - HOSPICES CIVILS DE LYON;5-17;Others;Others;2022;184;NA;NA;NA;NA
690781810 - HOSPICES CIVILS DE LYON;5-17;84;73;2022;116;2522;68807,58795682329;0,045995241871530534;3164,8216506706990
690781810 - HOSPICES CIVILS DE LYON;5-17;27;39;2022;57;1577;39275,69150505663;0,036144578313253010;1419,6033074116854
690781810 - HOSPICES CIVILS DE LYON;5-17;84;63;2022;48;2374;99114,66808146378;0,020219039595619208;2004,0033984457714
690781810 - HOSPICES CIVILS DE LYON;5-17;27;21;2022;42;2523;80232,05810179406;0,016646848989298454;1335,6109553211852
690781810 - HOSPICES CIVILS DE LYON;5-17;84;43;2022;40;1275;34106,44750929778;0,031372549019607843;1070,0061963701264
690781810 - HOSPICES CIVILS DE LYON;5-17;84;03;2022;29;1993;46165,80732279098;0,014550928248871048;671,7553499051372
690781810 - HOSPICES CIVILS DE LYON;5-17;27;25;2022;24;2989;90999,44397824952;0,008029441284710606;730,6746923646666
690781810 - HOSPICES CIVILS DE LYON;5-17;93;13;2022;19;10289;317720,32913325576;0,001846632325784819;586,7126303364622
690781810 - HOSPICES CIVILS DE LYON;5-17;93;83;2022;16;5374;152059,52682656361;0,002977298101972460;452,7265406075582
690781810 - HOSPICES CIVILS DE LYON;5-17;27;70;2022;11;1284;35995,60651995577;0,008566978193146417;308,3735761055401
690781810 - HOSPICES CIVILS DE LYON;5-17;84;69;2023;4788;8567;317653,82139263640;0,558888759192249340;177533,1500908069429
690781810 - HOSPICES CIVILS DE LYON;5-17;84;38;2023;834;6658;217438,32714462263;0,125262841694202459;27236,9427513690680
690781810 - HOSPICES CIVILS DE LYON;5-17;84;01;2023;628;3490;117076,15391192732;0,179942693409742116;21066,9984689657176
690781810 - HOSPICES CIVILS DE LYON;5-17;84;26;2023;308;3158;83177,82296280609;0,097530082330588977;8112,3399216416328
690781810 - HOSPICES CIVILS DE LYON;5-17;84;74;2023;251;4573;137805,78481441821;0,054887382462278589;7563,7988166234345
690781810 - HOSPICES CIVILS DE LYON;5-17;84;42;2023;207;5196;125797,76079010085;0,039838337182448037;5011,5736111529786
690781810 - HOSPICES CIVILS DE LYON;5-17;84;07;2023;196;1904;49267,21961397240;0,102941176470588230;5071,6255484971580
690781810 - HOSPICES CIVILS DE LYON;5-17;Others;Others;2023;179;NA;NA;NA;NA
690781810 - HOSPICES CIVILS DE LYON;5-17;27;71;2023;172;3212;78664,45389885294;0,053549190535491904;4212,4178302000946
690781810 - HOSPICES CIVILS DE LYON;5-17;84;73;2023;126;2591;68832,74330447025;0,048629872636047858;3347,3275400861639
690781810 - HOSPICES CIVILS DE LYON;5-17;84;63;2023;53;2658;98710,80182703426;0,019939804364183598;1968,2740770627599
690781810 - HOSPICES CIVILS DE LYON;5-17;27;39;2023;41;1551;38984,69180031876;0,026434558349451968;1030,5431101309280
690781810 - HOSPICES CIVILS DE LYON;5-17;84;43;2023;37;1333;33998,47388054879;0,027756939234808702;943,6935735786235
690781810 - HOSPICES CIVILS DE LYON;5-17;84;03;2023;36;2077;46027,67303981078;0,017332691381800675;797,7834518214676
690781810 - HOSPICES CIVILS DE LYON;5-17;27;25;2023;34;3023;91062,49194657296;0,011247105524313596;1024,1894562300631
690781810 - HOSPICES CIVILS DE LYON;5-17;27;21;2023;31;2613;79917,82235556775;0,011863758132414848;948,1257148957521
690781810 - HOSPICES CIVILS DE LYON;5-17;11;95;2023;12;7514;236268,71084592800;0,001597018898056960;377,3255962405025
690781810 - HOSPICES CIVILS DE LYON;5-17;84;69;2024;5094;9031;316494,23169348016;0,564057136529730885;178520,8300572016160
690781810 - HOSPICES CIVILS DE LYON;5-17;84;38;2024;805;7074;216960,04476795541;0,113797003109980213;24689,4028892004681
690781810 - HOSPICES CIVILS DE LYON;5-17;84;01;2024;639;3328;118346,37639010545;0,192007211538461536;22723,3577263453662
690781810 - HOSPICES CIVILS DE LYON;5-17;84;26;2024;287;3084;83067,69574569525;0,093060959792477305;7730,3594938438837
690781810 - HOSPICES CIVILS DE LYON;5-17;84;74;2024;257;4658;139284,71280209039;0,055173894375268352;7684,8800322321231
690781810 - HOSPICES CIVILS DE LYON;5-17;84;42;2024;237;5455;125621,21670676675;0,043446379468377636;5457,7870503214881
690781810 - HOSPICES CIVILS DE LYON;5-17;Others;Others;2024;195;NA;NA;NA;NA
690781810 - HOSPICES CIVILS DE LYON;5-17;27;71;2024;175;3433;78374,43158777853;0,050975822895426744;3995,2011441483378
690781810 - HOSPICES CIVILS DE LYON;5-17;84;07;2024;171;1961;49401,83883462134;0,087200407955124931;4307,8605001123142
690781810 - HOSPICES CIVILS DE LYON;5-17;84;73;2024;132;2733;69071,35053756287;0,048298572996706916;3336,0476659196120
690781810 - HOSPICES CIVILS DE LYON;5-17;84;63;2024;75;2563;98366,56730715925;0,029262582910651581;2878,4598314619366
690781810 - HOSPICES CIVILS DE LYON;5-17;84;43;2024;44;1401;34023,63816049643;0,031406138472519628;1068,5510914074537
690781810 - HOSPICES CIVILS DE LYON;5-17;27;39;2024;40;1654;38751,47263030679;0,024183796856106408;937,1577419663070
690781810 - HOSPICES CIVILS DE LYON;5-17;84;03;2024;33;2018;45940,91061192359;0,016352824578790882;751,2636522266989
690781810 - HOSPICES CIVILS DE LYON;5-17;27;25;2024;25;3109;91002,85735457714;0,008041170794467674;731,7695187727335
690781810 - HOSPICES CIVILS DE LYON;5-17;27;21;2024;23;2922;79411,27142028214;0,007871321013004791;625,0716093998935
690781810 - HOSPICES CIVILS DE LYON;5-17;27;70;2024;16;1381;35502,83395978165;0,011585807385952208;411,3289959134731
690781810 - HOSPICES CIVILS DE LYON;5-17;93;83;2024;13;5905;152562,41347067151;0,002201524132091448;335,8698349057967
690781810 - HOSPICES CIVILS DE LYON;5-17;11;95;2024;11;8347;235922,92073858072;0,001317838744459087;310,9083656552519
690781810 - HOSPICES CIVILS DE LYON;5-17;84;69;2025;4502;8339;314717,03461979941;0,539872886437222643;169907,1938911544275
690781810 - HOSPICES CIVILS DE LYON;5-17;84;38;2025;804;6727;215554,07499354149;0,119518358852385903;25762,6692871721934
690781810 - HOSPICES CIVILS DE LYON;5-17;84;01;2025;675;3195;119126,11244774480;0,211267605633802813;25167,4885452981980
690781810 - HOSPICES CIVILS DE LYON;5-17;84;26;2025;287;2959;82642,15674209420;0,096992227103751272;8015,6468350730102
690781810 - HOSPICES CIVILS DE LYON;5-17;84;74;2025;255;4344;139514,94766774503;0,058701657458563539;8189,7586683413865
690781810 - HOSPICES CIVILS DE LYON;5-17;84;42;2025;235;5312;125413,79712581760;0,044239457831325303;5548,2383894139939
690781810 - HOSPICES CIVILS DE LYON;5-17;Others;Others;2025;222;NA;NA;NA;NA
690781810 - HOSPICES CIVILS DE LYON;5-17;84;07;2025;179;1966;49816,88477436325;0,091047812817904375;4535,7184001073356
690781810 - HOSPICES CIVILS DE LYON;5-17;27;71;2025;162;3014;77758,87181624961;0,053749170537491703;4179,4748620545570
690781810 - HOSPICES CIVILS DE LYON;5-17;84;73;2025;98;2433;68754,26626883242;0,040279490341142622;2769,3868040877833
690781810 - HOSPICES CIVILS DE LYON;5-17;84;63;2025;45;2334;98185,57893176294;0,019280205655526992;1893,0381542113678
690781810 - HOSPICES CIVILS DE LYON;5-17;27;25;2025;33;2601;90320,22375424206;0,012687427912341407;1145,9313279084920
690781810 - HOSPICES CIVILS DE LYON;5-17;84;03;2025;32;1961;45674,87847511713;0,016318204997450281;745,3320301905907
690781810 - HOSPICES CIVILS DE LYON;5-17;27;39;2025;31;1444;38364,00899934240;0,021468144044321329;823,6040713155226
690781810 - HOSPICES CIVILS DE LYON;5-17;84;43;2025;23;1200;33799,69887651334;0,019166666666666665;647,8275617998390
690781810 - HOSPICES CIVILS DE LYON;5-17;27;21;2025;17;2824;78594,22925351401;0,006019830028328611;473,1239013136467
690781810 - HOSPICES CIVILS DE LYON;18-64;84;69;2016;49572;122511;1107289,10572910239;0,404633053358473938;448045,7718017408042
690781810 - HOSPICES CIVILS DE LYON;18-64;84;38;2016;6801;83040;742320,18890894484;0,081900289017341046;60796,2380150497847
690781810 - HOSPICES CIVILS DE LYON;18-64;84;01;2016;5544;43080;378299,81837594864;0,128690807799442891;48683,7092171833574
690781810 - HOSPICES CIVILS DE LYON;18-64;84;42;2016;2068;53982;429315,77449818945;0,038309065984957952;16446,6863336344686
690781810 - HOSPICES CIVILS DE LYON;18-64;84;26;2016;2010;35596;289253,03745712305;0,056467018766153503;16333,2566942582689
690781810 - HOSPICES CIVILS DE LYON;18-64;84;74;2016;1797;54534;490026,51113898982;0,032951919903179666;16147,3143454865713
690781810 - HOSPICES CIVILS DE LYON;18-64;27;71;2016;1763;43815;309887,26329470664;0,040237361634143556;12469,0458790041721
690781810 - HOSPICES CIVILS DE LYON;18-64;84;07;2016;1325;22753;182418,93247813571;0,058234079022546480;10622,9985291403264
690781810 - HOSPICES CIVILS DE LYON;18-64;84;73;2016;640;30832;254253,95924656824;0,020757654385054489;5277,7158120719923
690781810 - HOSPICES CIVILS DE LYON;18-64;93;83;2016;598;75874;589942,91915802856;0,007881487729657063;4649,6278785420709
690781810 - HOSPICES CIVILS DE LYON;18-64;27;39;2016;432;19292;147821,44124368089;0,022392701637984656;3310,1214294666256
690781810 - HOSPICES CIVILS DE LYON;18-64;84;43;2016;289;16277;128313,56264560510;0,017755114578853596;2278,2220067936273
690781810 - HOSPICES CIVILS DE LYON;18-64;84;63;2016;262;39899;384563,63774590835;0,006566580616055541;2525,2681292620864
690781810 - HOSPICES CIVILS DE LYON;18-64;93;13;2016;258;155859;1189589,09769998002;0,001655342328643197;1969,1771871152444
690781810 - HOSPICES CIVILS DE LYON;18-64;84;03;2016;183;24661;187922,10903283281;0,007420623656786018;1394,4992479221607
690781810 - HOSPICES CIVILS DE LYON;18-64;27;25;2016;174;35755;316485,83929599239;0,004866452244441337;1540,1632229758825
690781810 - HOSPICES CIVILS DE LYON;18-64;27;21;2016;164;36997;316801,26248675270;0,004432791847987675;1404,3140537834811
690781810 - HOSPICES CIVILS DE LYON;18-64;Others;Others;2016;162;NA;NA;NA;NA
690781810 - HOSPICES CIVILS DE LYON;18-64;93;84;2016;130;39103;320363,98974714905;0,003324553103342454;1065,0670963130547
690781810 - HOSPICES CIVILS DE LYON;18-64;93;06;2016;98;75180;617925,26141417271;0,001303538175046555;805,4891675789960
690781810 - HOSPICES CIVILS DE LYON;18-64;11;75;2016;96;138465;1450260,57279762183;0,000693316000433322;1005,4888599181864
690781810 - HOSPICES CIVILS DE LYON;18-64;76;30;2016;93;51751;423953,07878945622;0,001797066723348341;761,8719701536091
690781810 - HOSPICES CIVILS DE LYON;18-64;76;34;2016;86;79624;663639,47625544446;0,001080076358886768;716,7813091275021
690781810 - HOSPICES CIVILS DE LYON;18-64;27;58;2016;71;15892;113956,17879250171;0,004467656682607601;509,1170837067469
690781810 - HOSPICES CIVILS DE LYON;18-64;27;70;2016;49;18332;135619,59395413985;0,002672921667030329;362,5005511538759
690781810 - HOSPICES CIVILS DE LYON;18-64;93;05;2016;48;10633;80534,24639293485;0,004514248095551585;363,5515684059882
690781810 - HOSPICES CIVILS DE LYON;18-64;44;68;2016;48;52480;458625,96202770073;0,000914634146341463;419,4749652692385
690781810 - HOSPICES CIVILS DE LYON;18-64;84;15;2016;41;11147;81702,38712049263;0,003678119673454741;300,5111574360992
690781810 - HOSPICES CIVILS DE LYON;18-64;44;67;2016;40;81343;692135,94116472814;0,000491744833605842;340,3542732206720
690781810 - HOSPICES CIVILS DE LYON;18-64;11;92;2016;35;102595;1000556,90053286054;0,000341147229397144;341,3372144709793
690781810 - HOSPICES CIVILS DE LYON;18-64;76;66;2016;34;31385;261086,54622266820;0,001083320057352238;282,8402922278387
690781810 - HOSPICES CIVILS DE LYON;18-64;11;78;2016;34;89588;854985,46275670198;0,000379515113631290;324,4799050512107
690781810 - HOSPICES CIVILS DE LYON;18-64;11;77;2016;33;98315;852917,27760805713;0,000335655800233942;286,2866313488876
690781810 - HOSPICES CIVILS DE LYON;18-64;11;94;2016;33;92961;855757,27480542695;0,000354987575434860;303,7832001439215
690781810 - HOSPICES CIVILS DE LYON;18-64;44;54;2016;32;54214;441693,81970573281;0,000590253440070830;260,7112965393339
690781810 - HOSPICES CIVILS DE LYON;18-64;32;59;2016;32;219301;1560761,09948710143;0,000145918167267819;227,7433991800642
690781810 - HOSPICES CIVILS DE LYON;18-64;28;76;2016;29;93048;739964,32703400543;0,000311667096552317;230,6225333589777
690781810 - HOSPICES CIVILS DE LYON;18-64;27;89;2016;29;26689;191291,23348051557;0,001086589980891004;207,8551377322100
690781810 - HOSPICES CIVILS DE LYON;18-64;11;93;2016;29;123810;993939,80737221497;0,000234229868346660;232,8103902252987
690781810 - HOSPICES CIVILS DE LYON;18-64;76;31;2016;28;92509;839403,09992370883;0,000302673253413181;254,0648671790188
690781810 - HOSPICES CIVILS DE LYON;18-64;24;18;2016;27;20651;172507,60581547683;0,001307442738850419;225,5438166199154
690781810 - HOSPICES CIVILS DE LYON;18-64;75;19;2016;27;16918;134743,86342635425;0,001595933325452181;215,0422220422961
690781810 - HOSPICES CIVILS DE LYON;18-64;53;29;2016;27;63341;522577,76396663667;0,000426264189071849;222,7561867842186
690781810 - HOSPICES CIVILS DE LYON;18-64;44;57;2016;27;79448;638125,83562091528;0,000339844930017118;216,8638299487050
690781810 - HOSPICES CIVILS DE LYON;18-64;27;90;2016;26;9963;85670,78295649718;0,002609655726186892;223,5712493093372
690781810 - HOSPICES CIVILS DE LYON;18-64;94;2A;2016;23;12523;91415,79980119778;0,001836620618062765;167,8961427315778
690781810 - HOSPICES CIVILS DE LYON;18-64;75;33;2016;23;110854;947919,04836002248;0,000207480108972162;196,6743474505252
690781810 - HOSPICES CIVILS DE LYON;18-64;93;04;2016;22;12557;90348,74791581412;0,001752010830612407;158,2919848807765
690781810 - HOSPICES CIVILS DE LYON;18-64;76;11;2016;21;27101;204383,12236701584;0,000774879155750710;158,3722213094474
690781810 - HOSPICES CIVILS DE LYON;18-64;44;10;2016;20;22883;177558,88172240320;0,000874011274745444;155,1884645565732
690781810 - HOSPICES CIVILS DE LYON;18-64;75;23;2016;18;9775;65111,74204592771;0,001841432225063939;119,8988600334219
690781810 - HOSPICES CIVILS DE LYON;18-64;32;60;2016;18;62543;493626,92900319165;0,000287801992229346;142,0668135851726
690781810 - HOSPICES CIVILS DE LYON;18-64;11;91;2016;18;88213;779771,89512773324;0,000204051557026742;159,1136693265074
690781810 - HOSPICES CIVILS DE LYON;18-64;94;2B;2016;16;12688;104194,12555583622;0,001261034047919294;131,3923399190873
690781810 - HOSPICES CIVILS DE LYON;18-64;44;52;2016;16;14153;101816,40610293133;0,001130502366989331;115,1036880977108
690781810 - HOSPICES CIVILS DE LYON;18-64;11;95;2016;16;86076;746072,03654168081;0,000185882243598680;138,6815440386042
690781810 - HOSPICES CIVILS DE LYON;18-64;76;12;2016;15;17400;153552,68449079068;0,000862068965517241;132,3730038713713
690781810 - HOSPICES CIVILS DE LYON;18-64;52;72;2016;15;42079;322092,81081158551;0,000356472349628081;114,8171810683187
690781810 - HOSPICES CIVILS DE LYON;18-64;75;87;2016;15;26428;214255,06844396057;0,000567579839564099;121,6068573732181
690781810 - HOSPICES CIVILS DE LYON;18-64;52;44;2016;13;83966;819310,72748868109;0,000154824571850511;126,8494325959657
690781810 - HOSPICES CIVILS DE LYON;18-64;76;81;2016;13;26064;215203,40539504393;0,000498772252915899;107,3374873440597
690781810 - HOSPICES CIVILS DE LYON;18-64;53;35;2016;12;62639;627485,97789988795;0,000191573939558422;120,2099608039505
690781810 - HOSPICES CIVILS DE LYON;18-64;24;41;2016;12;22670;185783,03838664116;0,000529333921482135;98,3412642540668
690781810 - HOSPICES CIVILS DE LYON;18-64;44;51;2016;12;40971;341165,61819864408;0,000292890092992605;99,9240296400803
690781810 - HOSPICES CIVILS DE LYON;18-64;32;02;2016;11;43169;310359,48675142380;0,000254812481178624;79,0834708764544
690781810 - HOSPICES CIVILS DE LYON;18-64;75;40;2016;11;26811;229722,31485839307;0,000410279362948044;94,2503249950514
690781810 - HOSPICES CIVILS DE LYON;18-64;44;88;2016;11;30729;212514,09128011178;0,000357968043216506;76,0732534114755
690781810 - HOSPICES CIVILS DE LYON;18-64;84;69;2017;51040;121896;1108575,53450651048;0,418717595327164127;464180,0820470917388
690781810 - HOSPICES CIVILS DE LYON;18-64;84;38;2017;7112;81484;741676,12597084604;0,087280938589170881;64734,1884039155775
690781810 - HOSPICES CIVILS DE LYON;18-64;84;01;2017;5616;42359;379795,67499027436;0,132581033546589871;50353,7031267353086
690781810 - HOSPICES CIVILS DE LYON;18-64;84;26;2017;2116;34730;289413,53615872219;0,060927152317880796;17633,1426003989691
690781810 - HOSPICES CIVILS DE LYON;18-64;84;42;2017;2000;52849;427809,48951234581;0,037843667808283979;16189,8802063367639
690781810 - HOSPICES CIVILS DE LYON;18-64;84;74;2017;1726;54108;491324,45095311105;0,031899164633695569;15672,8395495133736
690781810 - HOSPICES CIVILS DE LYON;18-64;27;71;2017;1704;42425;305836,65970388340;0,040164997053624044;12283,9285358966954
690781810 - HOSPICES CIVILS DE LYON;18-64;84;07;2017;1383;22397;181780,86841804162;0,061749341429655755;11224,8489093249791
690781810 - HOSPICES CIVILS DE LYON;18-64;84;73;2017;654;30726;253544,81807364014;0,021284905291935170;5396,6774399583628
690781810 - HOSPICES CIVILS DE LYON;18-64;93;83;2017;612;73961;587202,08779605944;0,008274631224564297;4858,8807308066189
690781810 - HOSPICES CIVILS DE LYON;18-64;27;39;2017;453;18611;146445,01518112543;0,024340443823545214;3564,5366652544099
690781810 - HOSPICES CIVILS DE LYON;18-64;84;43;2017;289;16221;127686,84147463329;0,017816410825473153;2274,9212247191308
690781810 - HOSPICES CIVILS DE LYON;18-64;93;13;2017;257;150372;1185036,88586466503;0,001709094778283191;2025,3403537042730
690781810 - HOSPICES CIVILS DE LYON;18-64;84;63;2017;242;39826;384196,96068559919;0,006076432481293627;2334,5468911242656
690781810 - HOSPICES CIVILS DE LYON;18-64;84;03;2017;191;24666;185228,54794846562;0,007743452525743939;1434,3084674514284
690781810 - HOSPICES CIVILS DE LYON;18-64;27;21;2017;187;36131;315588,99165655964;0,005175610971188177;1633,3658476039041
690781810 - HOSPICES CIVILS DE LYON;18-64;Others;Others;2017;175;NA;NA;NA;NA
690781810 - HOSPICES CIVILS DE LYON;18-64;27;25;2017;153;34447;314883,54765097599;0,004441605945365344;1398,5886373443066
690781810 - HOSPICES CIVILS DE LYON;18-64;93;84;2017;136;37517;318096,05347033113;0,003625023322760349;1153,1056127079733
690781810 - HOSPICES CIVILS DE LYON;18-64;11;75;2017;100;134603;1446077,25666033546;0,000742925492002407;1074,3276573778708
690781810 - HOSPICES CIVILS DE LYON;18-64;76;30;2017;88;50115;423060,40463168494;0,001755961289035219;742,8776934568149
690781810 - HOSPICES CIVILS DE LYON;18-64;27;58;2017;78;15262;111842,25077919403;0,005110732538330494;571,5958302173459
690781810 - HOSPICES CIVILS DE LYON;18-64;93;06;2017;74;72295;615410,67463328678;0,001023583926965904;629,9244750378756
690781810 - HOSPICES CIVILS DE LYON;18-64;76;34;2017;65;78868;666553,46974530304;0,000824161890754171;549,3479679140424
690781810 - HOSPICES CIVILS DE LYON;18-64;27;70;2017;49;17752;134297,65227121903;0,002760252365930600;370,6954124205573
690781810 - HOSPICES CIVILS DE LYON;18-64;32;59;2017;48;212738;1553746,18990365905;0,000225629647735712;350,5712054986680
690781810 - HOSPICES CIVILS DE LYON;18-64;44;68;2017;48;50498;456409,57837479119;0,000950532694364133;433,8322262661883
690781810 - HOSPICES CIVILS DE LYON;18-64;84;15;2017;41;10845;80402,39369779629;0,003780544029506685;303,9647894522497
690781810 - HOSPICES CIVILS DE LYON;18-64;44;54;2017;41;52341;439471,48175473121;0,000783324735866720;344,2488823664809
690781810 - HOSPICES CIVILS DE LYON;18-64;44;57;2017;40;77795;632948,62058628339;0,000514171861944855;325,4443707622769
690781810 - HOSPICES CIVILS DE LYON;18-64;76;66;2017;39;30176;259750,14625506304;0,001292417815482503;335,7057165942292
690781810 - HOSPICES CIVILS DE LYON;18-64;11;78;2017;39;86579;854194,44237625576;0,000450455653218448;384,7767155161641
690781810 - HOSPICES CIVILS DE LYON;18-64;27;89;2017;38;25856;188340,40507563102;0,001469678217821782;276,7997908753860
690781810 - HOSPICES CIVILS DE LYON;18-64;93;05;2017;35;10097;80093,92651090414;0,003466376151332079;277,6356767239423
690781810 - HOSPICES CIVILS DE LYON;18-64;44;67;2017;34;78075;690157,14545870619;0,000435478706372078;300,5487408978035
690781810 - HOSPICES CIVILS DE LYON;18-64;11;94;2017;33;92684;858461,77067667455;0,000356048508912002;305,6540334073870
690781810 - HOSPICES CIVILS DE LYON;18-64;94;2A;2017;31;11947;92423,34735806311;0,002594793672051561;239,8195168745255
690781810 - HOSPICES CIVILS DE LYON;18-64;76;31;2017;30;90802;845025,89027208858;0,000330389198475804;279,1874265782985
690781810 - HOSPICES CIVILS DE LYON;18-64;11;77;2017;29;94855;851508,96360099770;0,000305729798112909;260,3316635330656
690781810 - HOSPICES CIVILS DE LYON;18-64;11;92;2017;29;100518;1002316,30721984489;0,000288505541296086;289,1738087643557
690781810 - HOSPICES CIVILS DE LYON;18-64;28;76;2017;27;91345;733681,42328199733;0,000295582681044392;216,8635221261583
690781810 - HOSPICES CIVILS DE LYON;18-64;24;18;2017;26;20208;169554,48619876883;0,001286619160728424;218,1520507307992
690781810 - HOSPICES CIVILS DE LYON;18-64;75;23;2017;25;9465;64151,86090299549;0,002641310089804543;169,4449574828196
690781810 - HOSPICES CIVILS DE LYON;18-64;11;93;2017;24;122758;1001933,46535618661;0,000195506606494078;195,8846117446397
690781810 - HOSPICES CIVILS DE LYON;18-64;76;11;2017;22;26639;204057,84520011899;0,000825856826457450;168,5225644507158
690781810 - HOSPICES CIVILS DE LYON;18-64;53;29;2017;22;61901;520706,35423236230;0,000355406213146799;185,0622735191996
690781810 - HOSPICES CIVILS DE LYON;18-64;75;33;2017;21;108878;952897,70091306441;0,000192876430500193;183,7915071839522
690781810 - HOSPICES CIVILS DE LYON;18-64;94;2B;2017;20;12074;104650,06547060574;0,001656451880072884;173,3477976985353
690781810 - HOSPICES CIVILS DE LYON;18-64;11;95;2017;19;84150;746409,82482894347;0,000225787284610814;168,5298475549605
690781810 - HOSPICES CIVILS DE LYON;18-64;93;04;2017;18;12292;90919,51336186183;0,001464367068011715;133,1395412067615
690781810 - HOSPICES CIVILS DE LYON;18-64;75;19;2017;18;16574;133630,64456852560;0,001086038373355858;145,1280078576964
690781810 - HOSPICES CIVILS DE LYON;18-64;44;52;2017;18;13769;99817,59829286711;0,001307284479628150;130,4899970420225
690781810 - HOSPICES CIVILS DE LYON;18-64;75;17;2017;17;40901;352942,12292729813;0,000415637759467984;146,6960731953759
690781810 - HOSPICES CIVILS DE LYON;18-64;24;45;2017;17;45395;389604,07261493400;0,000374490582663289;145,9030561615570
690781810 - HOSPICES CIVILS DE LYON;18-64;28;27;2017;16;43882;348754,79085562599;0,000364614192607447;127,1609464858032
690781810 - HOSPICES CIVILS DE LYON;18-64;52;44;2017;16;81689;824875,26484358904;0,000195864804318819;161,5640323360235
690781810 - HOSPICES CIVILS DE LYON;18-64;53;35;2017;15;62217;628555,38095150923;0,000241091663050292;151,5394621128090
690781810 - HOSPICES CIVILS DE LYON;18-64;75;64;2017;15;41971;387935,80627931992;0,000357389626170451;138,6442327842987
690781810 - HOSPICES CIVILS DE LYON;18-64;52;72;2017;15;41169;319174,17697887821;0,000364351818115572;116,2916916777958
690781810 - HOSPICES CIVILS DE LYON;18-64;75;24;2017;14;26492;225290,89152612188;0,000528461422316171;119,0575449707725
690781810 - HOSPICES CIVILS DE LYON;18-64;44;10;2017;13;21753;176854,36260326323;0,000597618719257114;105,6914776739954
690781810 - HOSPICES CIVILS DE LYON;18-64;32;62;2017;13;118418;858683,52727980050;0,000109780607677887;94,2667994277678
690781810 - HOSPICES CIVILS DE LYON;18-64;32;60;2017;12;60310;491492,49716011807;0,000198971978113082;97,7932343876872
690781810 - HOSPICES CIVILS DE LYON;18-64;24;41;2017;11;21733;183771,72940799562;0,000506142732250495;93,0147252329615
690781810 - HOSPICES CIVILS DE LYON;18-64;44;51;2017;11;39788;337117,23099384428;0,000276465265909319;93,2012049093266
690781810 - HOSPICES CIVILS DE LYON;18-64;11;91;2017;11;86512;782199,08729719219;0,000127149990752728;99,4566067166302
690781810 - HOSPICES CIVILS DE LYON;18-64;84;69;2018;51540;120835;1115025,03735300945;0,426532047833822980;475593,9125681640580
690781810 - HOSPICES CIVILS DE LYON;18-64;84;38;2018;6962;80434;741262,58364820061;0,086555436755600859;64160,3066782551177
690781810 - HOSPICES CIVILS DE LYON;18-64;84;01;2018;5528;41707;380837,56090347411;0,132543697700625795;50477,6185454337392
690781810 - HOSPICES CIVILS DE LYON;18-64;84;26;2018;2253;34431;290373,69948865846;0,065435218262612185;19000,6664037625269
690781810 - HOSPICES CIVILS DE LYON;18-64;84;42;2018;2181;52667;426421,33651902020;0,041411130309301838;17658,5895332557957
690781810 - HOSPICES CIVILS DE LYON;18-64;27;71;2018;1647;41308;303103,03858981736;0,039871211387624672;12085,0853238459658
690781810 - HOSPICES CIVILS DE LYON;18-64;84;74;2018;1601;53749;494970,71807099256;0,029786600680942903;14743,4951279402248
690781810 - HOSPICES CIVILS DE LYON;18-64;84;07;2018;1337;21842;181188,63542568401;0,061212343192015385;11090,9809341699256
690781810 - HOSPICES CIVILS DE LYON;18-64;84;73;2018;681;30541;254011,32452384656;0,022297894633443567;5663,9177499341704
690781810 - HOSPICES CIVILS DE LYON;18-64;93;83;2018;576;72585;589025,21756010433;0,007935523868567886;4674,2236731366002
690781810 - HOSPICES CIVILS DE LYON;18-64;27;39;2018;485;18397;145695,13542014456;0,026362993966407566;3840,9599760162046
690781810 - HOSPICES CIVILS DE LYON;18-64;84;43;2018;281;15774;127053,36374314682;0,017814124508685178;2263,3444409676845
690781810 - HOSPICES CIVILS DE LYON;18-64;84;63;2018;262;40002;385172,88003038638;0,006549672516374182;2522,7562263877116
690781810 - HOSPICES CIVILS DE LYON;18-64;93;13;2018;231;149531;1185478,38429802842;0,001544830168995058;1831,3627727551113
690781810 - HOSPICES CIVILS DE LYON;18-64;Others;Others;2018;188;NA;NA;NA;NA
690781810 - HOSPICES CIVILS DE LYON;18-64;27;21;2018;184;34501;313288,80795510224;0,005333178748442074;1670,8252127109015
690781810 - HOSPICES CIVILS DE LYON;18-64;84;03;2018;178;23566;182742,43260907553;0,007553254688958669;1380,3001359762134
690781810 - HOSPICES CIVILS DE LYON;18-64;27;25;2018;164;34212;314989,33256939292;0,004793639658599321;1509,9453566403729
690781810 - HOSPICES CIVILS DE LYON;18-64;93;84;2018;127;37173;316331,66399514140;0,003416458182013827;1080,7339016862497
690781810 - HOSPICES CIVILS DE LYON;18-64;93;06;2018;102;70125;614104,32619499764;0,001454545454545454;893,2426562836329
690781810 - HOSPICES CIVILS DE LYON;18-64;76;30;2018;97;49028;420762,97582785808;0,001978461287427593;832,4632588582491
690781810 - HOSPICES CIVILS DE LYON;18-64;11;75;2018;97;132152;1435398,30400874838;0,000734003268963012;1053,5870474063852
690781810 - HOSPICES CIVILS DE LYON;18-64;76;34;2018;82;78059;671570,55080329569;0,001050487451799280;705,4764366167930
690781810 - HOSPICES CIVILS DE LYON;18-64;27;58;2018;77;15126;110090,52481597698;0,005090572524130636;560,4238007953344
690781810 - HOSPICES CIVILS DE LYON;18-64;27;70;2018;59;16806;133451,12471490720;0,003510650957991193;468,5003188253912
690781810 - HOSPICES CIVILS DE LYON;18-64;93;05;2018;51;9914;79498,80433129532;0,005144240468025015;408,9609664006517
690781810 - HOSPICES CIVILS DE LYON;18-64;11;92;2018;50;97711;1007987,81253194623;0,000511713113160238;515,8005815783004
690781810 - HOSPICES CIVILS DE LYON;18-64;84;15;2018;43;10744;79848,41011035086;0,004002233804914370;319,5720062123126
690781810 - HOSPICES CIVILS DE LYON;18-64;44;68;2018;40;48816;453960,71753240703;0,000819403474270731;371,9769891284882
690781810 - HOSPICES CIVILS DE LYON;18-64;32;59;2018;36;208166;1547960,40706491284;0,000172938904528117;267,7025770507041
690781810 - HOSPICES CIVILS DE LYON;18-64;27;89;2018;35;25252;186715,41887401126;0,001386028829399651;258,7929534528114
690781810 - HOSPICES CIVILS DE LYON;18-64;11;78;2018;33;84920;853680,13557524909;0,000388601036269430;331,7409853271693
690781810 - HOSPICES CIVILS DE LYON;18-64;11;94;2018;33;92169;863497,25222245220;0,000358037952022914;309,1647877631408
690781810 - HOSPICES CIVILS DE LYON;18-64;27;90;2018;32;9552;83143,50198035309;0,003350083752093802;278,5376950765598
690781810 - HOSPICES CIVILS DE LYON;18-64;24;18;2018;29;19391;168311,64344907258;0,001495539167655098;251,7166551504876
690781810 - HOSPICES CIVILS DE LYON;18-64;76;31;2018;29;90690;854323,95255335874;0,000319770647259896;273,1877232776205
690781810 - HOSPICES CIVILS DE LYON;18-64;76;66;2018;28;29495;259057,92905728144;0,000949313442956433;245,9271745585313
690781810 - HOSPICES CIVILS DE LYON;18-64;44;67;2018;28;77083;691912,40595677111;0,000363244814031628;251,3335932279438
690781810 - HOSPICES CIVILS DE LYON;18-64;11;77;2018;28;92706;852833,30646675301;0,000302030073565896;257,5813062916002
690781810 - HOSPICES CIVILS DE LYON;18-64;44;57;2018;25;75979;629429,73433053493;0,000329038286895063;207,1064815049339
690781810 - HOSPICES CIVILS DE LYON;18-64;11;91;2018;25;85755;780017,64287498419;0,000291528190776048;227,3971322007417
690781810 - HOSPICES CIVILS DE LYON;18-64;11;95;2018;25;82473;748510,05831579596;0,000303129509051447;226,8954864973373
690781810 - HOSPICES CIVILS DE LYON;18-64;94;2A;2018;22;11732;91537,92134863429;0,001875213092396863;171,6531085637534
690781810 - HOSPICES CIVILS DE LYON;18-64;11;93;2018;22;120422;1004051,48361959693;0,000182690870438956;183,4310395079897
690781810 - HOSPICES CIVILS DE LYON;18-64;93;04;2018;21;12074;90352,77722022383;0,001739274474076528;157,1482790810585
690781810 - HOSPICES CIVILS DE LYON;18-64;75;33;2018;20;105542;960219,83876753296;0,000189498019745694;181,9597579669767
690781810 - HOSPICES CIVILS DE LYON;18-64;75;19;2018;19;16205;131699,26064040061;0,001172477630361000;154,4144370359526
690781810 - HOSPICES CIVILS DE LYON;18-64;44;54;2018;19;51292;437914,86559936590;0,000370428136941433;162,2159878029313
690781810 - HOSPICES CIVILS DE LYON;18-64;32;62;2018;19;117441;853606,06743851339;0,000161783363561278;138,0992607465174
690781810 - HOSPICES CIVILS DE LYON;18-64;76;81;2018;19;25378;214598,64702856392;0,000748679959019623;160,6657062630119
690781810 - HOSPICES CIVILS DE LYON;18-64;76;11;2018;18;26076;204321,27991869094;0,000690289921767142;141,0409203304355
690781810 - HOSPICES CIVILS DE LYON;18-64;28;76;2018;18;90145;730605,46234433516;0,000199678296078540;145,8860538265909
690781810 - HOSPICES CIVILS DE LYON;18-64;75;16;2018;16;21828;197794,49807504140;0,000733003481766538;144,9840557632702
690781810 - HOSPICES CIVILS DE LYON;18-64;75;23;2018;16;9255;63128,54906567118;0,001728795245813074;109,1363354998097
690781810 - HOSPICES CIVILS DE LYON;18-64;94;2B;2018;16;11592;105985,70854490252;0,001380262249827467;146,2880725257454
690781810 - HOSPICES CIVILS DE LYON;18-64;32;60;2018;15;58169;490419,18811516213;0,000257869311832763;126,4640585488393
690781810 - HOSPICES CIVILS DE LYON;18-64;75;17;2018;13;39264;351836,16578488710;0,000331092094539527;116,4901730644746
690781810 - HOSPICES CIVILS DE LYON;18-64;53;35;2018;13;62624;632450,96072303911;0,000207588145120082;131,2893218159094
690781810 - HOSPICES CIVILS DE LYON;18-64;75;40;2018;13;24948;229745,68484487277;0,000521083854417188;119,7167669946828
690781810 - HOSPICES CIVILS DE LYON;18-64;44;52;2018;13;13399;98321,68785254187;0,000970221658332711;95,3938310383644
690781810 - HOSPICES CIVILS DE LYON;18-64;28;14;2018;12;45058;399419,21379000554;0,000266323405388610;106,3746851941956
690781810 - HOSPICES CIVILS DE LYON;18-64;53;56;2018;12;47499;419863,21467656922;0,000252636897618897;106,0729399801855
690781810 - HOSPICES CIVILS DE LYON;18-64;44;88;2018;12;28339;206879,40585706107;0,000423444722820142;87,6019926703388
690781810 - HOSPICES CIVILS DE LYON;18-64;44;10;2018;11;20955;175635,96632392582;0,000524934383202100;92,1973576503548
690781810 - HOSPICES CIVILS DE LYON;18-64;28;27;2018;11;42346;346128,18344742083;0,000259764794785812;89,9119165428052
690781810 - HOSPICES CIVILS DE LYON;18-64;52;44;2018;11;80655;832321,90100198565;0,000136383361229930;113,5148584839358
690781810 - HOSPICES CIVILS DE LYON;18-64;52;72;2018;11;39826;317583,21929999493;0,000276201476422438;87,7169540576494
690781810 - HOSPICES CIVILS DE LYON;18-64;84;69;2019;51593;119286;1127688,16358582769;0,432515131700283328;487742,1945901748841
690781810 - HOSPICES CIVILS DE LYON;18-64;84;38;2019;6938;77786;745539,17423093377;0,089193428123312685;66497,1947498806840
690781810 - HOSPICES CIVILS DE LYON;18-64;84;01;2019;5814;41023;381816,92096323677;0,141725373570923630;54113,1457592145525
690781810 - HOSPICES CIVILS DE LYON;18-64;84;26;2019;2312;33413;289974,65870414890;0,069194624846616593;20064,6877240592694
690781810 - HOSPICES CIVILS DE LYON;18-64;84;42;2019;2188;52246;426658,79607205186;0,041878804118975613;17867,9601463394210
690781810 - HOSPICES CIVILS DE LYON;18-64;27;71;2019;1599;39447;300974,39261816215;0,040535401931705836;12200,1179759282404
690781810 - HOSPICES CIVILS DE LYON;18-64;84;74;2019;1535;52647;498377,14937280829;0,029156457158052689;14530,9120042407103
690781810 - HOSPICES CIVILS DE LYON;18-64;84;07;2019;1482;21634;180807,46130847605;0,068503281871128779;12385,9044864177449
690781810 - HOSPICES CIVILS DE LYON;18-64;84;73;2019;672;29588;254865,98163597554;0,022711910233878599;5788,4932965856278
690781810 - HOSPICES CIVILS DE LYON;18-64;93;83;2019;530;71366;591330,75304052327;0,007426505618922176;4391,5211600969278
690781810 - HOSPICES CIVILS DE LYON;18-64;27;39;2019;464;17294;144812,05146053652;0,026830114490574767;3885,3239203011995
690781810 - HOSPICES CIVILS DE LYON;18-64;84;43;2019;286;15533;126303,61856861808;0,018412412283525397;2325,5542979865299
690781810 - HOSPICES CIVILS DE LYON;18-64;84;63;2019;259;38804;386460,55725091038;0,006674569631996701;2579,4578993914492
690781810 - HOSPICES CIVILS DE LYON;18-64;93;13;2019;241;148532;1188250,50425417512;0,001622545983357122;1927,9910828996863
690781810 - HOSPICES CIVILS DE LYON;18-64;84;03;2019;191;23131;181472,32687150149;0,008257317020448749;1498,4745334164882
690781810 - HOSPICES CIVILS DE LYON;18-64;27;21;2019;188;32615;314190,53154446982;0,005764218917675916;1811,0630056832845
690781810 - HOSPICES CIVILS DE LYON;18-64;Others;Others;2019;182;NA;NA;NA;NA
690781810 - HOSPICES CIVILS DE LYON;18-64;27;25;2019;178;33428;316404,53228474944;0,005324877348330741;1684,8153268722449
690781810 - HOSPICES CIVILS DE LYON;18-64;93;84;2019;128;36615;315737,46515284019;0,003495835040284037;1103,7660942117586
690781810 - HOSPICES CIVILS DE LYON;18-64;11;75;2019;109;126624;1427778,79790366394;0,000860816274955775;1229,0552262722656
690781810 - HOSPICES CIVILS DE LYON;18-64;76;30;2019;108;47497;420606,05414046347;0,002273827820704466;956,3857474613146
690781810 - HOSPICES CIVILS DE LYON;18-64;93;06;2019;100;68071;617843,41145874013;0,001469054369702223;907,6455633951905
690781810 - HOSPICES CIVILS DE LYON;18-64;76;34;2019;92;76798;680535,96716397058;0,001197947863225605;815,2466077122490
690781810 - HOSPICES CIVILS DE LYON;18-64;27;58;2019;65;14417;108300,68473943630;0,004508566275924256;488,2808148757272
690781810 - HOSPICES CIVILS DE LYON;18-64;27;70;2019;61;15977;132187,43002611064;0,003817988358265006;504,6900689486605
690781810 - HOSPICES CIVILS DE LYON;18-64;44;68;2019;57;46694;452943,95298588177;0,001220713582044802;552,9148353149283
690781810 - HOSPICES CIVILS DE LYON;18-64;93;05;2019;46;9608;79205,42662336933;0,004787676935886761;379,2099942417765
690781810 - HOSPICES CIVILS DE LYON;18-64;11;92;2019;43;93346;1007943,91159534373;0,000460651768688535;464,3111456152356
690781810 - HOSPICES CIVILS DE LYON;18-64;84;15;2019;39;9828;79270,30333824441;0,003968253968253968;314,5646957866842
690781810 - HOSPICES CIVILS DE LYON;18-64;75;33;2019;35;104191;973567,87221755786;0,000335921528730888;327,0424079586003
690781810 - HOSPICES CIVILS DE LYON;18-64;32;59;2019;35;204431;1548832,44021362578;0,000171206910889249;265,1708175740318
690781810 - HOSPICES CIVILS DE LYON;18-64;76;66;2019;33;29138;259838,19418355290;0,001132541698126158;294,2775896786755
690781810 - HOSPICES CIVILS DE LYON;18-64;27;89;2019;33;24179;184622,71419493033;0,001364820712188262;251,9769042736548
690781810 - HOSPICES CIVILS DE LYON;18-64;94;2A;2019;32;11414;90960,54934137070;0,002803574557560890;255,0146818752289
690781810 - HOSPICES CIVILS DE LYON;18-64;76;31;2019;32;90031;868533,53498214169;0,000355433128589042;308,7055916232024
690781810 - HOSPICES CIVILS DE LYON;18-64;27;90;2019;32;8944;82637,26151880827;0,003577817531305903;295,6610430011029
690781810 - HOSPICES CIVILS DE LYON;18-64;11;93;2019;32;117530;1006965,69191343698;0,000272270909555007;274,1674648279587
690781810 - HOSPICES CIVILS DE LYON;18-64;11;78;2019;28;85046;856503,34187245579;0,000329233591232980;281,9896711477173
690781810 - HOSPICES CIVILS DE LYON;18-64;11;91;2019;28;84103;781148,05617542157;0,000332925103741840;260,0637976399391
690781810 - HOSPICES CIVILS DE LYON;18-64;11;77;2019;27;89786;856044,79985603597;0,000300715033524157;257,4255406868885
690781810 - HOSPICES CIVILS DE LYON;18-64;52;44;2019;26;79496;841133,26598269190;0,000327060481030492;275,1014505830481
690781810 - HOSPICES CIVILS DE LYON;18-64;11;94;2019;26;90362;867789,41374469956;0,000287731568579713;249,6904092136317
690781810 - HOSPICES CIVILS DE LYON;18-64;75;19;2019;25;15756;130711,77866437788;0,001586697131251587;207,4000042275607
690781810 - HOSPICES CIVILS DE LYON;18-64;93;04;2019;23;12041;89836,77713616329;0,001910140353791213;171,6008532623333
690781810 - HOSPICES CIVILS DE LYON;18-64;76;11;2019;23;25899;203415,70639816663;0,000888065176261632;180,6464051568722
690781810 - HOSPICES CIVILS DE LYON;18-64;24;18;2019;23;18647;166814,61617462317;0,001233442376789832;205,7562166577108
690781810 - HOSPICES CIVILS DE LYON;18-64;94;2B;2019;23;11478;106420,62745197352;0,002003833420456526;213,2492099142177
690781810 - HOSPICES CIVILS DE LYON;18-64;44;54;2019;23;50427;438500,18356863677;0,000456104864457533;200,0020667911763
690781810 - HOSPICES CIVILS DE LYON;18-64;44;67;2019;23;75036;695200,22170414019;0,000306519537288768;213,0924502798020
690781810 - HOSPICES CIVILS DE LYON;18-64;44;57;2019;22;72951;627702,26791759871;0,000301572288248276;189,2976092745428
690781810 - HOSPICES CIVILS DE LYON;18-64;44;10;2019;20;21573;175145,47376772884;0,000927084781903305;162,3747033493059
690781810 - HOSPICES CIVILS DE LYON;18-64;11;95;2019;20;80575;752592,33358641400;0,000248215947874651;186,8054194443473
690781810 - HOSPICES CIVILS DE LYON;18-64;44;52;2019;19;12972;96801,11667026368;0,001464693185322233;141,7839359185176
690781810 - HOSPICES CIVILS DE LYON;18-64;53;29;2019;18;56624;519882,73199657182;0,000317886408589997;165,2636545623462
690781810 - HOSPICES CIVILS DE LYON;18-64;53;56;2019;18;47171;420022,37154402072;0,000381590383922325;160,2764980134484
690781810 - HOSPICES CIVILS DE LYON;18-64;28;14;2019;17;43526;399296,01602242544;0,000390571152874144;155,9535053159315
690781810 - HOSPICES CIVILS DE LYON;18-64;75;64;2019;15;39129;388269,81440588634;0,000383347389404278;148,8422197369801
690781810 - HOSPICES CIVILS DE LYON;18-64;76;81;2019;15;24996;214603,29733816208;0,000600096015362458;128,7825836162758
690781810 - HOSPICES CIVILS DE LYON;18-64;76;12;2019;14;15637;151429,99678788008;0,000895312400076741;135,5771538677701
690781810 - HOSPICES CIVILS DE LYON;18-64;75;16;2019;14;21571;196914,95331472863;0,000649019516944045;127,8016478793844
690781810 - HOSPICES CIVILS DE LYON;18-64;76;48;2019;14;4851;42779,07850457029;0,002886002886002886;123,4605440247339
690781810 - HOSPICES CIVILS DE LYON;18-64;44;55;2019;14;14248;104344,04230871431;0,000982594048287479;102,5278349467996
690781810 - HOSPICES CIVILS DE LYON;18-64;53;35;2019;13;61169;639960,68844557495;0,000212525952688453;136,0082549950543
690781810 - HOSPICES CIVILS DE LYON;18-64;28;76;2019;13;87647;728721,06375137379;0,000148322247196139;108,0855457547647
690781810 - HOSPICES CIVILS DE LYON;18-64;75;23;2019;12;8554;62206,27580493245;0,001402852466682254;87,2662274560661
690781810 - HOSPICES CIVILS DE LYON;18-64;24;45;2019;12;42838;388459,48345648457;0,000280125122554741;108,8172604107992
690781810 - HOSPICES CIVILS DE LYON;18-64;32;80;2019;11;42328;333678,95663962455;0,000259875259875260;86,7149055716280
690781810 - HOSPICES CIVILS DE LYON;18-64;84;69;2020;42912;101930;1131919,02315677796;0,420994800353183540;476532,0231698582647
690781810 - HOSPICES CIVILS DE LYON;18-64;84;38;2020;5886;69077;747062,20075622818;0,085209259232450749;63656,6167270026126
690781810 - HOSPICES CIVILS DE LYON;18-64;84;01;2020;4632;35526;384398,66817701235;0,130383381185610547;50119,1980801644240
690781810 - HOSPICES CIVILS DE LYON;18-64;84;26;2020;1898;28384;290080,46019381122;0,066868658399098085;19397,2912009531319
690781810 - HOSPICES CIVILS DE LYON;18-64;84;42;2020;1666;43632;426268,40400820400;0,038182984965163182;16276,2000613693581
690781810 - HOSPICES CIVILS DE LYON;18-64;27;71;2020;1282;33280;299139,55562131549;0,038521634615384617;11523,3446606528396
690781810 - HOSPICES CIVILS DE LYON;18-64;84;74;2020;1272;45847;503519,48308333894;0,027744454380875520;13969,8733282877201
690781810 - HOSPICES CIVILS DE LYON;18-64;84;07;2020;1153;18027;180601,19137330435;0,063959616131358518;11551,1828731025635
690781810 - HOSPICES CIVILS DE LYON;18-64;84;73;2020;571;24691;256466,34347928301;0,023125835324612206;5930,9984256073303
690781810 - HOSPICES CIVILS DE LYON;18-64;93;83;2020;416;62469;594187,33916787966;0,006659303014295090;3956,8735387766401
690781810 - HOSPICES CIVILS DE LYON;18-64;27;39;2020;314;14610;144127,05146086367;0,021492128678986994;3097,5971361198626
690781810 - HOSPICES CIVILS DE LYON;18-64;Others;Others;2020;264;NA;NA;NA;NA
690781810 - HOSPICES CIVILS DE LYON;18-64;84;43;2020;211;13195;125827,86807140865;0,015990905646078059;2012,1015659770537
690781810 - HOSPICES CIVILS DE LYON;18-64;84;63;2020;204;34201;383569,04221480578;0,005964737873161603;2287,8887930709739
690781810 - HOSPICES CIVILS DE LYON;18-64;93;13;2020;192;131104;1188941,50690774363;0,001464486209421528;1741,1884406752408
690781810 - HOSPICES CIVILS DE LYON;18-64;27;21;2020;156;28876;313425,21446950221;0,005402410306136584;1693,2516088531079
690781810 - HOSPICES CIVILS DE LYON;18-64;84;03;2020;149;19757;180303,11085147847;0,007541630814394898;1359,7794967287693
690781810 - HOSPICES CIVILS DE LYON;18-64;27;25;2020;104;29042;316176,92178021517;0,003581020590868397;1132,2360672523373
690781810 - HOSPICES CIVILS DE LYON;18-64;93;06;2020;100;61294;617805,42588980962;0,001631481058504911;1007,9378501807838
690781810 - HOSPICES CIVILS DE LYON;18-64;93;84;2020;78;32885;315319,62413084490;0,002371902083016573;747,9072732919537
690781810 - HOSPICES CIVILS DE LYON;18-64;76;30;2020;74;40500;420168,28024146252;0,001827160493827161;767,7148824164994
690781810 - HOSPICES CIVILS DE LYON;18-64;76;34;2020;70;66543;687013,35399727209;0,001051951369790962;722,7046388021135
690781810 - HOSPICES CIVILS DE LYON;18-64;11;75;2020;70;114911;1411670,85534386896;0,000609167094534031;859,9434333881945
690781810 - HOSPICES CIVILS DE LYON;18-64;27;58;2020;55;12300;106773,32637651908;0,004471544715447155;477,4417033096382
690781810 - HOSPICES CIVILS DE LYON;18-64;93;05;2020;42;8791;78369,65510269561;0,004777613468319872;374,4199197262218
690781810 - HOSPICES CIVILS DE LYON;18-64;11;93;2020;35;105612;1014171,44798132638;0,000331401734651365;336,0981770948986
690781810 - HOSPICES CIVILS DE LYON;18-64;27;70;2020;34;13529;131360,49816701788;0,002513119964520659;330,1246904929121
690781810 - HOSPICES CIVILS DE LYON;18-64;32;59;2020;32;174263;1542811,18182858452;0,000183630489547408;283,3071725983984
690781810 - HOSPICES CIVILS DE LYON;18-64;44;68;2020;28;40151;452006,43921841291;0,000697367437921845;315,2145724419208
690781810 - HOSPICES CIVILS DE LYON;18-64;28;76;2020;28;76295;724729,81762494880;0,000366996526640016;265,9733258208083
690781810 - HOSPICES CIVILS DE LYON;18-64;11;78;2020;26;73859;856980,30171296885;0,000352022096156190;301,6760021735630
690781810 - HOSPICES CIVILS DE LYON;18-64;11;92;2020;26;83906;1011740,74240026041;0,000309870569446762;313,5086799800583
690781810 - HOSPICES CIVILS DE LYON;18-64;11;77;2020;25;78227;859577,71031553217;0,000319582752757999;274,7062108720557
690781810 - HOSPICES CIVILS DE LYON;18-64;84;15;2020;23;8239;78760,68553406280;0,002791600922442044;219,8684023890574
690781810 - HOSPICES CIVILS DE LYON;18-64;52;44;2020;23;73425;849765,71674773504;0,000313244807626830;266,1846984705197
690781810 - HOSPICES CIVILS DE LYON;18-64;75;19;2020;22;13849;129886,44683653838;0,001588562351072279;206,3327193590760
690781810 - HOSPICES CIVILS DE LYON;18-64;44;57;2020;22;61293;625990,87693603674;0,000358931688773596;224,6879626155158
690781810 - HOSPICES CIVILS DE LYON;18-64;76;66;2020;22;25751;261240,65541432126;0,000854335753951303;223,1872323061267
690781810 - HOSPICES CIVILS DE LYON;18-64;44;67;2020;20;64839;696818,15115539578;0,000308456330295038;214,9379697883668
690781810 - HOSPICES CIVILS DE LYON;18-64;27;89;2020;20;20715;183177,64448623275;0,000965483948829351;176,8550755358270
690781810 - HOSPICES CIVILS DE LYON;18-64;76;31;2020;19;81563;877118,76025017805;0,000232948763532484;204,3237306714243
690781810 - HOSPICES CIVILS DE LYON;18-64;75;33;2020;19;95179;979400,46810461546;0,000199623866609231;195,5117084019342
690781810 - HOSPICES CIVILS DE LYON;18-64;11;95;2020;19;71689;752669,71783194307;0,000265033687176554;199,4828305431366
690781810 - HOSPICES CIVILS DE LYON;18-64;94;2A;2020;17;9418;91928,60501223692;0,001805054151624549;165,9361101303916
690781810 - HOSPICES CIVILS DE LYON;18-64;27;90;2020;17;7429;81422,99829578161;0,002288329519450801;186,3226505624293
690781810 - HOSPICES CIVILS DE LYON;18-64;53;35;2020;16;56610;644777,34095162502;0,000282635576753224;182,2370156372725
690781810 - HOSPICES CIVILS DE LYON;18-64;44;54;2020;15;42722;435600,73996783525;0,000351107157904592;152,9425377912441
690781810 - HOSPICES CIVILS DE LYON;18-64;11;91;2020;15;74742;783583,76978243294;0,000200690374889620;157,2577205150584
690781810 - HOSPICES CIVILS DE LYON;18-64;53;29;2020;14;51580;518307,63973606052;0,000271423032183017;140,6806311807842
690781810 - HOSPICES CIVILS DE LYON;18-64;93;04;2020;13;9858;90182,88486254691;0,001318725907892067;118,9265067166879
690781810 - HOSPICES CIVILS DE LYON;18-64;32;62;2020;13;99205;844687,73764684738;0,000131041782168237;110,6893865168995
690781810 - HOSPICES CIVILS DE LYON;18-64;24;18;2020;11;15989;164780,79726307912;0,000687972981424729;113,3647363746244
690781810 - HOSPICES CIVILS DE LYON;18-64;44;51;2020;11;32932;332060,89610226109;0,000334021620308515;110,9155185571745
690781810 - HOSPICES CIVILS DE LYON;18-64;84;69;2021;45231;107635;1139265,60622454132;0,420225762995308227;478748,7586300202529
690781810 - HOSPICES CIVILS DE LYON;18-64;84;38;2021;6352;74229;750901,26071827917;0,085573024020261623;64256,8916202900364
690781810 - HOSPICES CIVILS DE LYON;18-64;84;01;2021;4952;36705;386833,49099813687;0,134913499523225705;52189,0600033448718
690781810 - HOSPICES CIVILS DE LYON;18-64;84;26;2021;2033;30753;291165,16747297888;0,066107371638539331;19248,1639343337592
690781810 - HOSPICES CIVILS DE LYON;18-64;84;42;2021;1983;46951;426162,07876000454;0,042235522140103510;17999,1779127407062
690781810 - HOSPICES CIVILS DE LYON;18-64;84;74;2021;1415;47841;508597,86203802272;0,029577140946050458;15042,8706503585236
690781810 - HOSPICES CIVILS DE LYON;18-64;27;71;2021;1371;35829;297359,72249141074;0,038265092522816714;11378,4972936929335
690781810 - HOSPICES CIVILS DE LYON;18-64;84;07;2021;1258;19791;181396,29322434563;0,063564246374614719;11530,3186739541597
690781810 - HOSPICES CIVILS DE LYON;18-64;84;73;2021;598;27144;257427,63017353028;0,022030651340996167;5671,2983658919502
690781810 - HOSPICES CIVILS DE LYON;18-64;93;83;2021;516;66549;600043,47602481779;0,007753685254474147;4652,5482520970409
690781810 - HOSPICES CIVILS DE LYON;18-64;27;39;2021;376;15051;143946,17877446729;0,024981728788784800;3596,0243983256728
690781810 - HOSPICES CIVILS DE LYON;18-64;84;63;2021;231;35409;382664,76289859315;0,006523765144454800;2496,4150422089024
690781810 - HOSPICES CIVILS DE LYON;18-64;84;43;2021;226;14352;125123,73798684217;0,015746934225195096;1970,3152720893486
690781810 - HOSPICES CIVILS DE LYON;18-64;93;13;2021;206;136429;1194234,51254235115;0,001509942900702930;1803,2259239877471
690781810 - HOSPICES CIVILS DE LYON;18-64;84;03;2021;198;20664;179270,25042567318;0,009581881533101045;1717,7463019881575
690781810 - HOSPICES CIVILS DE LYON;18-64;Others;Others;2021;166;NA;NA;NA;NA
690781810 - HOSPICES CIVILS DE LYON;18-64;27;25;2021;124;29431;316032,78481151944;0,004213244538072100;1331,5234044588497
690781810 - HOSPICES CIVILS DE LYON;18-64;27;21;2021;121;29609;312543,28140074492;0,004086595291972035;1277,2379023097751
690781810 - HOSPICES CIVILS DE LYON;18-64;93;84;2021;113;34219;315462,14209024899;0,003302258978929834;1041,7376912299640
690781810 - HOSPICES CIVILS DE LYON;18-64;93;06;2021;95;63701;621608,17759639339;0,001491342365112008;927,0306097495702
690781810 - HOSPICES CIVILS DE LYON;18-64;76;30;2021;92;42276;421249,50044729211;0,002176175607909925;916,7128877176383
690781810 - HOSPICES CIVILS DE LYON;18-64;76;34;2021;80;69999;693030,08730003762;0,001142873469620995;792,0457004243348
690781810 - HOSPICES CIVILS DE LYON;18-64;11;75;2021;79;114915;1404056,84704891243;0,000687464647783144;965,2394458239922
690781810 - HOSPICES CIVILS DE LYON;18-64;27;58;2021;58;13053;106261,19555023946;0,004443422967900099;472,1634369044579
690781810 - HOSPICES CIVILS DE LYON;18-64;27;70;2021;58;13652;130961,06978182824;0,004248461763844125;556,3830975202196
690781810 - HOSPICES CIVILS DE LYON;18-64;93;05;2021;49;9111;78016,00378988877;0,005378114367248381;419,5789908577049
690781810 - HOSPICES CIVILS DE LYON;18-64;44;68;2021;38;41200;449785,93997162097;0,000922330097087379;414,8511096825630
690781810 - HOSPICES CIVILS DE LYON;18-64;84;15;2021;34;8533;78346,32226186176;0,003984530645728348;312,1733220324973
690781810 - HOSPICES CIVILS DE LYON;18-64;94;2A;2021;31;10200;92830,67660994449;0,003039215686274510;282,1324485204195
690781810 - HOSPICES CIVILS DE LYON;18-64;44;67;2021;31;67585;698050,75193423440;0,000458681660131686;320,1830777533664
690781810 - HOSPICES CIVILS DE LYON;18-64;76;31;2021;29;84746;888168,70036066603;0,000342199041842683;303,9304782580808
690781810 - HOSPICES CIVILS DE LYON;18-64;24;18;2021;27;16389;163134,20447728236;0,001647446457990115;268,7548673431340
690781810 - HOSPICES CIVILS DE LYON;18-64;44;57;2021;27;63634;624993,01153885771;0,000424301474054751;265,1854560698551
690781810 - HOSPICES CIVILS DE LYON;18-64;27;90;2021;26;7428;81285,76902883849;0,003500269251480883;284,5220779146205
690781810 - HOSPICES CIVILS DE LYON;18-64;32;59;2021;25;182639;1542177,94053032878;0,000136882046003318;211,0964718009747
690781810 - HOSPICES CIVILS DE LYON;18-64;11;93;2021;25;107930;1024413,68183357420;0,000231631613082553;237,2865935869485
690781810 - HOSPICES CIVILS DE LYON;18-64;76;66;2021;24;27088;263592,04200760834;0,000886001181334908;233,5428606092218
690781810 - HOSPICES CIVILS DE LYON;18-64;11;94;2021;23;83372;874134,31800224737;0,000275871995394137;241,1491785497732
690781810 - HOSPICES CIVILS DE LYON;18-64;11;92;2021;22;86494;1021593,14598240459;0,000254352903091544;259,8451824590480
690781810 - HOSPICES CIVILS DE LYON;18-64;11;95;2021;22;73861;754532,74713420996;0,000297856785042174;224,7426982704353
690781810 - HOSPICES CIVILS DE LYON;18-64;27;89;2021;21;21430;182571,32081358283;0,000979934671021932;178,9079671994979
690781810 - HOSPICES CIVILS DE LYON;18-64;75;33;2021;20;99499;988690,06291165226;0,000201007045296938;198,7336682603146
690781810 - HOSPICES CIVILS DE LYON;18-64;24;41;2021;20;17049;178445,20070443806;0,001173089330752537;209,3321610703714
690781810 - HOSPICES CIVILS DE LYON;18-64;75;19;2021;19;14011;130258,04911515371;0,001356077367782457;176,6399923765556
690781810 - HOSPICES CIVILS DE LYON;18-64;11;78;2021;19;76443;861289,81565274193;0,000248551208089688;214,0746241958335
690781810 - HOSPICES CIVILS DE LYON;18-64;11;91;2021;19;76526;788978,34810103266;0,000248281629772888;195,8888301220451
690781810 - HOSPICES CIVILS DE LYON;18-64;44;54;2021;18;44101;434646,22142224602;0,000408154010113149;177,4025982540176
690781810 - HOSPICES CIVILS DE LYON;18-64;76;11;2021;17;23708;203825,78415430462;0,000717057533322085;146,1548140131255
690781810 - HOSPICES CIVILS DE LYON;18-64;52;44;2021;17;76504;856471,18521025986;0,000222210603367144;190,3169788321449
690781810 - HOSPICES CIVILS DE LYON;18-64;24;45;2021;16;36647;388477,25980790379;0,000436597811553470;169,6083214704194
690781810 - HOSPICES CIVILS DE LYON;18-64;53;35;2021;15;58473;650412,75498293922;0,000256528654250680;166,8495087432505
690781810 - HOSPICES CIVILS DE LYON;18-64;44;52;2021;15;11612;94619,82882235473;0,001291767137444023;122,2267854232967
690781810 - HOSPICES CIVILS DE LYON;18-64;32;62;2021;15;102582;842204,74022869172;0,000146224483827572;123,1509534170749
690781810 - HOSPICES CIVILS DE LYON;18-64;75;16;2021;14;19317;193981,41973394080;0,000724750220013460;140,5880766306969
690781810 - HOSPICES CIVILS DE LYON;18-64;75;23;2021;14;7693;61030,09316007793;0,001819836214740673;111,0647737217069
690781810 - HOSPICES CIVILS DE LYON;18-64;28;76;2021;14;77775;722792,42561353208;0,000180006428801029;130,1072832991250
690781810 - HOSPICES CIVILS DE LYON;18-64;11;77;2021;14;82651;864318,26241971867;0,000169386940266905;146,4042258880844
690781810 - HOSPICES CIVILS DE LYON;18-64;44;10;2021;13;17721;174423,98251713283;0,000733592912363862;127,9561973208468
690781810 - HOSPICES CIVILS DE LYON;18-64;94;2B;2021;13;10182;106986,15044404613;0,001276762914947947;136,5959493000000
690781810 - HOSPICES CIVILS DE LYON;18-64;52;85;2021;13;39522;379408,01465448720;0,000328930722129447;124,7989522420003
690781810 - HOSPICES CIVILS DE LYON;18-64;76;12;2021;12;14544;151027,02509673365;0,000825082508250825;124,6097566804733
690781810 - HOSPICES CIVILS DE LYON;18-64;24;36;2021;12;12350;116213,75833343151;0,000971659919028340;112,9202510122412
690781810 - HOSPICES CIVILS DE LYON;18-64;76;65;2021;12;12351;126640,97778403299;0,000971581248481904;123,0419993043799
690781810 - HOSPICES CIVILS DE LYON;18-64;76;81;2021;12;22333;214902,19452305930;0,000537321452558993;115,4715593192456
690781810 - HOSPICES CIVILS DE LYON;18-64;53;29;2021;11;52784;519320,22521213477;0,000208396483782965;108,2245088915861
690781810 - HOSPICES CIVILS DE LYON;18-64;52;49;2021;11;43800;469406,37333161553;0,000251141552511415;117,8874453572550
690781810 - HOSPICES CIVILS DE LYON;18-64;32;60;2021;11;49900;485673,94691122812;0,000220440881763527;107,0623931066835
690781810 - HOSPICES CIVILS DE LYON;18-64;44;88;2021;11;24207;200469,19598838268;0,000454414012475730;91,0960117268645
690781810 - HOSPICES CIVILS DE LYON;18-64;84;69;2022;41915;100824;1148470,75794323743;0,415724430691105318;477447,3520113346167
690781810 - HOSPICES CIVILS DE LYON;18-64;84;38;2022;5901;68530;755474,95787384850;0,086108273748723194;65052,6444829064712
690781810 - HOSPICES CIVILS DE LYON;18-64;84;01;2022;4638;34497;390965,51834102342;0,134446473606400552;52563,9352426491168
690781810 - HOSPICES CIVILS DE LYON;18-64;84;26;2022;1839;29579;291530,87950338353;0,062172487237567194;18125,1998852808538
690781810 - HOSPICES CIVILS DE LYON;18-64;84;42;2022;1827;47154;427302,38609694334;0,038745387453874541;16555,9965092911625
690781810 - HOSPICES CIVILS DE LYON;18-64;84;74;2022;1402;45070;513440,89808597078;0,031107166629687152;15971,6915712565115
690781810 - HOSPICES CIVILS DE LYON;18-64;84;07;2022;1225;19419;181986,04668506226;0,063082548019980436;11480,1435289768415
690781810 - HOSPICES CIVILS DE LYON;18-64;27;71;2022;1217;34043;297004,40520156804;0,035748905795611435;10617,5825024324622
690781810 - HOSPICES CIVILS DE LYON;18-64;84;73;2022;541;25702;258311,41204317671;0,021048945607345732;5437,1828618534983
690781810 - HOSPICES CIVILS DE LYON;18-64;93;83;2022;393;64763;606116,47317343636;0,006068279727622253;3678,0843067362612
690781810 - HOSPICES CIVILS DE LYON;18-64;27;39;2022;337;14329;143727,30849494337;0,023518738223183754;3380,2849440153477
690781810 - HOSPICES CIVILS DE LYON;18-64;84;63;2022;222;34425;383082,33191853622;0,006448801742919390;2470,4220097578805
690781810 - HOSPICES CIVILS DE LYON;18-64;84;43;2022;204;13501;125647,55249070222;0,015109991852455373;1898,5334944154695
690781810 - HOSPICES CIVILS DE LYON;18-64;93;13;2022;195;131783;1202854,67086674436;0,001479705273062535;1779,8703992094211
690781810 - HOSPICES CIVILS DE LYON;18-64;Others;Others;2022;184;NA;NA;NA;NA
690781810 - HOSPICES CIVILS DE LYON;18-64;84;03;2022;162;19708;179090,19267720901;0,008220012177795818;1472,1235647304575
690781810 - HOSPICES CIVILS DE LYON;18-64;27;21;2022;155;28344;313526,94189820596;0,005468529494778437;1714,5313291780244
690781810 - HOSPICES CIVILS DE LYON;18-64;27;25;2022;131;28277;316835,55602175050;0,004632740389716024;1467,8168772800975
690781810 - HOSPICES CIVILS DE LYON;18-64;93;84;2022;117;33136;317322,11392089026;0,003530902945436987;1120,4335866955626
690781810 - HOSPICES CIVILS DE LYON;18-64;93;06;2022;106;60685;627475,43618335517;0,001746724890829694;1096,0269627656860
690781810 - HOSPICES CIVILS DE LYON;18-64;76;30;2022;80;41438;424832,98032145831;0,001930595105941406;820,1804726511093
690781810 - HOSPICES CIVILS DE LYON;18-64;76;34;2022;65;68195;700497,05722632760;0,000953149057848816;667,6781101211423
690781810 - HOSPICES CIVILS DE LYON;18-64;11;75;2022;61;108736;1392584,81407036795;0,000560991759858740;781,2286055978925
690781810 - HOSPICES CIVILS DE LYON;18-64;93;05;2022;51;8825;78351,12203354658;0,005779036827195467;452,7940196839519
690781810 - HOSPICES CIVILS DE LYON;18-64;27;70;2022;44;12888;130139,39348004422;0,003414028553693358;444,2996053012062
690781810 - HOSPICES CIVILS DE LYON;18-64;44;57;2022;43;60712;623164,30115075212;0,000708261958097246;441,3635681493336
690781810 - HOSPICES CIVILS DE LYON;18-64;44;68;2022;42;38382;449703,34426585649;0,001094262935751133;492,0937017134588
690781810 - HOSPICES CIVILS DE LYON;18-64;27;58;2022;38;12262;106130,20018352372;0,003099005056271407;328,8980269918367
690781810 - HOSPICES CIVILS DE LYON;18-64;84;15;2022;34;8402;78002,18646139679;0,004046655558200428;315,6479813957975
690781810 - HOSPICES CIVILS DE LYON;18-64;27;89;2022;32;20380;182267,53195290640;0,001570166830225712;286,1904328995586
690781810 - HOSPICES CIVILS DE LYON;18-64;11;93;2022;31;102343;1035468,23628516856;0,000302902983105830;313,6464176821104
690781810 - HOSPICES CIVILS DE LYON;18-64;24;18;2022;27;16307;162702,65188857581;0,001655730667811369;269,3917704661524
690781810 - HOSPICES CIVILS DE LYON;18-64;76;31;2022;26;80757;899188,05800127750;0,000321953514865584;289,4967557986703
690781810 - HOSPICES CIVILS DE LYON;18-64;32;59;2022;26;176217;1544972,38531226595;0,000147545356009920;227,9535006163929
690781810 - HOSPICES CIVILS DE LYON;18-64;11;92;2022;26;81061;1032157,94217705820;0,000320746104785285;331,0606394764870
690781810 - HOSPICES CIVILS DE LYON;18-64;11;94;2022;24;79577;878582,91677880206;0,000301594681880443;264,9759352914944
690781810 - HOSPICES CIVILS DE LYON;18-64;11;77;2022;23;79859;872897,67897940055;0,000288007613418650;251,4011772815363
690781810 - HOSPICES CIVILS DE LYON;18-64;24;45;2022;21;36027;389221,38265019923;0,000582896161212424;226,8756498085931
690781810 - HOSPICES CIVILS DE LYON;18-64;44;54;2022;21;41810;433259,82544170530;0,000502272183688113;217,6143586289359
690781810 - HOSPICES CIVILS DE LYON;18-64;32;60;2022;21;49216;485580,27096985478;0,000426690507152146;207,1924920832037
690781810 - HOSPICES CIVILS DE LYON;18-64;76;66;2022;21;26359;265795,24892106862;0,000796691832011837;211,7569038029683
690781810 - HOSPICES CIVILS DE LYON;18-64;11;95;2022;20;71012;764048,30127396586;0,000281642539289134;215,1885037103492
690781810 - HOSPICES CIVILS DE LYON;18-64;11;91;2022;19;74263;795909,40613864153;0,000255847461050590;203,6314007868547
690781810 - HOSPICES CIVILS DE LYON;18-64;52;44;2022;18;72666;866481,17177301424;0,000247708694575180;214,6349199338653
690781810 - HOSPICES CIVILS DE LYON;18-64;75;19;2022;17;13407;130175,45790140951;0,001267994331319460;165,0617426959023
690781810 - HOSPICES CIVILS DE LYON;18-64;75;33;2022;17;93811;1000699,19100085273;0,000181215422498428;181,3421266910543
690781810 - HOSPICES CIVILS DE LYON;18-64;94;2A;2022;16;9995;94369,06446027489;0,001600800400200100;151,0660361545171
690781810 - HOSPICES CIVILS DE LYON;18-64;53;35;2022;16;56950;657040,89820918464;0,000280948200175593;184,5944577936252
690781810 - HOSPICES CIVILS DE LYON;18-64;75;64;2022;16;35285;395578,86994458619;0,000453450474705966;179,3754263600221
690781810 - HOSPICES CIVILS DE LYON;18-64;93;04;2022;15;10042;90850,09051026728;0,001493726349332802;135,7051740344562
690781810 - HOSPICES CIVILS DE LYON;18-64;24;37;2022;15;32927;351217,29284354765;0,000455553193427886;159,9981593419751
690781810 - HOSPICES CIVILS DE LYON;18-64;11;78;2022;15;70159;871645,43085922173;0,000213800082669365;186,3578651760761
690781810 - HOSPICES CIVILS DE LYON;18-64;76;11;2022;13;23165;204336,38117163358;0,000561191452622491;114,6718305733320
690781810 - HOSPICES CIVILS DE LYON;18-64;75;16;2022;13;18536;194349,04737570806;0,000701337936987484;136,3043599419618
690781810 - HOSPICES CIVILS DE LYON;18-64;75;24;2022;13;22238;221594,12209191101;0,000584584944689271;129,5405876065673
690781810 - HOSPICES CIVILS DE LYON;18-64;44;52;2022;13;10943;93535,65117199026;0,001187974047336197;111,1179260930159
690781810 - HOSPICES CIVILS DE LYON;18-64;28;76;2022;13;75944;723540,43010372657;0,000171178763299273;123,8547560221801
690781810 - HOSPICES CIVILS DE LYON;18-64;76;12;2022;12;13767;151430,13714345006;0,000871649596862061;131,9940179938549
690781810 - HOSPICES CIVILS DE LYON;18-64;44;67;2022;12;66034;698244,67817851086;0,000181724566132598;126,8882111963857
690781810 - HOSPICES CIVILS DE LYON;18-64;44;88;2022;12;23523;199334,09056214677;0,000510139012881010;101,6880961929074
690781810 - HOSPICES CIVILS DE LYON;18-64;27;90;2022;12;7226;81358,94657708806;0,001660669803487407;135,1103458241153
690781810 - HOSPICES CIVILS DE LYON;18-64;24;41;2022;11;16470;178783,13099248719;0,000667880995749848;119,4058555505379
690781810 - HOSPICES CIVILS DE LYON;18-64;84;69;2023;41246;100690;1155949,17860736372;0,409633528652299128;473515,5409756611916
690781810 - HOSPICES CIVILS DE LYON;18-64;84;38;2023;6144;69848;758332,67285537731;0,087962432711029659;66704,7867086163897
690781810 - HOSPICES CIVILS DE LYON;18-64;84;01;2023;4884;34922;393517,84608807269;0,139854532959166139;55035,2545757444313
690781810 - HOSPICES CIVILS DE LYON;18-64;84;26;2023;1918;29591;291680,17703719391;0,064817005170491021;18905,8355431495329
690781810 - HOSPICES CIVILS DE LYON;18-64;84;42;2023;1795;48311;427964,23920989915;0,037155099252758172;15901,0537844749433
690781810 - HOSPICES CIVILS DE LYON;18-64;84;74;2023;1372;45742;517859,21518558176;0,029994315945957764;15532,8329158020679
690781810 - HOSPICES CIVILS DE LYON;18-64;84;07;2023;1346;19762;181991,78038602759;0,068110515130047566;12395,5539115268257
690781810 - HOSPICES CIVILS DE LYON;18-64;27;71;2023;1249;34266;295367,54610114708;0,036450125488822739;10766,1841207124471
690781810 - HOSPICES CIVILS DE LYON;18-64;84;73;2023;632;25684;259429,25669552974;0,024606759071795669;6383,7132156819334
690781810 - HOSPICES CIVILS DE LYON;18-64;93;83;2023;471;65726;609498,85845082882;0,007166113866658552;4367,7382212570428
690781810 - HOSPICES CIVILS DE LYON;18-64;27;39;2023;286;14391;143152,30819968125;0,019873532068654019;2844,9419877082091
690781810 - HOSPICES CIVILS DE LYON;18-64;84;63;2023;271;34926;382635,19817296573;0,007759262440588673;2968,9669216306966
690781810 - HOSPICES CIVILS DE LYON;18-64;84;43;2023;246;14180;125036,52611945121;0,017348377997179126;2169,1809185744005
690781810 - HOSPICES CIVILS DE LYON;18-64;Others;Others;2023;219;NA;NA;NA;NA
690781810 - HOSPICES CIVILS DE LYON;18-64;93;13;2023;217;134846;1206348,80306512443;0,001609243136615102;1941,3085316963943
690781810 - HOSPICES CIVILS DE LYON;18-64;27;21;2023;143;28165;313342,17764443223;0,005077223504349370;1590,9082692403269
690781810 - HOSPICES CIVILS DE LYON;18-64;84;03;2023;128;20026;178151,32696018924;0,006391690801957456;1138,6881978879569
690781810 - HOSPICES CIVILS DE LYON;18-64;93;84;2023;128;33239;317164,22449872387;0,003850898041457324;1221,3670909424668
690781810 - HOSPICES CIVILS DE LYON;18-64;27;25;2023;106;27928;317119,50805342704;0,003795474076195932;1203,6188718727894
690781810 - HOSPICES CIVILS DE LYON;18-64;93;06;2023;80;60280;630213,63409975113;0,001327140013271400;836,3817307229610
690781810 - HOSPICES CIVILS DE LYON;18-64;76;30;2023;74;41548;425769,15424748679;0,001781072494464234;758,3257296214986
690781810 - HOSPICES CIVILS DE LYON;18-64;76;34;2023;67;68536;707134,70329086890;0,000977588420684020;691,2866978009837
690781810 - HOSPICES CIVILS DE LYON;18-64;27;58;2023;57;12314;105192,20918031027;0,004628877700178658;486,9218713072669
690781810 - HOSPICES CIVILS DE LYON;18-64;11;75;2023;54;106567;1381102,66124750557;0,000506723469742040;699,8371325773016
690781810 - HOSPICES CIVILS DE LYON;18-64;93;05;2023;37;9168;78072,77038511289;0,004035776614310645;315,0842609346833
690781810 - HOSPICES CIVILS DE LYON;18-64;44;68;2023;35;38499;448178,80860732385;0,000909114522455129;407,4458635615557
690781810 - HOSPICES CIVILS DE LYON;18-64;27;70;2023;35;12674;129455,73291778644;0,002761559097364683;357,4996569451259
690781810 - HOSPICES CIVILS DE LYON;18-64;44;57;2023;34;61714;621097,81159653724;0,000550928476520725;342,1804711132363
690781810 - HOSPICES CIVILS DE LYON;18-64;32;59;2023;34;177540;1544016,70662906417;0,000191506139461530;295,6886787506375
690781810 - HOSPICES CIVILS DE LYON;18-64;84;15;2023;33;8255;77620,02814747316;0,003997577225923683;310,2920567978940
690781810 - HOSPICES CIVILS DE LYON;18-64;44;67;2023;32;65384;699283,86027254385;0,000489416370977609;342,2409691778020
690781810 - HOSPICES CIVILS DE LYON;18-64;11;78;2023;28;65199;876018,11871596554;0,000429454439485268;376,2098701521041
690781810 - HOSPICES CIVILS DE LYON;18-64;44;54;2023;27;41345;432117,73012990871;0,000653041480227355;282,1908021165204
690781810 - HOSPICES CIVILS DE LYON;18-64;94;2B;2023;25;9861;107370,56125849213;0,002535239833688267;272,2101238679954
690781810 - HOSPICES CIVILS DE LYON;18-64;76;31;2023;24;80509;910223,08415731823;0,000298103317641506;271,3405211811802
690781810 - HOSPICES CIVILS DE LYON;18-64;11;92;2023;24;80665;1038660,30736103118;0,000297526808405132;309,0292862662214
690781810 - HOSPICES CIVILS DE LYON;18-64;11;94;2023;24;78408;882151,12161793350;0,000306091215182124;270,0187087903072
690781810 - HOSPICES CIVILS DE LYON;18-64;75;33;2023;23;91187;1009720,09180310264;0,000252228936142213;254,6806245569145
690781810 - HOSPICES CIVILS DE LYON;18-64;11;93;2023;23;101632;1044011,89325107902;0,000226306675062972;236,2668602878505
690781810 - HOSPICES CIVILS DE LYON;18-64;76;66;2023;22;26345;267454,72711385059;0,000835073068893528;223,3442397610443
690781810 - HOSPICES CIVILS DE LYON;18-64;11;77;2023;22;80864;878119,65533619083;0,000272061733280570;238,9027554585006
690781810 - HOSPICES CIVILS DE LYON;18-64;24;18;2023;21;16332;161652,62162290476;0,001285819250551065;207,8560527847783
690781810 - HOSPICES CIVILS DE LYON;18-64;76;11;2023;20;23973;204135,75403342472;0,000834271889208693;170,3047211725063
690781810 - HOSPICES CIVILS DE LYON;18-64;28;76;2023;18;75468;722078,43968430569;0,000238511687072667;172,2241468479025
690781810 - HOSPICES CIVILS DE LYON;18-64;32;60;2023;17;48982;484888,24039753107;0,000347066269241762;168,2883525939739
690781810 - HOSPICES CIVILS DE LYON;18-64;75;19;2023;16;13823;129608,66612877729;0,001157491137958475;150,0208824466785
690781810 - HOSPICES CIVILS DE LYON;18-64;27;89;2023;16;20828;181136,10376318748;0,000768196658344536;139,1481496164298
690781810 - HOSPICES CIVILS DE LYON;18-64;27;90;2023;16;7096;80928,12950184086;0,002254791431792559;182,4760529917494
690781810 - HOSPICES CIVILS DE LYON;18-64;93;04;2023;15;10236;90955,28825825252;0,001465416178194607;133,2873509059972
690781810 - HOSPICES CIVILS DE LYON;18-64;24;45;2023;15;35955;389661,69378981349;0,000417188151856487;162,5622418814407
690781810 - HOSPICES CIVILS DE LYON;18-64;11;95;2023;15;69880;767316,28915407206;0,000214653692043503;164,7072744320418
690781810 - HOSPICES CIVILS DE LYON;18-64;52;44;2023;14;72050;874865,09938177525;0,000194309507286607;169,9946064031208
690781810 - HOSPICES CIVILS DE LYON;18-64;94;2A;2023;13;9718;95131,31403046184;0,001337723811483844;127,2594239962959
690781810 - HOSPICES CIVILS DE LYON;18-64;76;48;2023;13;4333;41899,52960181272;0,003000230786983614;125,7082586714898
690781810 - HOSPICES CIVILS DE LYON;18-64;75;87;2023;13;22155;206450,45468729339;0,000586774994357933;121,1399643843292
690781810 - HOSPICES CIVILS DE LYON;18-64;28;14;2023;12;39135;399329,36222003156;0,000306630893062476;122,4467189635972
690781810 - HOSPICES CIVILS DE LYON;18-64;75;23;2023;12;7832;60110,33804135683;0,001532175689479060;92,0995986333353
690781810 - HOSPICES CIVILS DE LYON;18-64;75;64;2023;12;36028;397274,29013365705;0,000333074275563451;132,3218463862519
690781810 - HOSPICES CIVILS DE LYON;18-64;44;10;2023;11;16598;173922,03581339115;0,000662730449451741;115,2634289641705
690781810 - HOSPICES CIVILS DE LYON;18-64;84;69;2024;42529;103206;1164168,76830651984;0,412078755111136952;479729,2167830163380
690781810 - HOSPICES CIVILS DE LYON;18-64;84;38;2024;6382;71280;761281,95523204457;0,089534231200897874;68160,7945888174581
690781810 - HOSPICES CIVILS DE LYON;18-64;84;01;2024;5039;34408;395916,62360989454;0,146448500348756117;57981,3957908119846
690781810 - HOSPICES CIVILS DE LYON;18-64;84;26;2024;1981;29614;291749,30425430473;0,066894036604308774;19516,2886380690798
690781810 - HOSPICES CIVILS DE LYON;18-64;84;42;2024;1831;48393;428685,78329323325;0,037836050668485111;16219,7770175420010
690781810 - HOSPICES CIVILS DE LYON;18-64;84;74;2024;1376;45852;521520,28719790961;0,030009596091773533;15650,6131724749994
690781810 - HOSPICES CIVILS DE LYON;18-64;84;07;2024;1258;19872;181971,16116537867;0,063305152979066026;11519,7121953525748
690781810 - HOSPICES CIVILS DE LYON;18-64;27;71;2024;1256;34085;293340,56841222144;0,036849053835998243;10809,3223977042744
690781810 - HOSPICES CIVILS DE LYON;18-64;84;73;2024;650;25877;260411,64946243711;0,025118831394674808;6541,2363160561163
690781810 - HOSPICES CIVILS DE LYON;18-64;93;83;2024;444;66336;612234,58652932849;0,006693198263386397;4097,8074713431906
690781810 - HOSPICES CIVILS DE LYON;18-64;27;39;2024;332;13915;142430,52736969321;0,023859144807761409;3398,2705775593349
690781810 - HOSPICES CIVILS DE LYON;18-64;84;43;2024;241;14209;124641,36183950357;0,016961081004996832;2114,0522347329411
690781810 - HOSPICES CIVILS DE LYON;18-64;93;13;2024;227;135066;1209631,21067512268;0,001680659825566760;2032,9785795333603
690781810 - HOSPICES CIVILS DE LYON;18-64;84;63;2024;223;35014;382456,43269284075;0,006368881019020963;2435,8195147799020
690781810 - HOSPICES CIVILS DE LYON;18-64;Others;Others;2024;199;NA;NA;NA;NA
690781810 - HOSPICES CIVILS DE LYON;18-64;27;21;2024;154;27978;313329,72857971786;0,005504324826649511;1724,6686039486938
690781810 - HOSPICES CIVILS DE LYON;18-64;84;03;2024;145;20102;177052,08938807642;0,007213212615660133;1277,1143648030584
690781810 - HOSPICES CIVILS DE LYON;18-64;27;25;2024;130;28070;317528,14264542283;0,004631278945493409;1470,5614016353748
690781810 - HOSPICES CIVILS DE LYON;18-64;76;30;2024;110;42170;426437,85945752164;0,002608489447474508;1112,3586563985625
690781810 - HOSPICES CIVILS DE LYON;18-64;93;84;2024;104;33180;317034,00347780454;0,003134418324291742;993,7171899244023
690781810 - HOSPICES CIVILS DE LYON;18-64;93;06;2024;79;60334;632677,07921337313;0,001309377796930421;828,4133201487798
690781810 - HOSPICES CIVILS DE LYON;18-64;76;34;2024;65;69490;713775,14271934005;0,000935386386530436;667,6555515434898
690781810 - HOSPICES CIVILS DE LYON;18-64;11;75;2024;56;107652;1368887,67109800316;0,000520194701445398;712,0881133791122
690781810 - HOSPICES CIVILS DE LYON;18-64;84;15;2024;49;8002;77289,63087225998;0,006123469132716820;473,2806689253610
690781810 - HOSPICES CIVILS DE LYON;18-64;27;58;2024;43;12284;104418,18507759458;0,003500488440247476;365,5146498157414
690781810 - HOSPICES CIVILS DE LYON;18-64;93;05;2024;42;9109;77783,55518843343;0,004610824459325941;358,6463187961581
690781810 - HOSPICES CIVILS DE LYON;18-64;76;66;2024;38;26510;268725,34721868037;0,001433421350433799;385,1966501059922
690781810 - HOSPICES CIVILS DE LYON;18-64;44;67;2024;37;65701;700494,49964334944;0,000563157333982740;394,4886148887221
690781810 - HOSPICES CIVILS DE LYON;18-64;44;68;2024;36;38099;446279,00642710098;0,000944906690464317;421,6920189867354
690781810 - HOSPICES CIVILS DE LYON;18-64;11;92;2024;35;82793;1043773,44256448350;0,000422741052987571;441,2458841901721
690781810 - HOSPICES CIVILS DE LYON;18-64;32;59;2024;34;178516;1543511,25814105617;0,000190459118510386;293,9757936364018
690781810 - HOSPICES CIVILS DE LYON;18-64;27;70;2024;30;12601;128540,16604021835;0,002380763431473692;306,0237267841084
690781810 - HOSPICES CIVILS DE LYON;18-64;44;57;2024;28;60980;618751,32872089976;0,000459166939980321;284,1101542175335
690781810 - HOSPICES CIVILS DE LYON;18-64;76;31;2024;27;83575;921333,11150780006;0,000323063116960814;297,6487467629148
690781810 - HOSPICES CIVILS DE LYON;18-64;11;93;2024;26;103618;1051770,49777324428;0,000250921654538787;263,9119934963457
690781810 - HOSPICES CIVILS DE LYON;18-64;75;19;2024;25;13528;128872,08400690387;0,001848018923713779;238,1580499831902
690781810 - HOSPICES CIVILS DE LYON;18-64;75;33;2024;25;95325;1019535,00409870897;0,000262260687123000;267,3839507208783
690781810 - HOSPICES CIVILS DE LYON;18-64;11;78;2024;24;71248;879720,60955084208;0,000336851560745565;296,3352603472408
690781810 - HOSPICES CIVILS DE LYON;18-64;93;04;2024;23;10276;90824,03273053853;0,002238224990268587;203,2846197744634
690781810 - HOSPICES CIVILS DE LYON;18-64;32;60;2024;23;48950;483607,76181658922;0,000469867211440245;227,2314304756190
690781810 - HOSPICES CIVILS DE LYON;18-64;27;89;2024;22;21136;180055,91897935123;0,001040878122634368;187,4162669164330
690781810 - HOSPICES CIVILS DE LYON;18-64;53;56;2024;21;40602;426267,02693542960;0,000517215900694547;220,4720842727950
690781810 - HOSPICES CIVILS DE LYON;18-64;11;77;2024;20;78820;882401,84100039548;0,000253742704897234;223,9030299417395
690781810 - HOSPICES CIVILS DE LYON;18-64;27;90;2024;20;7045;80265,28517257819;0,002838892831795600;227,8645427184619
690781810 - HOSPICES CIVILS DE LYON;18-64;94;2B;2024;18;10090;107914,97511577282;0,001783944499504460;192,5143262719436
690781810 - HOSPICES CIVILS DE LYON;18-64;44;54;2024;18;41171;431193,49667187780;0,000437200942410920;188,5182031064050
690781810 - HOSPICES CIVILS DE LYON;18-64;76;11;2024;17;23516;204010,00443133645;0,000722912059874128;147,4812925383875
690781810 - HOSPICES CIVILS DE LYON;18-64;44;88;2024;17;22373;195353,76077805250;0,000759844455370312;148,4384719629416
690781810 - HOSPICES CIVILS DE LYON;18-64;75;17;2024;16;31430;359555,62262309989;0,000509067769646834;183,0381788727203
690781810 - HOSPICES CIVILS DE LYON;18-64;52;44;2024;16;72036;883197,85466768674;0,000222111166638903;196,1681058732160
690781810 - HOSPICES CIVILS DE LYON;18-64;28;76;2024;16;73882;720706,01040015079;0,000216561544083809;156,0772064427386
690781810 - HOSPICES CIVILS DE LYON;18-64;11;94;2024;16;80003;884585,05924464006;0,000199992500281239;176,9103777097639
690781810 - HOSPICES CIVILS DE LYON;18-64;11;95;2024;16;70110;770139,07926141925;0,000228212808443874;175,7556021706277
690781810 - HOSPICES CIVILS DE LYON;18-64;24;18;2024;14;16769;160530,01223699335;0,000834873874411116;134,0223132755625
690781810 - HOSPICES CIVILS DE LYON;18-64;53;29;2024;14;51487;522432,78916225937;0,000271913298502535;142,0564229469892
690781810 - HOSPICES CIVILS DE LYON;18-64;32;62;2024;14;101269;831632,29411656002;0,000138245662542338;114,9695574917481
690781810 - HOSPICES CIVILS DE LYON;18-64;11;91;2024;14;75325;801979,30240637460;0,000185861267839363;149,0568899261765
690781810 - HOSPICES CIVILS DE LYON;18-64;94;2A;2024;12;10869;95909,95020937048;0,001104057410985371;105,8900913158934
690781810 - HOSPICES CIVILS DE LYON;18-64;76;48;2024;12;4128;41747,72901213351;0,002906976744186046;121,3596773608532
690781810 - HOSPICES CIVILS DE LYON;18-64;28;14;2024;11;38078;399963,35701640591;0,000288880718525133;115,5417019586235
690781810 - HOSPICES CIVILS DE LYON;18-64;75;23;2024;11;7784;59437,79883802153;0,001413155190133607;83,9948339180674
690781810 - HOSPICES CIVILS DE LYON;18-64;53;35;2024;11;59900;668167,88050914172;0,000183639398998331;122,7019480066871
690781810 - HOSPICES CIVILS DE LYON;18-64;84;69;2025;39497;97051;1172298,96538020065;0,406971592255618186;477092,3765403940924
690781810 - HOSPICES CIVILS DE LYON;18-64;84;38;2025;6008;67053;764512,92500645854;0,089600763575082398;68500,9418435983971
690781810 - HOSPICES CIVILS DE LYON;18-64;84;01;2025;4634;32645;398560,88755225518;0,141951294225761998;56576,2338158110215
690781810 - HOSPICES CIVILS DE LYON;18-64;84;26;2025;1804;28161;291784,84325790580;0,064060225134050644;18691,8027498051233
690781810 - HOSPICES CIVILS DE LYON;18-64;84;42;2025;1782;46291;429333,20287418243;0,038495603897085826;16527,4409177117159
690781810 - HOSPICES CIVILS DE LYON;18-64;84;74;2025;1254;43838;525483,05233225494;0,028605319585747524;15031,6106488582427
690781810 - HOSPICES CIVILS DE LYON;18-64;84;07;2025;1210;18896;181725,11522563675;0,064034716342082978;11636,7162057059941
690781810 - HOSPICES CIVILS DE LYON;18-64;27;71;2025;1104;29901;291857,12818375038;0,036921842078860241;10775,9027963901026
690781810 - HOSPICES CIVILS DE LYON;18-64;84;73;2025;614;23719;261685,73373116757;0,025886420169484378;6774,1068557248145
690781810 - HOSPICES CIVILS DE LYON;18-64;93;83;2025;373;59967;615512,88631192828;0,006220087714909867;3828,5441425175391
690781810 - HOSPICES CIVILS DE LYON;18-64;27;39;2025;300;13405;141929,99100065758;0,022379709063782172;3176,3519060199387
690781810 - HOSPICES CIVILS DE LYON;18-64;84;43;2025;241;13059;124020,30112348666;0,018454705567041887;2288,7581415698205
690781810 - HOSPICES CIVILS DE LYON;18-64;84;63;2025;226;31533;381679,42106823705;0,007167094789585514;2735,5325900301773
690781810 - HOSPICES CIVILS DE LYON;18-64;93;13;2025;185;123118;1212754,64165927842;0,001502623499407073;1822,3136235722354
690781810 - HOSPICES CIVILS DE LYON;18-64;Others;Others;2025;180;NA;NA;NA;NA
690781810 - HOSPICES CIVILS DE LYON;18-64;27;21;2025;177;25366;313350,77074648597;0,006977844358590239;2186,5129079132703
690781810 - HOSPICES CIVILS DE LYON;18-64;84;03;2025;152;18373;176003,12152488285;0,008273009307135471;1456,0754624602512
690781810 - HOSPICES CIVILS DE LYON;18-64;93;84;2025;120;29940;317340,59758730727;0,004008016032064128;1271,9062027547384
690781810 - HOSPICES CIVILS DE LYON;18-64;27;25;2025;110;24946;318158,77624575794;0,004409524573077848;1402,9289419960462
690781810 - HOSPICES CIVILS DE LYON;18-64;76;30;2025;92;38149;426966,39039179654;0,002411596634249915;1029,6707100066917
690781810 - HOSPICES CIVILS DE LYON;18-64;93;06;2025;83;54119;635028,78860352398;0,001533657310741145;973,9165441728874
690781810 - HOSPICES CIVILS DE LYON;18-64;76;34;2025;73;62789;720957,27064520482;0,001162624026501457;838,2022449330289
690781810 - HOSPICES CIVILS DE LYON;18-64;11;75;2025;67;99572;1356191,53451264696;0,000672879926083638;912,5540594981254
690781810 - HOSPICES CIVILS DE LYON;18-64;27;58;2025;52;11623;103542,31242220434;0,004473887980727867;463,2367070424697
690781810 - HOSPICES CIVILS DE LYON;18-64;27;70;2025;47;11379;127761,14396232342;0,004130415678003339;527,7066320616224
690781810 - HOSPICES CIVILS DE LYON;18-64;32;59;2025;40;165941;1542810,70886958507;0,000241049529652105;371,8937957152446
690781810 - HOSPICES CIVILS DE LYON;18-64;44;67;2025;37;60161;702000,56121050031;0,000615016372733166;431,7418388123288
690781810 - HOSPICES CIVILS DE LYON;18-64;11;92;2025;37;76548;1050068,45356260054;0,000483356847990803;507,5577778885957
690781810 - HOSPICES CIVILS DE LYON;18-64;93;05;2025;31;8376;77379,87629463708;0,003701050620821394;286,3868391993493
690781810 - HOSPICES CIVILS DE LYON;18-64;84;15;2025;31;7171;77012,83026016041;0,004322967508018407;332,9239629152102
690781810 - HOSPICES CIVILS DE LYON;18-64;76;31;2025;29;77650;932769,16087774048;0,000373470701867354;348,3619531932321
690781810 - HOSPICES CIVILS DE LYON;18-64;44;68;2025;28;34863;444763,27812533028;0,000803143734044689;357,2088399595344
690781810 - HOSPICES CIVILS DE LYON;18-64;75;33;2025;27;86846;1029376,63546057965;0,000310895147732768;320,0282011541769
690781810 - HOSPICES CIVILS DE LYON;18-64;24;18;2025;26;15145;159384,45878445025;0,001716738197424893;273,6213884711592
690781810 - HOSPICES CIVILS DE LYON;18-64;11;78;2025;26;67692;883576,84347588045;0,000384092654966613;339,3753756776708
690781810 - HOSPICES CIVILS DE LYON;18-64;11;93;2025;26;94835;1060382,26076515694;0,000274160383824537;290,7148076121061
690781810 - HOSPICES CIVILS DE LYON;18-64;44;88;2025;25;20310;193360,23185159525;0,001230920728705071;238,0111174933472
690781810 - HOSPICES CIVILS DE LYON;18-64;27;90;2025;24;6537;79700,97176311370;0,003671408903166590;292,6148573221246
690781810 - HOSPICES CIVILS DE LYON;18-64;76;66;2025;23;24758;269713,98200131516;0,000928992648840779;250,5623065687959
690781810 - HOSPICES CIVILS DE LYON;18-64;27;89;2025;23;19181;179381,87649426368;0,001199103279286794;215,0973963488903
690781810 - HOSPICES CIVILS DE LYON;18-64;44;10;2025;21;16321;173380,66247989057;0,001286685864836713;223,0864476489003
690781810 - HOSPICES CIVILS DE LYON;18-64;44;54;2025;20;38026;430627,38717208401;0,000525955924893494;226,4910257045622
690781810 - HOSPICES CIVILS DE LYON;18-64;44;57;2025;20;55052;616862,71623228316;0,000363292886725278;224,1018368932221
690781810 - HOSPICES CIVILS DE LYON;18-64;28;76;2025;20;67043;719259,01463585766;0,000298316006145310;214,5664766301799
690781810 - HOSPICES CIVILS DE LYON;18-64;11;94;2025;19;72739;887341,57418842986;0,000261207880229313;231,7806116331014
690781810 - HOSPICES CIVILS DE LYON;18-64;76;11;2025;18;22038;204048,69607586984;0,000816771031854070;166,6610640423658
690781810 - HOSPICES CIVILS DE LYON;18-64;93;04;2025;16;9236;90956,98452160077;0,001732351667388480;157,5694837966232
690781810 - HOSPICES CIVILS DE LYON;18-64;53;35;2025;15;56604;673909,71887146402;0,000264998940004240;178,5853611594933
690781810 - HOSPICES CIVILS DE LYON;18-64;24;37;2025;15;29784;353008,33383876045;0,000503626107977438;177,7842132548149
690781810 - HOSPICES CIVILS DE LYON;18-64;44;52;2025;15;9914;90568,43210788055;0,001513011902360299;137,0311157573339
690781810 - HOSPICES CIVILS DE LYON;18-64;11;77;2025;15;72436;887184,42432611354;0,000207079352807996;183,7175764107861
690781810 - HOSPICES CIVILS DE LYON;18-64;75;19;2025;13;12684;128416,71543377682;0,001024913276568906;131,6159965814490
690781810 - HOSPICES CIVILS DE LYON;18-64;28;50;2025;12;25007;268992,57672999916;0,000479865637621466;129,0802943479821
690781810 - HOSPICES CIVILS DE LYON;18-64;75;17;2025;11;28595;361011,11964457663;0,000384682636824620;138,8747094278840
690781810 - HOSPICES CIVILS DE LYON;18-64;94;2B;2025;11;8922;108190,30838270177;0,001232907419861018;133,3886339620847
690781810 - HOSPICES CIVILS DE LYON;18-64;24;45;2025;11;34953;390805,40525003232;0,000314708322604641;122,9897135510644
690781810 - HOSPICES CIVILS DE LYON;18-64;52;49;2025;11;37921;475808,39657067956;0,000290076738482635;138,0209478198749
690781810 - HOSPICES CIVILS DE LYON;18-64;53;56;2025;11;36344;426730,84911679913;0,000302663438256659;129,1558260038738
690781810 - HOSPICES CIVILS DE LYON;18-64;75;64;2025;11;33808;400349,92210820346;0,000325366777094179;130,2605638662517
690781810 - HOSPICES CIVILS DE LYON;18-64;11;91;2025;11;71485;805186,07668816566;0,000153878436035532;123,9007741983608
690781810 - HOSPICES CIVILS DE LYON;18-64;11;95;2025;11;64052;773062,36113402573;0,000171735464934741;132,7622240129002
690781810 - HOSPICES CIVILS DE LYON;65-79;84;69;2016;22468;59889;206893,00000000000;0,375160713987543637;77618,1255990248610
690781810 - HOSPICES CIVILS DE LYON;65-79;84;38;2016;3460;43043;153830,00000000000;0,080384731547522251;12365,5832539553485
690781810 - HOSPICES CIVILS DE LYON;65-79;84;01;2016;2451;21388;75981,00000000000;0,114596970263699277;8707,1923976061353
690781810 - HOSPICES CIVILS DE LYON;65-79;84;26;2016;1132;20169;73480,00000000000;0,056125737517973125;4124,1191928206654
690781810 - HOSPICES CIVILS DE LYON;65-79;27;71;2016;1071;29195;90364,00000000000;0,036684363760917965;3314,9458468915909
690781810 - HOSPICES CIVILS DE LYON;65-79;93;83;2016;995;51481;183079,00000000000;0,019327518890464444;3538,4628309473401
690781810 - HOSPICES CIVILS DE LYON;65-79;84;42;2016;846;31091;109888,00000000000;0,027210446753079671;2990,1015728024190
690781810 - HOSPICES CIVILS DE LYON;65-79;84;74;2016;777;25346;92419,00000000000;0,030655724769194349;2833,1714274441724
690781810 - HOSPICES CIVILS DE LYON;65-79;84;07;2016;680;14858;52527,00000000000;0,045766590389016017;2403,9816933638444
690781810 - HOSPICES CIVILS DE LYON;65-79;27;39;2016;278;11319;38966,00000000000;0,024560473540065377;957,0234119621875
690781810 - HOSPICES CIVILS DE LYON;65-79;Others;Others;2016;258;NA;NA;NA;NA
690781810 - HOSPICES CIVILS DE LYON;65-79;84;73;2016;257;16504;57907,00000000000;0,015571982549684924;901,7267935046049
690781810 - HOSPICES CIVILS DE LYON;65-79;84;43;2016;138;10219;35212,00000000000;0,013504256776592621;475,5118896173794
690781810 - HOSPICES CIVILS DE LYON;65-79;93;84;2016;87;22087;81527,00000000000;0,003938968624077512;321,1322950151673
690781810 - HOSPICES CIVILS DE LYON;65-79;84;03;2016;70;17288;58452,00000000000;0,004049051365108746;236,6751503933364
690781810 - HOSPICES CIVILS DE LYON;65-79;93;13;2016;68;78673;271515,00000000000;0,000864337193192074;234,6805130095458
690781810 - HOSPICES CIVILS DE LYON;65-79;27;21;2016;57;20977;71579,00000000000;0,002717261762883158;194,4988797254135
690781810 - HOSPICES CIVILS DE LYON;65-79;93;06;2016;55;46492;170883,00000000000;0,001182999225673234;202,1544566807193
690781810 - HOSPICES CIVILS DE LYON;65-79;27;25;2016;55;17888;69551,00000000000;0,003074686940966011;213,8475514311270
690781810 - HOSPICES CIVILS DE LYON;65-79;84;63;2016;51;24422;92750,00000000000;0,002088281058062403;193,6880681352879
690781810 - HOSPICES CIVILS DE LYON;65-79;76;30;2016;40;30578;112267,00000000000;0,001308130028124796;146,8598338674864
690781810 - HOSPICES CIVILS DE LYON;65-79;93;05;2016;31;6745;21801,00000000000;0,004595997034840623;100,1973313565604
690781810 - HOSPICES CIVILS DE LYON;65-79;76;34;2016;26;43391;162442,00000000000;0,000599202599617432;97,3356686870549
690781810 - HOSPICES CIVILS DE LYON;65-79;24;36;2016;18;11447;38748,00000000000;0,001572464401153141;60,9298506158819
690781810 - HOSPICES CIVILS DE LYON;65-79;27;58;2016;18;11862;38798,00000000000;0,001517450682852807;58,8740515933232
690781810 - HOSPICES CIVILS DE LYON;65-79;11;92;2016;17;42558;159495,00000000000;0,000399454861600639;63,7110531509939
690781810 - HOSPICES CIVILS DE LYON;65-79;93;04;2016;15;8641;28149,00000000000;0,001735910195579215;48,8641360953593
690781810 - HOSPICES CIVILS DE LYON;65-79;11;75;2016;15;65866;251624,00000000000;0,000227735098533386;57,3036164333647
690781810 - HOSPICES CIVILS DE LYON;65-79;27;70;2016;14;10774;35946,00000000000;0,001299424540560609;46,7091145349916
690781810 - HOSPICES CIVILS DE LYON;65-79;44;68;2016;13;29273;97870,00000000000;0,000444095241348683;43,4636012707956
690781810 - HOSPICES CIVILS DE LYON;65-79;75;23;2016;11;7665;22083,00000000000;0,001435094585779517;31,6911937377691
690781810 - HOSPICES CIVILS DE LYON;65-79;84;69;2017;23429;60715;209384,00000000000;0,385884871942683005;80798,1180268467433
690781810 - HOSPICES CIVILS DE LYON;65-79;84;38;2017;3601;43026;157564,00000000000;0,083693580625668201;13187,0953377027836
690781810 - HOSPICES CIVILS DE LYON;65-79;84;01;2017;2657;22082;78372,00000000000;0,120324245992210851;9430,0518069015488
690781810 - HOSPICES CIVILS DE LYON;65-79;84;26;2017;1146;20385;75991,00000000000;0,056217807211184696;4272,0473877851364
690781810 - HOSPICES CIVILS DE LYON;65-79;93;83;2017;1058;51747;186374,00000000000;0,020445629698340000;3810,5337893984192
690781810 - HOSPICES CIVILS DE LYON;65-79;27;71;2017;1056;28857;92851,00000000000;0,036594240565547352;3397,8118307516370
690781810 - HOSPICES CIVILS DE LYON;65-79;84;42;2017;874;31200;111831,00000000000;0,028012820512820513;3132,7017307692308
690781810 - HOSPICES CIVILS DE LYON;65-79;84;74;2017;776;25692;94928,00000000000;0,030203954538377705;2867,2009964191188
690781810 - HOSPICES CIVILS DE LYON;65-79;84;07;2017;702;14701;53996,00000000000;0,047751853615400311;2578,4090878171551
690781810 - HOSPICES CIVILS DE LYON;65-79;84;73;2017;315;16765;59392,00000000000;0,018789144050104383;1115,9248434237995
690781810 - HOSPICES CIVILS DE LYON;65-79;27;39;2017;265;11182;40020,00000000000;0,023698801645501699;948,4260418529780
690781810 - HOSPICES CIVILS DE LYON;65-79;Others;Others;2017;241;NA;NA;NA;NA
690781810 - HOSPICES CIVILS DE LYON;65-79;84;43;2017;136;10634;36153,00000000000;0,012789166823396652;462,3667481662592
690781810 - HOSPICES CIVILS DE LYON;65-79;84;03;2017;81;17668;59718,00000000000;0,004584559655875028;273,7807335295449
690781810 - HOSPICES CIVILS DE LYON;65-79;84;63;2017;73;24657;95528,00000000000;0,002960619702315772;282,8220789228211
690781810 - HOSPICES CIVILS DE LYON;65-79;93;06;2017;71;46698;172989,00000000000;0,001520407726240952;263,0138121546961
690781810 - HOSPICES CIVILS DE LYON;65-79;93;13;2017;61;79614;278253,00000000000;0,000766196900042706;213,1965860275831
690781810 - HOSPICES CIVILS DE LYON;65-79;27;21;2017;56;20740;73756,00000000000;0,002700096432015429;199,1483124397300
690781810 - HOSPICES CIVILS DE LYON;65-79;93;84;2017;48;22302;83693,00000000000;0,002152273338714017;180,1302125369922
690781810 - HOSPICES CIVILS DE LYON;65-79;27;25;2017;43;17512;71440,00000000000;0,002455459113750571;175,4179990863408
690781810 - HOSPICES CIVILS DE LYON;65-79;76;30;2017;40;31185;115547,00000000000;0,001282667949334616;148,2084335417669
690781810 - HOSPICES CIVILS DE LYON;65-79;76;34;2017;25;45163;167766,00000000000;0,000553550472732104;92,8669486083741
690781810 - HOSPICES CIVILS DE LYON;65-79;27;58;2017;24;12122;39357,00000000000;0,001979871308364956;77,9217950833196
690781810 - HOSPICES CIVILS DE LYON;65-79;11;75;2017;24;66117;254728,00000000000;0,000362992876264803;92,4644493851808
690781810 - HOSPICES CIVILS DE LYON;65-79;93;05;2017;22;6268;22580,00000000000;0,003509891512444161;79,2533503509892
690781810 - HOSPICES CIVILS DE LYON;65-79;44;68;2017;20;28940;100725,00000000000;0,000691085003455425;69,6095369730477
690781810 - HOSPICES CIVILS DE LYON;65-79;11;95;2017;18;30637;116191,00000000000;0,000587524888207070;68,2651042856677
690781810 - HOSPICES CIVILS DE LYON;65-79;27;89;2017;15;16552;53984,00000000000;0,000906234896085065;48,9221846302562
690781810 - HOSPICES CIVILS DE LYON;65-79;75;23;2017;14;7563;22465,00000000000;0,001851117281502050;41,5853497289435
690781810 - HOSPICES CIVILS DE LYON;65-79;27;70;2017;14;10822;36922,00000000000;0,001293661060802070;47,7645536869340
690781810 - HOSPICES CIVILS DE LYON;65-79;24;18;2017;12;13359;51546,00000000000;0,000898270828654839;46,3022681338424
690781810 - HOSPICES CIVILS DE LYON;65-79;11;78;2017;12;40430;163780,00000000000;0,000296809300024734;48,6114271580510
690781810 - HOSPICES CIVILS DE LYON;65-79;93;04;2017;11;8789;28692,00000000000;0,001251564455569462;35,9098873591990
690781810 - HOSPICES CIVILS DE LYON;65-79;28;14;2017;11;25704;98940,00000000000;0,000427948957360722;42,3412698412698
690781810 - HOSPICES CIVILS DE LYON;65-79;32;62;2017;11;56196;185006,00000000000;0,000195743469286070;36,2137162787387
690781810 - HOSPICES CIVILS DE LYON;65-79;84;69;2018;23779;61019;213561,00000000000;0,389698290696340488;83224,3566594011645
690781810 - HOSPICES CIVILS DE LYON;65-79;84;38;2018;3774;43509;161233,00000000000;0,086740674343239330;13985,4591463835077
690781810 - HOSPICES CIVILS DE LYON;65-79;84;01;2018;2829;22659;81025,00000000000;0,124851052561895937;10116,0565338276174
690781810 - HOSPICES CIVILS DE LYON;65-79;84;26;2018;1157;20897;77597,00000000000;0,055366799062066326;4296,2975068191608
690781810 - HOSPICES CIVILS DE LYON;65-79;93;83;2018;1023;51991;191149,00000000000;0,019676482468119483;3761,1399472985709
690781810 - HOSPICES CIVILS DE LYON;65-79;27;71;2018;999;29046;95064,00000000000;0,034393720305721957;3269,6046271431524
690781810 - HOSPICES CIVILS DE LYON;65-79;84;42;2018;962;31830;113735,00000000000;0,030223060006283380;3437,4197298146400
690781810 - HOSPICES CIVILS DE LYON;65-79;84;07;2018;823;15247;55681,00000000000;0,053977831704597627;3005,5396471437007
690781810 - HOSPICES CIVILS DE LYON;65-79;84;74;2018;795;26135;98417,00000000000;0,030418978381480773;2993,7445953701931
690781810 - HOSPICES CIVILS DE LYON;65-79;84;73;2018;324;17190;61438,00000000000;0,018848167539267015;1157,9937172774869
690781810 - HOSPICES CIVILS DE LYON;65-79;27;39;2018;270;11674;41239,00000000000;0,023128319342127807;953,7887613500086
690781810 - HOSPICES CIVILS DE LYON;65-79;Others;Others;2018;247;NA;NA;NA;NA
690781810 - HOSPICES CIVILS DE LYON;65-79;84;43;2018;125;10688;37123,00000000000;0,011695359281437126;434,1668226047904
690781810 - HOSPICES CIVILS DE LYON;65-79;84;63;2018;95;25089;98032,00000000000;0,003786519988839730;371,2001275459365
690781810 - HOSPICES CIVILS DE LYON;65-79;84;03;2018;86;17154;61163,00000000000;0,005013407951498193;306,6350705374840
690781810 - HOSPICES CIVILS DE LYON;65-79;93;84;2018;86;22672;85895,00000000000;0,003793225123500353;325,8190719830628
690781810 - HOSPICES CIVILS DE LYON;65-79;27;21;2018;76;20829;75948,00000000000;0,003648758941859907;277,1159441163762
690781810 - HOSPICES CIVILS DE LYON;65-79;93;06;2018;72;46168;176351,00000000000;0,001559521746664356;275,0232195460059
690781810 - HOSPICES CIVILS DE LYON;65-79;93;13;2018;70;81821;285459,00000000000;0,000855526087434766;244,2176213930409
690781810 - HOSPICES CIVILS DE LYON;65-79;27;58;2018;47;12259;40040,00000000000;0,003833917937841586;153,5100742311771
690781810 - HOSPICES CIVILS DE LYON;65-79;27;25;2018;45;17711;73033,00000000000;0,002540793856925075;185,5617977528090
690781810 - HOSPICES CIVILS DE LYON;65-79;76;30;2018;40;31067;119677,00000000000;0,001287539833263592;154,0889046254869
690781810 - HOSPICES CIVILS DE LYON;65-79;76;34;2018;31;46286;174956,00000000000;0,000669748952166962;117,1765976753230
690781810 - HOSPICES CIVILS DE LYON;65-79;27;70;2018;24;10592;37660,00000000000;0,002265861027190333;85,3323262839879
690781810 - HOSPICES CIVILS DE LYON;65-79;11;75;2018;22;67642;259855,00000000000;0,000325241713728157;84,5156855208303
690781810 - HOSPICES CIVILS DE LYON;65-79;27;90;2018;20;5040;19294,00000000000;0,003968253968253968;76,5634920634921
690781810 - HOSPICES CIVILS DE LYON;65-79;44;68;2018;19;29282;104720,00000000000;0,000648862782596817;67,9489105935387
690781810 - HOSPICES CIVILS DE LYON;65-79;93;05;2018;18;6163;23524,00000000000;0,002920655524906701;68,7055005679052
690781810 - HOSPICES CIVILS DE LYON;65-79;75;17;2018;14;30803;121859,00000000000;0,000454501184949518;55,3850598967633
690781810 - HOSPICES CIVILS DE LYON;65-79;93;04;2018;11;8694;29524,00000000000;0,001265240395675178;37,3549574419140
690781810 - HOSPICES CIVILS DE LYON;65-79;32;59;2018;11;97744;307616,00000000000;0,000112538877066623;34,6187592077263
690781810 - HOSPICES CIVILS DE LYON;65-79;44;67;2018;11;43492;144666,00000000000;0,000252920077255587;36,5889358962568
690781810 - HOSPICES CIVILS DE LYON;65-79;27;89;2018;11;16558;55493,00000000000;0,000664331440995289;36,8657446551516
690781810 - HOSPICES CIVILS DE LYON;65-79;11;94;2018;11;37196;141671,00000000000;0,000295730723733735;41,8964673620819
690781810 - HOSPICES CIVILS DE LYON;65-79;84;69;2019;24156;61057;218367,00000000000;0,395630312658663219;86392,6044843343116
690781810 - HOSPICES CIVILS DE LYON;65-79;84;38;2019;3838;44105;165508,00000000000;0,087019612288856144;14402,4419907040028
690781810 - HOSPICES CIVILS DE LYON;65-79;84;01;2019;2770;22625;83678,00000000000;0,122430939226519334;10244,7761325966840
690781810 - HOSPICES CIVILS DE LYON;65-79;84;26;2019;1410;21100;79873,00000000000;0,066824644549763029;5337,4848341232228
690781810 - HOSPICES CIVILS DE LYON;65-79;27;71;2019;1081;29662;96943,00000000000;0,036443935001011396;3532,9843908030480
690781810 - HOSPICES CIVILS DE LYON;65-79;93;83;2019;1046;52441;195690,00000000000;0,019946225281745198;3903,2768253847180
690781810 - HOSPICES CIVILS DE LYON;65-79;84;42;2019;963;32049;116248,00000000000;0,030047739399045210;3492,9896096602074
690781810 - HOSPICES CIVILS DE LYON;65-79;84;07;2019;836;15591;57351,00000000000;0,053620678596626260;3075,1995381951128
690781810 - HOSPICES CIVILS DE LYON;65-79;84;74;2019;742;26199;101693,00000000000;0,028321691667620903;2880,1177907553724
690781810 - HOSPICES CIVILS DE LYON;65-79;84;73;2019;334;17359;63163,00000000000;0,019240739673944351;1215,3028400253470
690781810 - HOSPICES CIVILS DE LYON;65-79;27;39;2019;233;11423;42126,00000000000;0,020397443753829993;859,2627155738422
690781810 - HOSPICES CIVILS DE LYON;65-79;Others;Others;2019;220;NA;NA;NA;NA
690781810 - HOSPICES CIVILS DE LYON;65-79;84;43;2019;145;11141;38013,00000000000;0,013014989677766807;494,7388026209496
690781810 - HOSPICES CIVILS DE LYON;65-79;27;21;2019;101;21052;77975,00000000000;0,004797643929317879;374,0962853885616
690781810 - HOSPICES CIVILS DE LYON;65-79;93;84;2019;87;23772;88079,00000000000;0,003659767794043413;322,3486875315497
690781810 - HOSPICES CIVILS DE LYON;65-79;84;63;2019;84;25410;100654,00000000000;0,003305785123966942;332,7404958677686
690781810 - HOSPICES CIVILS DE LYON;65-79;84;03;2019;83;17855;62017,00000000000;0,004648557826939233;288,2896107532904
690781810 - HOSPICES CIVILS DE LYON;65-79;93;06;2019;82;46854;178818,00000000000;0,001750117385922227;312,9524907158407
690781810 - HOSPICES CIVILS DE LYON;65-79;93;13;2019;56;82809;291972,00000000000;0,000676254996437585;197,4475238198746
690781810 - HOSPICES CIVILS DE LYON;65-79;76;30;2019;48;32087;123367,00000000000;0,001495932932340200;184,5487580640134
690781810 - HOSPICES CIVILS DE LYON;65-79;76;34;2019;35;46669;180696,00000000000;0,000749962501874906;135,5152242387881
690781810 - HOSPICES CIVILS DE LYON;65-79;27;58;2019;32;11952;40748,00000000000;0,002677376171352075;109,0977242302543
690781810 - HOSPICES CIVILS DE LYON;65-79;27;25;2019;28;18437;74525,00000000000;0,001518685252481423;113,1800184411781
690781810 - HOSPICES CIVILS DE LYON;65-79;84;15;2019;23;8222;27110,00000000000;0,002797372901970323;75,8367793724155
690781810 - HOSPICES CIVILS DE LYON;65-79;27;70;2019;23;10860;38464,00000000000;0,002117863720073665;81,4615101289134
690781810 - HOSPICES CIVILS DE LYON;65-79;93;05;2019;21;6731;24232,00000000000;0,003119893032238895;75,6012479572129
690781810 - HOSPICES CIVILS DE LYON;65-79;11;93;2019;18;41915;145445,00000000000;0,000429440534414887;62,4599785279733
690781810 - HOSPICES CIVILS DE LYON;65-79;24;18;2019;17;13635;53552,00000000000;0,001246791345801247;66,7681701503484
690781810 - HOSPICES CIVILS DE LYON;65-79;11;75;2019;17;66876;262415,00000000000;0,000254201806328130;66,7063670075961
690781810 - HOSPICES CIVILS DE LYON;65-79;11;92;2019;15;42525;169526,00000000000;0,000352733686067019;59,7975308641975
690781810 - HOSPICES CIVILS DE LYON;65-79;27;89;2019;13;17115;56594,00000000000;0,000759567630733275;42,9869704937190
690781810 - HOSPICES CIVILS DE LYON;65-79;94;2B;2019;12;7391;30177,00000000000;0,001623596265728589;48,9952645108916
690781810 - HOSPICES CIVILS DE LYON;65-79;44;68;2019;11;28831;107715,00000000000;0,000381533765738268;41,0969095764975
690781810 - HOSPICES CIVILS DE LYON;65-79;84;69;2020;21285;53888;223106,00000000000;0,394985896674584336;88123,7234634798078
690781810 - HOSPICES CIVILS DE LYON;65-79;84;38;2020;3364;39249;169910,00000000000;0,085709190043058422;14562,8484802160565
690781810 - HOSPICES CIVILS DE LYON;65-79;84;01;2020;2471;20670;86116,00000000000;0,119545234639574269;10294,7574262215785
690781810 - HOSPICES CIVILS DE LYON;65-79;84;26;2020;1096;19168;81745,00000000000;0,057178631051752922;4674,0671953255423
690781810 - HOSPICES CIVILS DE LYON;65-79;27;71;2020;868;25787;99364,00000000000;0,033660371505021908;3344,6291542249969
690781810 - HOSPICES CIVILS DE LYON;65-79;84;42;2020;860;28070;118892,00000000000;0,030637691485571786;3642,5764161026009
690781810 - HOSPICES CIVILS DE LYON;65-79;84;07;2020;788;13791;58913,00000000000;0,057138713653832211;3366,2130374882172
690781810 - HOSPICES CIVILS DE LYON;65-79;93;83;2020;788;47164;201176,00000000000;0,016707658383512850;3361,1798829615814
690781810 - HOSPICES CIVILS DE LYON;65-79;84;74;2020;562;23648;103824,00000000000;0,023765223274695536;2467,4005412719894
690781810 - HOSPICES CIVILS DE LYON;65-79;84;73;2020;258;15460;64742,00000000000;0,016688227684346701;1080,4292367399742
690781810 - HOSPICES CIVILS DE LYON;65-79;27;39;2020;200;10446;43068,00000000000;0,019146084625694046;824,5835726593912
690781810 - HOSPICES CIVILS DE LYON;65-79;Others;Others;2020;199;NA;NA;NA;NA
690781810 - HOSPICES CIVILS DE LYON;65-79;84;43;2020;122;10215;38820,00000000000;0,011943220753793442;463,6358296622614
690781810 - HOSPICES CIVILS DE LYON;65-79;84;63;2020;61;23281;102787,00000000000;0,002620162364159615;269,3186289248744
690781810 - HOSPICES CIVILS DE LYON;65-79;27;21;2020;59;18866;79622,00000000000;0,003127318986536627;249,0033923460193
690781810 - HOSPICES CIVILS DE LYON;65-79;93;06;2020;52;41667;181861,00000000000;0,001247990016079871;226,9607123143015
690781810 - HOSPICES CIVILS DE LYON;65-79;93;84;2020;48;21805;89792,00000000000;0,002201329970190323;197,6618206833295
690781810 - HOSPICES CIVILS DE LYON;65-79;93;13;2020;45;74662;299069,00000000000;0,000602716241193646;180,2537435375425
690781810 - HOSPICES CIVILS DE LYON;65-79;84;03;2020;41;15714;63445,00000000000;0,002609138347969963;165,5367824869543
690781810 - HOSPICES CIVILS DE LYON;65-79;27;58;2020;39;10936;41376,00000000000;0,003566203365032919;147,5552304316020
690781810 - HOSPICES CIVILS DE LYON;65-79;76;30;2020;33;28284;126571,00000000000;0,001166737378022910;147,6751166737378
690781810 - HOSPICES CIVILS DE LYON;65-79;27;25;2020;28;16569;75888,00000000000;0,001689902830587241;128,2433460076046
690781810 - HOSPICES CIVILS DE LYON;65-79;93;05;2020;27;6188;25075,00000000000;0,004363283775048481;109,4093406593407
690781810 - HOSPICES CIVILS DE LYON;65-79;76;34;2020;26;42318;185474,00000000000;0,000614395765395340;113,9544401909353
690781810 - HOSPICES CIVILS DE LYON;65-79;27;70;2020;24;9581;39322,00000000000;0,002504957728838326;98,4999478133807
690781810 - HOSPICES CIVILS DE LYON;65-79;44;57;2020;17;38590;149372,00000000000;0,000440528634361233;65,8026431718062
690781810 - HOSPICES CIVILS DE LYON;65-79;11;75;2020;17;59590;264825,00000000000;0,000285282765564692;75,5500083906696
690781810 - HOSPICES CIVILS DE LYON;65-79;93;04;2020;15;7826;30913,00000000000;0,001916687963199591;59,2505750063890
690781810 - HOSPICES CIVILS DE LYON;65-79;84;15;2020;14;7157;27631,00000000000;0,001956126868799776;54,0497415118066
690781810 - HOSPICES CIVILS DE LYON;65-79;24;18;2020;14;11992;54413,00000000000;0,001167444963308873;63,5241827885257
690781810 - HOSPICES CIVILS DE LYON;65-79;76;11;2020;12;16879;70786,00000000000;0,000710942591385746;50,3247822738314
690781810 - HOSPICES CIVILS DE LYON;65-79;44;68;2020;12;26456;110765,00000000000;0,000453583308134261;50,2411551254914
690781810 - HOSPICES CIVILS DE LYON;65-79;84;69;2021;21905;55853;226488,00000000000;0,392190213596404824;88826,3770970225305
690781810 - HOSPICES CIVILS DE LYON;65-79;84;38;2021;3680;41947;174465,00000000000;0,087729754213650563;15305,7715688845456
690781810 - HOSPICES CIVILS DE LYON;65-79;84;01;2021;2578;21587;89035,00000000000;0,119423727243248248;10632,8915551026075
690781810 - HOSPICES CIVILS DE LYON;65-79;84;26;2021;1246;20738;83361,00000000000;0,060082939531295204;5008,5739222682996
690781810 - HOSPICES CIVILS DE LYON;65-79;93;83;2021;1039;49827;205728,00000000000;0,020852148433580187;4289,8707929435850
690781810 - HOSPICES CIVILS DE LYON;65-79;84;42;2021;987;30732;121055,00000000000;0,032116360796563839;3887,8460562280356
690781810 - HOSPICES CIVILS DE LYON;65-79;27;71;2021;865;26908;101525,00000000000;0,032146573509736882;3263,6808755760371
690781810 - HOSPICES CIVILS DE LYON;65-79;84;07;2021;825;14880;60438,00000000000;0,055443548387096774;3350,8971774193546
690781810 - HOSPICES CIVILS DE LYON;65-79;84;74;2021;598;24983;106121,00000000000;0,023936276668134332;2540,1416162990836
690781810 - HOSPICES CIVILS DE LYON;65-79;84;73;2021;299;17558;66683,00000000000;0,017029274404829708;1135,5631051372595
690781810 - HOSPICES CIVILS DE LYON;65-79;Others;Others;2021;250;NA;NA;NA;NA
690781810 - HOSPICES CIVILS DE LYON;65-79;27;39;2021;213;10671;43811,00000000000;0,019960640989597975;874,4956423952768
690781810 - HOSPICES CIVILS DE LYON;65-79;84;43;2021;132;11126;40052,00000000000;0,011864102103181737;475,1810174366349
690781810 - HOSPICES CIVILS DE LYON;65-79;84;03;2021;91;17062;64820,00000000000;0,005333489626069629;345,7167975618333
690781810 - HOSPICES CIVILS DE LYON;65-79;93;84;2021;71;22267;92604,00000000000;0,003188575021332016;295,2748012754300
690781810 - HOSPICES CIVILS DE LYON;65-79;84;63;2021;64;24989;104815,00000000000;0,002561126895834167;268,4445155868582
690781810 - HOSPICES CIVILS DE LYON;65-79;27;21;2021;60;19557;81593,00000000000;0,003067955207853965;250,3236692744286
690781810 - HOSPICES CIVILS DE LYON;65-79;93;06;2021;54;43298;184609,00000000000;0,001247170770012472;230,2389486812324
690781810 - HOSPICES CIVILS DE LYON;65-79;93;13;2021;52;77276;304490,00000000000;0,000672912676639578;204,8951809099850
690781810 - HOSPICES CIVILS DE LYON;65-79;27;25;2021;42;16976;77333,00000000000;0,002474081055607917;191,3281102733270
690781810 - HOSPICES CIVILS DE LYON;65-79;27;58;2021;41;11290;42129,00000000000;0,003631532329495128;152,9928255093003
690781810 - HOSPICES CIVILS DE LYON;65-79;93;05;2021;28;6557;26019,00000000000;0,004270245539118500;111,1075186823242
690781810 - HOSPICES CIVILS DE LYON;65-79;76;30;2021;27;29931;130470,00000000000;0,000902074771975544;117,6936954996492
690781810 - HOSPICES CIVILS DE LYON;65-79;76;34;2021;27;45106;191014,00000000000;0,000598589988028200;114,3390679732186
690781810 - HOSPICES CIVILS DE LYON;65-79;84;15;2021;22;7501;28513,00000000000;0,002932942274363418;83,6269830689241
690781810 - HOSPICES CIVILS DE LYON;65-79;11;75;2021;17;60023;267247,00000000000;0,000283224763840528;75,6909684620895
690781810 - HOSPICES CIVILS DE LYON;65-79;27;90;2021;14;4500;20133,00000000000;0,003111111111111111;62,6360000000000
690781810 - HOSPICES CIVILS DE LYON;65-79;93;04;2021;12;8089;31626,00000000000;0,001483496105822722;46,9170478427494
690781810 - HOSPICES CIVILS DE LYON;65-79;44;68;2021;11;27695;113435,00000000000;0,000397183607149305;45,0545224769814
690781810 - HOSPICES CIVILS DE LYON;65-79;84;69;2022;21204;55487;230542,00000000000;0,382143565159406728;88100,1417989799520
690781810 - HOSPICES CIVILS DE LYON;65-79;84;38;2022;3676;41137;179276,00000000000;0,089359943603082387;16020,0932493861983
690781810 - HOSPICES CIVILS DE LYON;65-79;84;01;2022;2522;20920;91272,00000000000;0,120554493307839392;11003,2497131931177
690781810 - HOSPICES CIVILS DE LYON;65-79;84;26;2022;1297;20692;85249,00000000000;0,062681229460661125;5343,5121302919006
690781810 - HOSPICES CIVILS DE LYON;65-79;93;83;2022;953;51237;211260,00000000000;0,018599839959404337;3929,4021898237602
690781810 - HOSPICES CIVILS DE LYON;65-79;84;42;2022;896;30778;123155,00000000000;0,029111703164598088;3585,2518032360776
690781810 - HOSPICES CIVILS DE LYON;65-79;27;71;2022;889;27513;103615,00000000000;0,032311997964598556;3348,0076691018794
690781810 - HOSPICES CIVILS DE LYON;65-79;84;07;2022;836;15635;61726,00000000000;0,053469779341221615;3300,4755996162453
690781810 - HOSPICES CIVILS DE LYON;65-79;84;74;2022;635;23507;108494,00000000000;0,027013230101671844;2930,7733866507851
690781810 - HOSPICES CIVILS DE LYON;65-79;84;73;2022;316;17096;68759,00000000000;0,018483855872718766;1270,9314459522695
690781810 - HOSPICES CIVILS DE LYON;65-79;27;39;2022;231;10814;44659,00000000000;0,021361198446458295;953,9697614203810
690781810 - HOSPICES CIVILS DE LYON;65-79;Others;Others;2022;207;NA;NA;NA;NA
690781810 - HOSPICES CIVILS DE LYON;65-79;84;43;2022;119;11562;41160,00000000000;0,010292336965922851;423,6325895173845
690781810 - HOSPICES CIVILS DE LYON;65-79;84;03;2022;75;17162;65999,00000000000;0,004370120032630229;288,4235520335625
690781810 - HOSPICES CIVILS DE LYON;65-79;84;63;2022;70;25465;107502,00000000000;0,002748870999410956;295,5091301786766
690781810 - HOSPICES CIVILS DE LYON;65-79;93;13;2022;66;77817;308473,00000000000;0,000848143721808859;261,6294382975442
690781810 - HOSPICES CIVILS DE LYON;65-79;93;84;2022;66;22268;94982,00000000000;0,002963894377582181;281,5166157715107
690781810 - HOSPICES CIVILS DE LYON;65-79;93;06;2022;58;43192;187688,00000000000;0,001342841266901278;252,0351917021671
690781810 - HOSPICES CIVILS DE LYON;65-79;76;30;2022;53;30697;134076,00000000000;0,001726553083363195;231,4893312050037
690781810 - HOSPICES CIVILS DE LYON;65-79;27;25;2022;36;16650;79290,00000000000;0,002162162162162162;171,4378378378378
690781810 - HOSPICES CIVILS DE LYON;65-79;27;58;2022;36;11684;43116,00000000000;0,003081136597055803;132,8462855186580
690781810 - HOSPICES CIVILS DE LYON;65-79;27;21;2022;34;19930;83710,00000000000;0,001705970898143502;142,8068238835926
690781810 - HOSPICES CIVILS DE LYON;65-79;93;05;2022;20;6720;26725,00000000000;0,002976190476190476;79,5386904761905
690781810 - HOSPICES CIVILS DE LYON;65-79;84;15;2022;16;7617;29434,00000000000;0,002100564526716555;61,8280162793751
690781810 - HOSPICES CIVILS DE LYON;65-79;76;34;2022;16;45975;196523,00000000000;0,000348015225666123;68,3929961935835
690781810 - HOSPICES CIVILS DE LYON;65-79;44;68;2022;16;27088;115978,00000000000;0,000590667454223272;68,5044300059067
690781810 - HOSPICES CIVILS DE LYON;65-79;94;2B;2022;13;7143;32495,00000000000;0,001819963600727986;59,1397172056559
690781810 - HOSPICES CIVILS DE LYON;65-79;44;57;2022;13;39865;157440,00000000000;0,000326100589489527;51,3412768092312
690781810 - HOSPICES CIVILS DE LYON;65-79;27;70;2022;12;9955;41773,00000000000;0,001205424409844299;50,3541938724259
690781810 - HOSPICES CIVILS DE LYON;65-79;27;90;2022;12;4639;20766,00000000000;0,002586764388876913;53,7167492994180
690781810 - HOSPICES CIVILS DE LYON;65-79;93;04;2022;11;8514;32278,00000000000;0,001291989664082687;41,7028423772610
690781810 - HOSPICES CIVILS DE LYON;65-79;76;11;2022;11;18462;74265,00000000000;0,000595818437872386;44,2484562885928
690781810 - HOSPICES CIVILS DE LYON;65-79;44;67;2022;11;41253;161767,00000000000;0,000266647274137638;43,1347295954234
690781810 - HOSPICES CIVILS DE LYON;65-79;28;76;2022;11;45390;190776,00000000000;0,000242344128662701;46,2334434897555
690781810 - HOSPICES CIVILS DE LYON;65-79;84;69;2023;20885;56356;233351,00000000000;0,370590531620413111;86477,6711441550142
690781810 - HOSPICES CIVILS DE LYON;65-79;84;38;2023;3735;42600;183195,00000000000;0,087676056338028163;16061,8151408450685
690781810 - HOSPICES CIVILS DE LYON;65-79;84;01;2023;2627;22053;93543,00000000000;0,119122114905001589;11143,0399945585632
690781810 - HOSPICES CIVILS DE LYON;65-79;84;26;2023;1323;21254;86763,00000000000;0,062247106427025502;5400,7456949280140
690781810 - HOSPICES CIVILS DE LYON;65-79;93;83;2023;1092;53557;215188,00000000000;0,020389491569729447;4387,5739119069403
690781810 - HOSPICES CIVILS DE LYON;65-79;84;42;2023;894;33218;124987,00000000000;0,026913119393100128;3363,7900535854055
690781810 - HOSPICES CIVILS DE LYON;65-79;84;07;2023;872;16543;63312,00000000000;0,052711116484313605;3337,2462068548630
690781810 - HOSPICES CIVILS DE LYON;65-79;27;71;2023;816;28735;105417,00000000000;0,028397424743344352;2993,5713241691315
690781810 - HOSPICES CIVILS DE LYON;65-79;84;74;2023;669;24694;110168,00000000000;0,027091601198671742;2984,6275208552684
690781810 - HOSPICES CIVILS DE LYON;65-79;84;73;2023;340;17497;70320,00000000000;0,019431902611876321;1366,4513916671428
690781810 - HOSPICES CIVILS DE LYON;65-79;27;39;2023;215;11109;45401,00000000000;0,019353677198667749;878,6762984967145
690781810 - HOSPICES CIVILS DE LYON;65-79;Others;Others;2023;205;NA;NA;NA;NA
690781810 - HOSPICES CIVILS DE LYON;65-79;84;43;2023;100;11911;42295,00000000000;0,008395600705230459;355,0919318277222
690781810 - HOSPICES CIVILS DE LYON;65-79;93;84;2023;73;23277;96932,00000000000;0,003136142973750913;303,9926107316235
690781810 - HOSPICES CIVILS DE LYON;65-79;93;13;2023;71;81590;312816,00000000000;0,000870204681946317;272,2139477877191
690781810 - HOSPICES CIVILS DE LYON;65-79;93;06;2023;70;43965;189777,00000000000;0,001592175594222677;302,1583077447970
690781810 - HOSPICES CIVILS DE LYON;65-79;84;63;2023;69;26127;109090,00000000000;0,002640946147663337;288,1008152485934
690781810 - HOSPICES CIVILS DE LYON;65-79;84;03;2023;63;17632;66970,00000000000;0,003573049001814882;239,2870916515427
690781810 - HOSPICES CIVILS DE LYON;65-79;27;21;2023;46;20641;85245,00000000000;0,002228574196986580;189,9748074221210
690781810 - HOSPICES CIVILS DE LYON;65-79;27;58;2023;43;11695;43817,00000000000;0,003676784950833690;161,1056861906798
690781810 - HOSPICES CIVILS DE LYON;65-79;76;30;2023;41;32146;137244,00000000000;0,001275430846761650;175,0452311329559
690781810 - HOSPICES CIVILS DE LYON;65-79;27;25;2023;34;16921;80719,00000000000;0,002009337509603451;162,1917144376810
690781810 - HOSPICES CIVILS DE LYON;65-79;93;05;2023;29;7074;27494,00000000000;0,004099519366694939;112,7121854679107
690781810 - HOSPICES CIVILS DE LYON;65-79;76;34;2023;23;48860;200656,00000000000;0,000470732705689726;94,4553417928776
690781810 - HOSPICES CIVILS DE LYON;65-79;93;04;2023;22;8985;32927,00000000000;0,002448525319977740;80,6225932109071
690781810 - HOSPICES CIVILS DE LYON;65-79;27;70;2023;21;10347;42604,00000000000;0,002029573789504204;86,4679617280371
690781810 - HOSPICES CIVILS DE LYON;65-79;44;68;2023;20;26881;118455,00000000000;0,000744019939734385;88,1328819612366
690781810 - HOSPICES CIVILS DE LYON;65-79;84;15;2023;14;8121;30176,00000000000;0,001723925624923039;52,0211796576776
690781810 - HOSPICES CIVILS DE LYON;65-79;11;75;2023;14;60217;269199,00000000000;0,000232492485510736;62,5867446070047
690781810 - HOSPICES CIVILS DE LYON;65-79;76;81;2023;13;18064;72719,00000000000;0,000719663418954827;52,3332041629761
690781810 - HOSPICES CIVILS DE LYON;65-79;75;19;2023;12;11964;48242,00000000000;0,001003009027081244;48,3871614844534
690781810 - HOSPICES CIVILS DE LYON;65-79;75;64;2023;12;28223;124400,00000000000;0,000425185132693193;52,8930305070333
690781810 - HOSPICES CIVILS DE LYON;65-79;28;76;2023;12;46407;195341,00000000000;0,000258581679488008;50,5116038528670
690781810 - HOSPICES CIVILS DE LYON;65-79;24;18;2023;11;13690;57154,00000000000;0,000803506208911614;45,9235938641344
690781810 - HOSPICES CIVILS DE LYON;65-79;27;89;2023;11;17164;61630,00000000000;0,000640876252621766;39,4972034490795
690781810 - HOSPICES CIVILS DE LYON;65-79;11;92;2023;11;40479;183046,00000000000;0,000271745843523802;49,7419896736579
690781810 - HOSPICES CIVILS DE LYON;65-79;84;69;2024;21754;58238;236100,00000000000;0,373536179127030465;88191,8918918918935
690781810 - HOSPICES CIVILS DE LYON;65-79;84;38;2024;4045;43871;186487,00000000000;0,092202138086663166;17194,5001253675546
690781810 - HOSPICES CIVILS DE LYON;65-79;84;01;2024;2800;22997;95758,00000000000;0,121755011523242168;11659,0163934426237
690781810 - HOSPICES CIVILS DE LYON;65-79;84;26;2024;1276;21898;87947,00000000000;0,058270161658598961;5124,6859073888027
690781810 - HOSPICES CIVILS DE LYON;65-79;93;83;2024;1152;54346;218836,00000000000;0,021197512236411142;4638,7787877672690
690781810 - HOSPICES CIVILS DE LYON;65-79;84;07;2024;963;17261;64609,00000000000;0,055790510399165751;3604,5690863796999
690781810 - HOSPICES CIVILS DE LYON;65-79;84;42;2024;921;33975;126522,00000000000;0,027108167770419425;3429,7796026490064
690781810 - HOSPICES CIVILS DE LYON;65-79;27;71;2024;869;28893;107286,00000000000;0,030076489115010555;3226,7862111930222
690781810 - HOSPICES CIVILS DE LYON;65-79;84;74;2024;692;24774;112219,00000000000;0,027932509889400176;3134,5583272785984
690781810 - HOSPICES CIVILS DE LYON;65-79;84;73;2024;356;17951;72000,00000000000;0,019831764247117151;1427,8870257924350
690781810 - HOSPICES CIVILS DE LYON;65-79;27;39;2024;238;11384;46256,00000000000;0,020906535488404779;967,0527055516515
690781810 - HOSPICES CIVILS DE LYON;65-79;Others;Others;2024;227;NA;NA;NA;NA
690781810 - HOSPICES CIVILS DE LYON;65-79;84;43;2024;127;12307;43055,00000000000;0,010319330462338506;444,2987730559844
690781810 - HOSPICES CIVILS DE LYON;65-79;93;13;2024;78;82894;316578,00000000000;0,000940960745047893;297,8874707457717
690781810 - HOSPICES CIVILS DE LYON;65-79;93;84;2024;72;23871;98746,00000000000;0,003016212140253864;297,8388840015081
690781810 - HOSPICES CIVILS DE LYON;65-79;27;21;2024;69;21254;86493,00000000000;0,003246447727486591;280,7950032934977
690781810 - HOSPICES CIVILS DE LYON;65-79;84;63;2024;69;26724;110291,00000000000;0,002581948810058375;284,7657162101482
690781810 - HOSPICES CIVILS DE LYON;65-79;84;03;2024;66;18328;67848,00000000000;0,003601047577477084;244,3238760366652
690781810 - HOSPICES CIVILS DE LYON;65-79;27;58;2024;57;12243;44262,00000000000;0,004655721636853712;206,0715510904190
690781810 - HOSPICES CIVILS DE LYON;65-79;93;06;2024;54;45017;191576,00000000000;0,001199546837861253;229,8043850101073
690781810 - HOSPICES CIVILS DE LYON;65-79;76;30;2024;38;33420;139917,00000000000;0,001137043686415320;159,0917414721723
690781810 - HOSPICES CIVILS DE LYON;65-79;27;25;2024;30;16593;82037,00000000000;0,001807991321641656;148,3221840535165
690781810 - HOSPICES CIVILS DE LYON;65-79;11;75;2024;30;60566;268522,00000000000;0,000495327411418948;133,0063071690387
690781810 - HOSPICES CIVILS DE LYON;65-79;76;34;2024;29;49588;204238,00000000000;0,000584818907800274;119,4422440913124
690781810 - HOSPICES CIVILS DE LYON;65-79;84;15;2024;28;7753;30610,00000000000;0,003611505223784341;110,5481749000387
690781810 - HOSPICES CIVILS DE LYON;65-79;93;04;2024;24;9242;33654,00000000000;0,002596840510711967;87,3940705475005
690781810 - HOSPICES CIVILS DE LYON;65-79;94;2B;2024;20;7655;33450,00000000000;0,002612671456564337;87,3938602220771
690781810 - HOSPICES CIVILS DE LYON;65-79;93;05;2024;19;7314;28143,00000000000;0,002597757724911129;73,1086956521739
690781810 - HOSPICES CIVILS DE LYON;65-79;44;68;2024;18;27834;121418,00000000000;0,000646691097219228;78,5199396421643
690781810 - HOSPICES CIVILS DE LYON;65-79;76;48;2024;11;3916;15014,00000000000;0,002808988764044944;42,1741573033708
690781810 - HOSPICES CIVILS DE LYON;65-79;27;70;2024;11;10333;43444,00000000000;0,001064550469369980;46,2483305913094
690781810 - HOSPICES CIVILS DE LYON;65-79;28;76;2024;11;46226;199173,00000000000;0,000237961320469000;47,3954700817722
690781810 - HOSPICES CIVILS DE LYON;65-79;27;89;2024;11;17783;62560,00000000000;0,000618568295563178;38,6976325704324
690781810 - HOSPICES CIVILS DE LYON;65-79;84;69;2025;19847;54084;239004,00000000000;0,366966200724798464;87706,3898380297323
690781810 - HOSPICES CIVILS DE LYON;65-79;84;38;2025;3928;42609;189931,00000000000;0,092187096622779227;17509,1874486610832
690781810 - HOSPICES CIVILS DE LYON;65-79;84;01;2025;2863;22276;97888,00000000000;0,128523971987789559;12580,9545699407445
690781810 - HOSPICES CIVILS DE LYON;65-79;84;26;2025;1343;20949;89440,00000000000;0,064108071984342929;5733,8259582796318
690781810 - HOSPICES CIVILS DE LYON;65-79;93;83;2025;1092;50138;222288,00000000000;0,021779887510471101;4841,4076349276002
690781810 - HOSPICES CIVILS DE LYON;65-79;84;07;2025;936;16711;66037,00000000000;0,056011010711507388;3698,7991143558133
690781810 - HOSPICES CIVILS DE LYON;65-79;84;42;2025;928;31773;128192,00000000000;0,029207188493374878;3744,1279073427122
690781810 - HOSPICES CIVILS DE LYON;65-79;27;71;2025;833;26156;108404,00000000000;0,031847377274812662;3452,3830860987919
690781810 - HOSPICES CIVILS DE LYON;65-79;84;74;2025;620;24243;114557,00000000000;0,025574392608175556;2929,7256940147672
690781810 - HOSPICES CIVILS DE LYON;65-79;84;73;2025;385;16767;73684,00000000000;0,022961770143734718;1691,9150712709491
690781810 - HOSPICES CIVILS DE LYON;65-79;Others;Others;2025;230;NA;NA;NA;NA
690781810 - HOSPICES CIVILS DE LYON;65-79;27;39;2025;200;10705;46887,00000000000;0,018682858477347034;875,9831854273704
690781810 - HOSPICES CIVILS DE LYON;65-79;84;43;2025;125;11598;44101,00000000000;0,010777720296602863;475,3082428004828
690781810 - HOSPICES CIVILS DE LYON;65-79;93;84;2025;78;22423;100471,00000000000;0,003478571110020960;349,4955179949159
690781810 - HOSPICES CIVILS DE LYON;65-79;84;63;2025;71;25179;111826,00000000000;0,002819810159259700;315,3280908693753
690781810 - HOSPICES CIVILS DE LYON;65-79;27;21;2025;70;19410;87913,00000000000;0,003606388459556929;317,0484286450283
690781810 - HOSPICES CIVILS DE LYON;65-79;93;13;2025;67;77461;320902,00000000000;0,000864951394895496;277,5646325247544
690781810 - HOSPICES CIVILS DE LYON;65-79;84;03;2025;62;17115;68799,00000000000;0,003622553315804849;249,2280455740578
690781810 - HOSPICES CIVILS DE LYON;65-79;27;58;2025;53;11478;44894,00000000000;0,004617529186269385;207,2993552883778
690781810 - HOSPICES CIVILS DE LYON;65-79;76;30;2025;49;30385;142994,00000000000;0,001612637814711206;230,5975316768142
690781810 - HOSPICES CIVILS DE LYON;65-79;93;06;2025;43;42119;194293,00000000000;0,001020916925852941;198,3570122747454
690781810 - HOSPICES CIVILS DE LYON;65-79;93;04;2025;24;8178;34350,00000000000;0,002934702861335290;100,8070432868672
690781810 - HOSPICES CIVILS DE LYON;65-79;11;75;2025;24;57033;267679,00000000000;0,000420809005312714;112,6417337331019
690781810 - HOSPICES CIVILS DE LYON;65-79;44;68;2025;23;26541;124672,00000000000;0,000866583776044610;108,0387325270336
690781810 - HOSPICES CIVILS DE LYON;65-79;84;15;2025;21;7386;31106,00000000000;0,002843216896831844;88,4411047928513
690781810 - HOSPICES CIVILS DE LYON;65-79;27;25;2025;21;15466;83206,00000000000;0,001357817147290832;112,9785335574809
690781810 - HOSPICES CIVILS DE LYON;65-79;76;34;2025;21;45573;207580,00000000000;0,000460799157395826;95,6526890922257
690781810 - HOSPICES CIVILS DE LYON;65-79;93;05;2025;19;6518;28827,00000000000;0,002915004602638846;84,0308376802700
690781810 - HOSPICES CIVILS DE LYON;65-79;27;70;2025;16;9735;44224,00000000000;0,001643554185927067;72,6845403184386
690781810 - HOSPICES CIVILS DE LYON;65-79;11;77;2025;12;37542;180168,00000000000;0,000319642000958926;57,5892600287678
690781810 - HOSPICES CIVILS DE LYON;65-79;11;92;2025;12;39045;189027,00000000000;0,000307337687283903;58,0951210142144
690781810 - HOSPICES CIVILS DE LYON;65-79;24;18;2025;11;13322;58209,00000000000;0,000825701846569584;48,0632787869689
690781810 - HOSPICES CIVILS DE LYON;65-79;44;51;2025;11;20842;90066,00000000000;0,000527780443335572;47,5350734094617
690781810 - HOSPICES CIVILS DE LYON;65-79;32;59;2025;11;98083;373387,00000000000;0,000112149913848475;41,8753198821406
690781810 - HOSPICES CIVILS DE LYON;80+;84;69;2016;19769;56590;96166,00000000000;0,349337338752429782;33594,3745184661602
690781810 - HOSPICES CIVILS DE LYON;80+;84;01;2016;1082;18000;31877,00000000000;0,060111111111111108;1916,1618888888888
690781810 - HOSPICES CIVILS DE LYON;80+;84;38;2016;1001;34931;64845,00000000000;0,028656494231484926;1858,2303684406399
690781810 - HOSPICES CIVILS DE LYON;80+;93;83;2016;354;41283;80148,00000000000;0,008574958215245985;687,2657510355352
690781810 - HOSPICES CIVILS DE LYON;80+;84;26;2016;256;15410;31486,00000000000;0,016612589227774172;523,0639844256975
690781810 - HOSPICES CIVILS DE LYON;80+;27;71;2016;232;26175;44306,00000000000;0,008863419293218721;392,7026552053487
690781810 - HOSPICES CIVILS DE LYON;80+;84;42;2016;195;26205;53308,00000000000;0,007441327990841442;396,6823125357756
690781810 - HOSPICES CIVILS DE LYON;80+;84;07;2016;153;12689;23791,00000000000;0,012057687761052880;286,8644495232090
690781810 - HOSPICES CIVILS DE LYON;80+;84;74;2016;142;18905;36274,00000000000;0,007511240412589262;272,4627347262629
690781810 - HOSPICES CIVILS DE LYON;80+;Others;Others;2016;132;3338;NA;0,039544637507489516;NA
690781810 - HOSPICES CIVILS DE LYON;80+;27;39;2016;78;10591;18820,00000000000;0,007364743650269096;138,6044754980644
690781810 - HOSPICES CIVILS DE LYON;80+;84;73;2016;42;14200;25909,00000000000;0,002957746478873239;76,6322535211268
690781810 - HOSPICES CIVILS DE LYON;80+;84;43;2016;22;8813;16699,00000000000;0,002496312265970725;41,6859185294451
690781810 - HOSPICES CIVILS DE LYON;80+;93;13;2016;18;64853;121378,00000000000;0,000277550768661434;33,6885571985876
690781810 - HOSPICES CIVILS DE LYON;80+;93;84;2016;17;16747;35359,00000000000;0,001015107183376127;35,8931748969965
690781810 - HOSPICES CIVILS DE LYON;80+;93;06;2016;15;43175;86470,00000000000;0,000347423277359583;30,0416907932831
690781810 - HOSPICES CIVILS DE LYON;80+;76;30;2016;12;22103;48072,00000000000;0,000542912726779170;26,0989006017283
690781810 - HOSPICES CIVILS DE LYON;80+;84;69;2017;21177;58258;98209,00000000000;0,363503724810326501;35699,3373098973534
690781810 - HOSPICES CIVILS DE LYON;80+;84;38;2017;1148;35558;66998,00000000000;0,032285280386973397;2163,0492153664436
690781810 - HOSPICES CIVILS DE LYON;80+;84;01;2017;1107;18951;32722,00000000000;0,058413804020895993;1911,4164951717587
690781810 - HOSPICES CIVILS DE LYON;80+;93;83;2017;334;42188;82085,00000000000;0,007916943206599032;649,8622831136815
690781810 - HOSPICES CIVILS DE LYON;80+;27;71;2017;226;26032;45105,00000000000;0,008681622618315919;391,5845881991395
690781810 - HOSPICES CIVILS DE LYON;80+;84;26;2017;225;15683;32565,00000000000;0,014346744882994325;467,2017471147102
690781810 - HOSPICES CIVILS DE LYON;80+;84;42;2017;193;26210;54091,00000000000;0,007363601678748570;398,3045784051889
690781810 - HOSPICES CIVILS DE LYON;80+;84;07;2017;173;12674;24342,00000000000;0,013649992109831151;332,2681079375099
690781810 - HOSPICES CIVILS DE LYON;80+;84;74;2017;134;19403;37746,00000000000;0,006906148533731897;260,6794825542442
690781810 - HOSPICES CIVILS DE LYON;80+;Others;Others;2017;118;NA;NA;NA;NA
690781810 - HOSPICES CIVILS DE LYON;80+;27;39;2017;65;10687;19175,00000000000;0,006082155890334051;116,6253391971554
690781810 - HOSPICES CIVILS DE LYON;80+;84;73;2017;47;14324;26884,00000000000;0,003281206366936610;88,2119519687238
690781810 - HOSPICES CIVILS DE LYON;80+;93;06;2017;21;43706;87152,00000000000;0,000480483228847298;41,8750743604997
690781810 - HOSPICES CIVILS DE LYON;80+;93;84;2017;19;16881;36006,00000000000;0,001125525738996505;40,5256797583082
690781810 - HOSPICES CIVILS DE LYON;80+;93;13;2017;14;66007;124439,00000000000;0,000212098716802763;26,3933522202191
690781810 - HOSPICES CIVILS DE LYON;80+;84;43;2017;13;8947;17000,00000000000;0,001453001005923773;24,7010171007041
690781810 - HOSPICES CIVILS DE LYON;80+;84;63;2017;13;20677;42622,00000000000;0,000628717899114959;26,7972142960778
690781810 - HOSPICES CIVILS DE LYON;80+;27;21;2017;12;19124;34128,00000000000;0,000627483790002092;21,4147667851914
690781810 - HOSPICES CIVILS DE LYON;80+;84;69;2018;20558;58048;99598,00000000000;0,354155181918412332;35273,1478087100331
690781810 - HOSPICES CIVILS DE LYON;80+;84;38;2018;1216;36117;68092,00000000000;0,033668355622006256;2292,5456710136500
690781810 - HOSPICES CIVILS DE LYON;80+;84;01;2018;1182;18683;33170,00000000000;0,063266070759514001;2098,5355670930794
690781810 - HOSPICES CIVILS DE LYON;80+;93;83;2018;342;41809;84396,00000000000;0,008180056925542347;690,3640842880719
690781810 - HOSPICES CIVILS DE LYON;80+;84;42;2018;260;26547;55003,00000000000;0,009793950352205523;538,6966512223604
690781810 - HOSPICES CIVILS DE LYON;80+;84;26;2018;254;15791;33111,00000000000;0,016085111772528655;532,5941359001963
690781810 - HOSPICES CIVILS DE LYON;80+;27;71;2018;230;26303;45187,00000000000;0,008744249705356803;395,1264114359579
690781810 - HOSPICES CIVILS DE LYON;80+;84;07;2018;206;12583;24282,00000000000;0,016371294603830563;397,5277755702137
690781810 - HOSPICES CIVILS DE LYON;80+;Others;Others;2018;133;NA;NA;NA;NA
690781810 - HOSPICES CIVILS DE LYON;80+;84;74;2018;129;19434;38766,00000000000;0,006637851188638469;257,3229391787589
690781810 - HOSPICES CIVILS DE LYON;80+;27;39;2018;56;10772;19139,00000000000;0,005198663200891200;99,4972150018567
690781810 - HOSPICES CIVILS DE LYON;80+;84;73;2018;48;14875;27002,00000000000;0,003226890756302521;87,1325042016807
690781810 - HOSPICES CIVILS DE LYON;80+;84;63;2018;25;20806;42717,00000000000;0,001201576468326444;51,3277419975007
690781810 - HOSPICES CIVILS DE LYON;80+;84;43;2018;20;8918;17056,00000000000;0,002242655303879794;38,2507288629738
690781810 - HOSPICES CIVILS DE LYON;80+;93;06;2018;16;42110;87421,00000000000;0,000379957254808834;33,2162431726431
690781810 - HOSPICES CIVILS DE LYON;80+;93;84;2018;16;16953;36535,00000000000;0,000943785760632336;34,4812127647024
690781810 - HOSPICES CIVILS DE LYON;80+;76;34;2018;14;33246;72941,00000000000;0,000421103290621428;30,7156951212176
690781810 - HOSPICES CIVILS DE LYON;80+;84;03;2018;13;14986;30458,00000000000;0,000867476311223809;26,4215934872548
690781810 - HOSPICES CIVILS DE LYON;80+;27;21;2018;12;18626;34351,00000000000;0,000644260710834318;22,1309996778696
690781810 - HOSPICES CIVILS DE LYON;80+;11;75;2018;11;61835;107585,00000000000;0,000177892779170373;19,1385946470446
690781810 - HOSPICES CIVILS DE LYON;80+;84;69;2019;20308;57641;100865,00000000000;0,352318662063461796;35536,6218490310712
690781810 - HOSPICES CIVILS DE LYON;80+;84;38;2019;1285;37005;69243,00000000000;0,034725037157140926;2404,4657478719091
690781810 - HOSPICES CIVILS DE LYON;80+;84;01;2019;1134;18638;33532,00000000000;0,060843438137139175;2040,2021676145507
690781810 - HOSPICES CIVILS DE LYON;80+;93;83;2019;390;41816;86718,00000000000;0,009326573560359671;808,7818060072700
690781810 - HOSPICES CIVILS DE LYON;80+;84;26;2019;319;15911;33668,00000000000;0,020049022688705925;675,0104958833510
690781810 - HOSPICES CIVILS DE LYON;80+;27;71;2019;247;26247;45517,00000000000;0,009410599306587419;428,3422486379396
690781810 - HOSPICES CIVILS DE LYON;80+;84;42;2019;245;26905;55341,00000000000;0,009106114105184910;503,9414606950381
690781810 - HOSPICES CIVILS DE LYON;80+;84;07;2019;167;12902;24745,00000000000;0,012943729654317161;320,2925902960781
690781810 - HOSPICES CIVILS DE LYON;80+;84;74;2019;132;19810;39482,00000000000;0,006663301362948006;263,0804644119132
690781810 - HOSPICES CIVILS DE LYON;80+;Others;Others;2019;128;NA;NA;NA;NA
690781810 - HOSPICES CIVILS DE LYON;80+;27;39;2019;54;10149;19173,00000000000;0,005320721253325451;102,0141885900089
690781810 - HOSPICES CIVILS DE LYON;80+;84;73;2019;49;14970;27360,00000000000;0,003273213092852371;89,5551102204409
690781810 - HOSPICES CIVILS DE LYON;80+;84;43;2019;32;9273;17146,00000000000;0,003450878895718753;59,1687695459937
690781810 - HOSPICES CIVILS DE LYON;80+;93;06;2019;20;42665;88055,00000000000;0,000468768311262159;41,2773936481894
690781810 - HOSPICES CIVILS DE LYON;80+;93;84;2019;20;17322;37046,00000000000;0,001154601085325020;42,7733518069507
690781810 - HOSPICES CIVILS DE LYON;80+;93;13;2019;19;66333;126707,00000000000;0,000286433600168845;36,2931421765939
690781810 - HOSPICES CIVILS DE LYON;80+;84;63;2019;18;20774;43304,00000000000;0,000866467700009627;37,5215172812169
690781810 - HOSPICES CIVILS DE LYON;80+;84;03;2019;15;15242;30649,00000000000;0,000984122818527752;30,1623802650571
690781810 - HOSPICES CIVILS DE LYON;80+;27;21;2019;14;18764;34404,00000000000;0,000746109571519932;25,6691536985717
690781810 - HOSPICES CIVILS DE LYON;80+;84;69;2020;18592;52347;102255,00000000000;0,355168395514547153;36317,7442833400200
690781810 - HOSPICES CIVILS DE LYON;80+;84;38;2020;1172;33331;70364,00000000000;0,035162461372296061;2474,1714320002402
690781810 - HOSPICES CIVILS DE LYON;80+;84;01;2020;1069;17044;33563,00000000000;0,062720018774935465;2105,0719901431589
690781810 - HOSPICES CIVILS DE LYON;80+;93;83;2020;294;37049;88051,00000000000;0,007935436853896192;698,7231504224136
690781810 - HOSPICES CIVILS DE LYON;80+;84;26;2020;263;14389;34255,00000000000;0,018277851136284662;626,1077906734311
690781810 - HOSPICES CIVILS DE LYON;80+;27;71;2020;216;22724;45777,00000000000;0,009505368773103326;435,1272663263510
690781810 - HOSPICES CIVILS DE LYON;80+;84;42;2020;207;24135;56202,00000000000;0,008576755748912368;482,0308266003729
690781810 - HOSPICES CIVILS DE LYON;80+;84;07;2020;184;11614;25110,00000000000;0,015842948166006544;397,8164284484243
690781810 - HOSPICES CIVILS DE LYON;80+;84;74;2020;118;18072;40598,00000000000;0,006529437804338203;265,0821159805224
690781810 - HOSPICES CIVILS DE LYON;80+;Others;Others;2020;94;NA;NA;NA;NA
690781810 - HOSPICES CIVILS DE LYON;80+;84;73;2020;72;13230;27140,00000000000;0,005442176870748299;147,7006802721088
690781810 - HOSPICES CIVILS DE LYON;80+;27;39;2020;47;9002;19366,00000000000;0,005221061986225284;101,1110864252388
690781810 - HOSPICES CIVILS DE LYON;80+;84;43;2020;24;8214;17432,00000000000;0,002921840759678598;50,9335281227173
690781810 - HOSPICES CIVILS DE LYON;80+;93;06;2020;19;38050;90082,00000000000;0,000499342969776610;44,9818134034166
690781810 - HOSPICES CIVILS DE LYON;80+;93;84;2020;18;15706;37477,00000000000;0,001146058831019992;42,9508468101363
690781810 - HOSPICES CIVILS DE LYON;80+;27;21;2020;17;16568;34877,00000000000;0,001026074360212458;35,7863954611299
690781810 - HOSPICES CIVILS DE LYON;80+;84;03;2020;11;13366;30797,00000000000;0,000822983689959599;25,3454286996858
690781810 - HOSPICES CIVILS DE LYON;80+;11;75;2020;11;53345;109066,00000000000;0,000206204892679726;22,4899428250070
690781810 - HOSPICES CIVILS DE LYON;80+;84;69;2021;18243;49607;102371,00000000000;0,367750519079968530;37646,9883887354590
690781810 - HOSPICES CIVILS DE LYON;80+;84;38;2021;1190;33041;69561,00000000000;0,036015859084168156;2505,2991737538209
690781810 - HOSPICES CIVILS DE LYON;80+;84;01;2021;1075;16460;33334,00000000000;0,065309842041312266;2177,0382746051032
690781810 - HOSPICES CIVILS DE LYON;80+;93;83;2021;358;36834;88624,00000000000;0,009719281098984634;861,3615681164142
690781810 - HOSPICES CIVILS DE LYON;80+;84;26;2021;314;14665;33888,00000000000;0,021411524036822366;725,5937265598363
690781810 - HOSPICES CIVILS DE LYON;80+;84;42;2021;208;23934;54850,00000000000;0,008690565722403275;476,6775298738197
690781810 - HOSPICES CIVILS DE LYON;80+;84;07;2021;194;11521;24675,00000000000;0,016838816074993490;415,4977866504644
690781810 - HOSPICES CIVILS DE LYON;80+;27;71;2021;177;22098;45262,00000000000;0,008009774640238936;362,5384197664947
690781810 - HOSPICES CIVILS DE LYON;80+;Others;Others;2021;120;NA;NA;NA;NA
690781810 - HOSPICES CIVILS DE LYON;80+;84;74;2021;109;17595;40429,00000000000;0,006194941744813868;250,4552998010799
690781810 - HOSPICES CIVILS DE LYON;80+;84;73;2021;57;13357;27194,00000000000;0,004267425320056899;116,0483641536273
690781810 - HOSPICES CIVILS DE LYON;80+;27;39;2021;37;8911;18652,00000000000;0,004152171473459768;77,4463023229716
690781810 - HOSPICES CIVILS DE LYON;80+;93;13;2021;18;57401;129767,00000000000;0,000313583387049006;40,6927753871884
690781810 - HOSPICES CIVILS DE LYON;80+;84;43;2021;17;8461;17352,00000000000;0,002009218768467084;34,8639640704409
690781810 - HOSPICES CIVILS DE LYON;80+;93;84;2021;15;15614;37172,00000000000;0,000960676316126553;35,7102600230562
690781810 - HOSPICES CIVILS DE LYON;80+;84;63;2021;14;19214;42724,00000000000;0,000728635370042677;31,1302175497033
690781810 - HOSPICES CIVILS DE LYON;80+;84;03;2021;11;13072;30119,00000000000;0,000841493268053856;25,3449357405141
690781810 - HOSPICES CIVILS DE LYON;80+;84;69;2022;18131;49620;103225,00000000000;0,365397017331721086;37718,1071140669083
690781810 - HOSPICES CIVILS DE LYON;80+;84;38;2022;1294;31911;69810,00000000000;0,040550280467550374;2830,8150794396915
690781810 - HOSPICES CIVILS DE LYON;80+;84;01;2022;1102;16854;33605,00000000000;0,065385071793046159;2197,2653376053163
690781810 - HOSPICES CIVILS DE LYON;80+;93;83;2022;395;38212;88975,00000000000;0,010337066889982205;919,7405265361667
690781810 - HOSPICES CIVILS DE LYON;80+;84;26;2022;318;14724;33816,00000000000;0,021597392013039934;730,3374083129584
690781810 - HOSPICES CIVILS DE LYON;80+;84;42;2022;225;24399;54574,00000000000;0,009221689413500553;503,2644780523792
690781810 - HOSPICES CIVILS DE LYON;80+;27;71;2022;214;22469;44193,00000000000;0,009524233388223774;420,9044461257732
690781810 - HOSPICES CIVILS DE LYON;80+;84;07;2022;205;12212;24564,00000000000;0,016786767114313789;412,3501473960039
690781810 - HOSPICES CIVILS DE LYON;80+;Others;Others;2022;141;NA;NA;NA;NA
690781810 - HOSPICES CIVILS DE LYON;80+;84;74;2022;131;17585;40625,00000000000;0,007449530850156383;302,6371907876031
690781810 - HOSPICES CIVILS DE LYON;80+;84;73;2022;71;14177;27346,00000000000;0,005008111730267334;136,9518233758905
690781810 - HOSPICES CIVILS DE LYON;80+;27;39;2022;41;8824;18503,00000000000;0,004646418857660925;85,9726881233001
690781810 - HOSPICES CIVILS DE LYON;80+;93;13;2022;19;58856;131343,00000000000;0,000322821802365094;42,4003839880386
690781810 - HOSPICES CIVILS DE LYON;80+;93;06;2022;17;37740;90915,00000000000;0,000450450450450450;40,9527027027027
690781810 - HOSPICES CIVILS DE LYON;80+;84;43;2022;17;8893;16663,00000000000;0,001911615877656584;31,8532553693917
690781810 - HOSPICES CIVILS DE LYON;80+;93;84;2022;14;16322;38038,00000000000;0,000857738022301189;32,6266388922926
690781810 - HOSPICES CIVILS DE LYON;80+;84;69;2023;17726;50665;104480,00000000000;0,349866771933287302;36554,0803315898593
690781810 - HOSPICES CIVILS DE LYON;80+;84;38;2023;1349;32446;70263,00000000000;0,041576773716328667;2921,3088516304010
690781810 - HOSPICES CIVILS DE LYON;80+;84;01;2023;974;17121;34101,00000000000;0,056889200397173059;1939,9786227439986
690781810 - HOSPICES CIVILS DE LYON;80+;93;83;2023;397;38528;90799,00000000000;0,010304194352159469;935,6105429817277
690781810 - HOSPICES CIVILS DE LYON;80+;84;26;2023;303;14483;33915,00000000000;0,020921079886763793;709,5384243595940
690781810 - HOSPICES CIVILS DE LYON;80+;27;71;2023;192;22694;43767,00000000000;0,008460386005111483;370,2857142857143
690781810 - HOSPICES CIVILS DE LYON;80+;84;07;2023;170;12135;24467,00000000000;0,014009064688916358;342,7597857437165
690781810 - HOSPICES CIVILS DE LYON;80+;84;42;2023;158;24977;54490,00000000000;0,006325819754173840;344,6939184049325
690781810 - HOSPICES CIVILS DE LYON;80+;84;74;2023;132;17996;41457,00000000000;0,007334963325183374;304,0855745721271
690781810 - HOSPICES CIVILS DE LYON;80+;Others;Others;2023;116;NA;NA;NA;NA
690781810 - HOSPICES CIVILS DE LYON;80+;84;73;2023;71;13966;27598,00000000000;0,005083774881855936;140,3020191894601
690781810 - HOSPICES CIVILS DE LYON;80+;27;39;2023;48;8482;18525,00000000000;0,005659042678613535;104,8337656213157
690781810 - HOSPICES CIVILS DE LYON;80+;84;43;2023;23;8724;16429,00000000000;0,002636405318661165;43,3135029802843
690781810 - HOSPICES CIVILS DE LYON;80+;93;13;2023;18;59812;133302,00000000000;0,000300942954591052;40,1162977328964
690781810 - HOSPICES CIVILS DE LYON;80+;93;06;2023;17;38339;91606,00000000000;0,000443412712903310;40,6192649782206
690781810 - HOSPICES CIVILS DE LYON;80+;84;03;2023;15;13193;29132,00000000000;0,001136966573182748;33,1221102099598
690781810 - HOSPICES CIVILS DE LYON;80+;93;84;2023;11;16621;38602,00000000000;0,000661813368630046;25,5473196558570
690781810 - HOSPICES CIVILS DE LYON;80+;84;69;2024;18407;52504;106631,00000000000;0,350582812738077121;37382,9959050738980
690781810 - HOSPICES CIVILS DE LYON;80+;84;38;2024;1610;33725;71874,00000000000;0,047739065974796144;3431,1976278724978
690781810 - HOSPICES CIVILS DE LYON;80+;84;01;2024;1098;17368;34830,00000000000;0,063219714417319203;2201,9426531552281
690781810 - HOSPICES CIVILS DE LYON;80+;93;83;2024;382;38880;93661,00000000000;0,009825102880658436;920,2289609053497
690781810 - HOSPICES CIVILS DE LYON;80+;84;26;2024;334;14893;34565,00000000000;0,022426643389511853;775,1769287584772
690781810 - HOSPICES CIVILS DE LYON;80+;84;07;2024;218;13242;24773,00000000000;0,016462769974324120;407,8322005739314
690781810 - HOSPICES CIVILS DE LYON;80+;84;42;2024;209;25201;55060,00000000000;0,008293321693583587;456,6302924487123
690781810 - HOSPICES CIVILS DE LYON;80+;27;71;2024;204;22491;43825,00000000000;0,009070294784580499;397,5056689342404
690781810 - HOSPICES CIVILS DE LYON;80+;Others;Others;2024;135;NA;NA;NA;NA
690781810 - HOSPICES CIVILS DE LYON;80+;84;74;2024;112;18197;42555,00000000000;0,006154860691322745;261,9200967192394
690781810 - HOSPICES CIVILS DE LYON;80+;84;73;2024;66;14032;27912,00000000000;0,004703534777651083;131,2850627137970
690781810 - HOSPICES CIVILS DE LYON;80+;27;39;2024;45;8359;18567,00000000000;0,005383419069266659;99,9539418590740
690781810 - HOSPICES CIVILS DE LYON;80+;84;43;2024;25;8941;16423,00000000000;0,002796107817917459;45,9204786936584
690781810 - HOSPICES CIVILS DE LYON;80+;93;06;2024;17;38983;93457,00000000000;0,000436087525331555;40,7554318549111
690781810 - HOSPICES CIVILS DE LYON;80+;93;84;2024;17;17308;39575,00000000000;0,000982204760804252;38,8707534088283
690781810 - HOSPICES CIVILS DE LYON;80+;84;15;2024;15;5771;12435,00000000000;0,002599202911107260;32,3210881996188
690781810 - HOSPICES CIVILS DE LYON;80+;27;58;2024;15;9132;17905,00000000000;0,001642575558475690;29,4103153745072
690781810 - HOSPICES CIVILS DE LYON;80+;93;13;2024;14;63188;136904,00000000000;0,000221561055896689;30,3325947964803
690781810 - HOSPICES CIVILS DE LYON;80+;84;69;2025;17387;49688;108905,00000000000;0,349923522782160656;38108,4212485912067
690781810 - HOSPICES CIVILS DE LYON;80+;84;38;2025;1481;32650;73473,00000000000;0,045359877488514548;3332,7262787136292
690781810 - HOSPICES CIVILS DE LYON;80+;84;01;2025;1139;16677;35648,00000000000;0,068297655453618752;2434,6748216106012
690781810 - HOSPICES CIVILS DE LYON;80+;93;83;2025;402;37291;96966,00000000000;0,010780080984687995;1045,3013327612562
690781810 - HOSPICES CIVILS DE LYON;80+;84;26;2025;309;14856;35079,00000000000;0,020799676898222940;729,6318659127625
690781810 - HOSPICES CIVILS DE LYON;80+;84;07;2025;215;12907;24925,00000000000;0,016657627643914156;415,1913690245603
690781810 - HOSPICES CIVILS DE LYON;80+;84;42;2025;215;23778;55455,00000000000;0,009041971570359155;501,4225334342669
690781810 - HOSPICES CIVILS DE LYON;80+;27;71;2025;178;20448;44124,00000000000;0,008705007824726135;384,0997652582160
690781810 - HOSPICES CIVILS DE LYON;80+;Others;Others;2025;147;NA;NA;NA;NA
690781810 - HOSPICES CIVILS DE LYON;80+;84;74;2025;114;17789;43652,00000000000;0,006408454662993985;279,7418629490135
690781810 - HOSPICES CIVILS DE LYON;80+;27;39;2025;53;8303;18612,00000000000;0,006383234975310128;118,8047693604721
690781810 - HOSPICES CIVILS DE LYON;80+;84;73;2025;53;13262;28501,00000000000;0,003996380636404766;113,9008445181722
690781810 - HOSPICES CIVILS DE LYON;80+;84;43;2025;29;8175;16428,00000000000;0,003547400611620795;58,2766972477064
690781810 - HOSPICES CIVILS DE LYON;80+;93;13;2025;23;58717;140341,00000000000;0,000391709385697498;54,9728868981726
690781810 - HOSPICES CIVILS DE LYON;80+;84;63;2025;15;18519;43682,00000000000;0,000809978940547546;35,3815000809979
690781810 - HOSPICES CIVILS DE LYON;80+;93;06;2025;13;36518;95142,00000000000;0,000355988827427570;33,8694890191139
690781810 - HOSPICES CIVILS DE LYON;80+;84;03;2025;11;12143;29034,00000000000;0,000905871695627110;26,3010788108375
690781810 - HOSPICES CIVILS DE LYON;80+;84;15;2025;11;5294;12345,00000000000;0,002077823951643370;25,6507366830374
690781810 - HOSPICES CIVILS DE LYON;80+;93;84;2025;11;16240;40584,00000000000;0,000677339901477832;27,4891625615764
690781810 - HOSPICES CIVILS DE LYON;0-1;32;02;2016;NA;7751;12702,85981809621;NA;NA
690781810 - HOSPICES CIVILS DE LYON;0-1;32;02;2017;NA;8093;12119,18510091684;NA;NA
690781810 - HOSPICES CIVILS DE LYON;0-1;32;02;2018;NA;7688;11672,03968168046;NA;NA
690781810 - HOSPICES CIVILS DE LYON;0-1;32;02;2019;NA;7724;11078,61680887167;NA;NA
690781810 - HOSPICES CIVILS DE LYON;0-1;32;02;2020;NA;7101;10903,11388392817;NA;NA
690781810 - HOSPICES CIVILS DE LYON;0-1;32;02;2021;NA;7156;10920,59777658817;NA;NA
690781810 - HOSPICES CIVILS DE LYON;0-1;32;02;2022;NA;7359;10715,45564180967;NA;NA
690781810 - HOSPICES CIVILS DE LYON;0-1;32;02;2023;NA;7320;10443,91316827681;NA;NA
690781810 - HOSPICES CIVILS DE LYON;0-1;32;02;2024;NA;6815;10006,60037335392;NA;NA
690781810 - HOSPICES CIVILS DE LYON;0-1;32;02;2025;NA;6225;9492,98970887619;NA;NA
690781810 - HOSPICES CIVILS DE LYON;0-1;93;04;2016;NA;1897;3026,72887769244;NA;NA
690781810 - HOSPICES CIVILS DE LYON;0-1;93;04;2017;NA;1982;3062,29798921145;NA;NA
690781810 - HOSPICES CIVILS DE LYON;0-1;93;04;2018;NA;1816;2926,66299761411;NA;NA
690781810 - HOSPICES CIVILS DE LYON;0-1;93;04;2019;NA;1805;2832,88656387604;NA;NA
690781810 - HOSPICES CIVILS DE LYON;0-1;93;04;2020;NA;1681;2898,48194036956;NA;NA
690781810 - HOSPICES CIVILS DE LYON;0-1;93;04;2021;NA;1810;2857,70481342694;NA;NA
690781810 - HOSPICES CIVILS DE LYON;0-1;93;04;2022;NA;1771;2930,94201366883;NA;NA
690781810 - HOSPICES CIVILS DE LYON;0-1;93;04;2023;NA;1653;2895,87772273905;NA;NA
690781810 - HOSPICES CIVILS DE LYON;0-1;93;04;2024;NA;1692;2773,85920525718;NA;NA
690781810 - HOSPICES CIVILS DE LYON;0-1;93;04;2025;NA;1459;2689,46947873228;NA;NA
690781810 - HOSPICES CIVILS DE LYON;0-1;93;05;2016;NA;1865;2809,95122222429;NA;NA
690781810 - HOSPICES CIVILS DE LYON;0-1;93;05;2017;NA;1759;2728,60086642638;NA;NA
690781810 - HOSPICES CIVILS DE LYON;0-1;93;05;2018;NA;1744;2545,92760107824;NA;NA
690781810 - HOSPICES CIVILS DE LYON;0-1;93;05;2019;NA;1787;2472,10708006036;NA;NA
690781810 - HOSPICES CIVILS DE LYON;0-1;93;05;2020;NA;1525;2421,32582248681;NA;NA
690781810 - HOSPICES CIVILS DE LYON;0-1;93;05;2021;NA;1737;2419,48727769146;NA;NA
690781810 - HOSPICES CIVILS DE LYON;0-1;93;05;2022;NA;1738;2415,13350662507;NA;NA
690781810 - HOSPICES CIVILS DE LYON;0-1;93;05;2023;NA;1536;2416,92763854024;NA;NA
690781810 - HOSPICES CIVILS DE LYON;0-1;93;05;2024;NA;1536;2276,27877357856;NA;NA
690781810 - HOSPICES CIVILS DE LYON;0-1;93;05;2025;NA;1354;2174,65476743999;NA;NA
690781810 - HOSPICES CIVILS DE LYON;0-1;93;06;2016;NA;15367;21795,08965425511;NA;NA
690781810 - HOSPICES CIVILS DE LYON;0-1;93;06;2017;NA;15010;21448,43078913813;NA;NA
690781810 - HOSPICES CIVILS DE LYON;0-1;93;06;2018;NA;14743;21373,10066917269;NA;NA
690781810 - HOSPICES CIVILS DE LYON;0-1;93;06;2019;NA;14255;21196,94609805524;NA;NA
690781810 - HOSPICES CIVILS DE LYON;0-1;93;06;2020;NA;13191;20545,14471622126;NA;NA
690781810 - HOSPICES CIVILS DE LYON;0-1;93;06;2021;NA;14203;20324,85448650154;NA;NA
690781810 - HOSPICES CIVILS DE LYON;0-1;93;06;2022;NA;14667;20310,73678488877;NA;NA
690781810 - HOSPICES CIVILS DE LYON;0-1;93;06;2023;NA;13446;20192,16203878963;NA;NA
690781810 - HOSPICES CIVILS DE LYON;0-1;93;06;2024;NA;13145;19401,46504831027;NA;NA
690781810 - HOSPICES CIVILS DE LYON;0-1;93;06;2025;NA;12067;18406,76633693475;NA;NA
690781810 - HOSPICES CIVILS DE LYON;0-1;44;08;2016;NA;3990;5898,06158659051;NA;NA
690781810 - HOSPICES CIVILS DE LYON;0-1;44;08;2017;NA;3596;5712,20034344344;NA;NA
690781810 - HOSPICES CIVILS DE LYON;0-1;44;08;2018;NA;3340;5494,89630879243;NA;NA
690781810 - HOSPICES CIVILS DE LYON;0-1;44;08;2019;NA;3659;5318,42692258911;NA;NA
690781810 - HOSPICES CIVILS DE LYON;0-1;44;08;2020;NA;3189;5393,60275760585;NA;NA
690781810 - HOSPICES CIVILS DE LYON;0-1;44;08;2021;NA;3228;5261,32025457674;NA;NA
690781810 - HOSPICES CIVILS DE LYON;0-1;44;08;2022;NA;3264;5143,32548966376;NA;NA
690781810 - HOSPICES CIVILS DE LYON;0-1;44;08;2023;NA;2877;5080,52818803258;NA;NA
690781810 - HOSPICES CIVILS DE LYON;0-1;44;08;2024;NA;2868;4831,68803322073;NA;NA
690781810 - HOSPICES CIVILS DE LYON;0-1;44;08;2025;NA;2369;4554,78872550424;NA;NA
690781810 - HOSPICES CIVILS DE LYON;0-1;76;09;2016;NA;1774;2839,08800387324;NA;NA
690781810 - HOSPICES CIVILS DE LYON;0-1;76;09;2017;NA;1702;2733,61596769367;NA;NA
690781810 - HOSPICES CIVILS DE LYON;0-1;76;09;2018;NA;1663;2671,68565629766;NA;NA
690781810 - HOSPICES CIVILS DE LYON;0-1;76;09;2019;NA;1591;2581,87615705109;NA;NA
690781810 - HOSPICES CIVILS DE LYON;0-1;76;09;2020;NA;1532;2559,25678125940;NA;NA
690781810 - HOSPICES CIVILS DE LYON;0-1;76;09;2021;NA;1501;2616,53032158665;NA;NA
690781810 - HOSPICES CIVILS DE LYON;0-1;76;09;2022;NA;1607;2516,50852194015;NA;NA
690781810 - HOSPICES CIVILS DE LYON;0-1;76;09;2023;NA;1460;2502,52391678860;NA;NA
690781810 - HOSPICES CIVILS DE LYON;0-1;76;09;2024;NA;1318;2394,60582745335;NA;NA
690781810 - HOSPICES CIVILS DE LYON;0-1;76;09;2025;NA;1263;2234,95844294928;NA;NA
690781810 - HOSPICES CIVILS DE LYON;0-1;44;10;2016;NA;4458;6885,21574885678;NA;NA
690781810 - HOSPICES CIVILS DE LYON;0-1;44;10;2017;NA;4317;6655,03938169398;NA;NA
690781810 - HOSPICES CIVILS DE LYON;0-1;44;10;2018;NA;4104;6594,02940303437;NA;NA
690781810 - HOSPICES CIVILS DE LYON;0-1;44;10;2019;NA;4187;6469,46699914571;NA;NA
690781810 - HOSPICES CIVILS DE LYON;0-1;44;10;2020;NA;3918;6410,50551247825;NA;NA
690781810 - HOSPICES CIVILS DE LYON;0-1;44;10;2021;NA;4006;6368,47763284835;NA;NA
690781810 - HOSPICES CIVILS DE LYON;0-1;44;10;2022;NA;4143;6161,73656305889;NA;NA
690781810 - HOSPICES CIVILS DE LYON;0-1;44;10;2023;NA;3872;6106,51630503686;NA;NA
690781810 - HOSPICES CIVILS DE LYON;0-1;44;10;2024;NA;3635;5863,63647422494;NA;NA
690781810 - HOSPICES CIVILS DE LYON;0-1;44;10;2025;NA;3238;5541,60998337542;NA;NA
690781810 - HOSPICES CIVILS DE LYON;0-1;76;11;2016;NA;4906;7101,60491390295;NA;NA
690781810 - HOSPICES CIVILS DE LYON;0-1;76;11;2017;NA;4767;6876,47539149587;NA;NA
690781810 - HOSPICES CIVILS DE LYON;0-1;76;11;2018;NA;4681;6762,47597241084;NA;NA
690781810 - HOSPICES CIVILS DE LYON;0-1;76;11;2019;NA;4676;6600,34551401927;NA;NA
690781810 - HOSPICES CIVILS DE LYON;0-1;76;11;2020;NA;4280;6490,48228689260;NA;NA
690781810 - HOSPICES CIVILS DE LYON;0-1;76;11;2021;NA;4665;6545,00342462872;NA;NA
690781810 - HOSPICES CIVILS DE LYON;0-1;76;11;2022;NA;4641;6462,36591882084;NA;NA
690781810 - HOSPICES CIVILS DE LYON;0-1;76;11;2023;NA;4372;6371,86476760680;NA;NA
690781810 - HOSPICES CIVILS DE LYON;0-1;76;11;2024;NA;4065;6130,25159882103;NA;NA
690781810 - HOSPICES CIVILS DE LYON;0-1;76;11;2025;NA;3685;5821,53815610990;NA;NA
690781810 - HOSPICES CIVILS DE LYON;0-1;76;12;2016;NA;3088;5000,64871180300;NA;NA
690781810 - HOSPICES CIVILS DE LYON;0-1;76;12;2017;NA;3051;4907,46947855366;NA;NA
690781810 - HOSPICES CIVILS DE LYON;0-1;76;12;2018;NA;2912;4749,57792648282;NA;NA
690781810 - HOSPICES CIVILS DE LYON;0-1;76;12;2019;NA;2932;4585,73752407409;NA;NA
690781810 - HOSPICES CIVILS DE LYON;0-1;76;12;2020;NA;2628;4535,10810664595;NA;NA
690781810 - HOSPICES CIVILS DE LYON;0-1;76;12;2021;NA;2850;4597,41294557820;NA;NA
690781810 - HOSPICES CIVILS DE LYON;0-1;76;12;2022;NA;2759;4652,37522392331;NA;NA
690781810 - HOSPICES CIVILS DE LYON;0-1;76;12;2023;NA;2514;4529,21034131470;NA;NA
690781810 - HOSPICES CIVILS DE LYON;0-1;76;12;2024;NA;2403;4264,32498002621;NA;NA
690781810 - HOSPICES CIVILS DE LYON;0-1;76;12;2025;NA;2273;4076,45401544597;NA;NA
690781810 - HOSPICES CIVILS DE LYON;0-1;93;13;2016;NA;34231;46567,95839303243;NA;NA
690781810 - HOSPICES CIVILS DE LYON;0-1;93;13;2017;NA;34333;46255,05054225783;NA;NA
690781810 - HOSPICES CIVILS DE LYON;0-1;93;13;2018;NA;33881;46184,35734342688;NA;NA
690781810 - HOSPICES CIVILS DE LYON;0-1;93;13;2020;NA;30884;44188,13376700440;NA;NA
690781810 - HOSPICES CIVILS DE LYON;0-1;93;13;2022;NA;31685;42499,82442825919;NA;NA
690781810 - HOSPICES CIVILS DE LYON;0-1;93;13;2023;NA;31163;42205,57943430927;NA;NA
690781810 - HOSPICES CIVILS DE LYON;0-1;93;13;2024;NA;30131;40475,43749273541;NA;NA
690781810 - HOSPICES CIVILS DE LYON;0-1;93;13;2025;NA;26270;38712,72620750162;NA;NA
690781810 - HOSPICES CIVILS DE LYON;0-1;28;14;2016;NA;9907;14418,82201200810;NA;NA
690781810 - HOSPICES CIVILS DE LYON;0-1;28;14;2017;NA;9328;13791,91426206837;NA;NA
690781810 - HOSPICES CIVILS DE LYON;0-1;28;14;2018;NA;9197;13334,96882776238;NA;NA
690781810 - HOSPICES CIVILS DE LYON;0-1;28;14;2019;NA;9145;13019,91747816919;NA;NA
690781810 - HOSPICES CIVILS DE LYON;0-1;28;14;2020;NA;8369;13505,25676161265;NA;NA
690781810 - HOSPICES CIVILS DE LYON;0-1;28;14;2021;NA;9005;13247,95097874514;NA;NA
690781810 - HOSPICES CIVILS DE LYON;0-1;28;14;2022;NA;8878;13154,67056969733;NA;NA
690781810 - HOSPICES CIVILS DE LYON;0-1;28;14;2023;NA;8130;13062,38113469275;NA;NA
690781810 - HOSPICES CIVILS DE LYON;0-1;28;14;2024;NA;7558;12492,98551823580;NA;NA
690781810 - HOSPICES CIVILS DE LYON;0-1;28;14;2025;NA;6862;11967,30162930988;NA;NA
690781810 - HOSPICES CIVILS DE LYON;0-1;84;15;2016;NA;1608;2405,92118335892;NA;NA
690781810 - HOSPICES CIVILS DE LYON;0-1;84;15;2017;NA;1646;2283,02840767868;NA;NA
690781810 - HOSPICES CIVILS DE LYON;0-1;84;15;2018;NA;1667;2253,26130131683;NA;NA
690781810 - HOSPICES CIVILS DE LYON;0-1;84;15;2019;NA;1552;2191,92726816096;NA;NA
690781810 - HOSPICES CIVILS DE LYON;0-1;84;15;2020;NA;1421;2219,64526092017;NA;NA
690781810 - HOSPICES CIVILS DE LYON;0-1;84;15;2021;NA;1470;2193,79750442840;NA;NA
690781810 - HOSPICES CIVILS DE LYON;0-1;84;15;2022;NA;1532;2195,68184511926;NA;NA
690781810 - HOSPICES CIVILS DE LYON;0-1;84;15;2023;NA;1367;2181,53787335723;NA;NA
690781810 - HOSPICES CIVILS DE LYON;0-1;84;15;2024;NA;1328;2040,00391920677;NA;NA
690781810 - HOSPICES CIVILS DE LYON;0-1;84;15;2025;NA;1073;1955,40251512535;NA;NA
690781810 - HOSPICES CIVILS DE LYON;0-1;75;16;2016;NA;4146;6716,22241529290;NA;NA
690781810 - HOSPICES CIVILS DE LYON;0-1;75;16;2017;NA;4056;6390,78212260985;NA;NA
690781810 - HOSPICES CIVILS DE LYON;0-1;75;16;2018;NA;3773;6191,37287760704;NA;NA
690781810 - HOSPICES CIVILS DE LYON;0-1;75;16;2019;NA;3935;5967,44618549582;NA;NA
690781810 - HOSPICES CIVILS DE LYON;0-1;75;16;2020;NA;3566;6050,80320822817;NA;NA
690781810 - HOSPICES CIVILS DE LYON;0-1;75;16;2021;NA;3766;6102,91470924893;NA;NA
690781810 - HOSPICES CIVILS DE LYON;0-1;75;16;2022;NA;3906;5953,16038212327;NA;NA
690781810 - HOSPICES CIVILS DE LYON;0-1;75;16;2023;NA;3611;5912,75745700193;NA;NA
690781810 - HOSPICES CIVILS DE LYON;0-1;75;16;2024;NA;3440;5724,82973794874;NA;NA
690781810 - HOSPICES CIVILS DE LYON;0-1;75;16;2025;NA;2956;5455,62140903809;NA;NA
690781810 - HOSPICES CIVILS DE LYON;0-1;75;17;2016;NA;7593;11481,44593137242;NA;NA
690781810 - HOSPICES CIVILS DE LYON;0-1;75;17;2017;NA;7275;11113,46440831489;NA;NA
690781810 - HOSPICES CIVILS DE LYON;0-1;75;17;2018;NA;7085;10718,27828429767;NA;NA
690781810 - HOSPICES CIVILS DE LYON;0-1;75;17;2019;NA;7384;10420,00234692732;NA;NA
690781810 - HOSPICES CIVILS DE LYON;0-1;75;17;2020;NA;6570;10321,64023420060;NA;NA
690781810 - HOSPICES CIVILS DE LYON;0-1;75;17;2021;NA;7215;10297,33785385485;NA;NA
690781810 - HOSPICES CIVILS DE LYON;0-1;75;17;2022;NA;7298;10396,18260507024;NA;NA
690781810 - HOSPICES CIVILS DE LYON;0-1;75;17;2023;NA;6493;10349,75726220361;NA;NA
690781810 - HOSPICES CIVILS DE LYON;0-1;75;17;2024;NA;6314;9919,37209645904;NA;NA
690781810 - HOSPICES CIVILS DE LYON;0-1;75;17;2025;NA;5561;9520,90807716753;NA;NA
690781810 - HOSPICES CIVILS DE LYON;0-1;24;18;2016;NA;4076;6009,16984727849;NA;NA
690781810 - HOSPICES CIVILS DE LYON;0-1;24;18;2017;NA;3984;5701,78436388830;NA;NA
690781810 - HOSPICES CIVILS DE LYON;0-1;24;18;2018;NA;3850;5619,50062038599;NA;NA
690781810 - HOSPICES CIVILS DE LYON;0-1;24;18;2019;NA;4003;5377,91715662255;NA;NA
690781810 - HOSPICES CIVILS DE LYON;0-1;24;18;2020;NA;3498;5278,08075011845;NA;NA
690781810 - HOSPICES CIVILS DE LYON;0-1;24;18;2021;NA;3704;5315,51676959703;NA;NA
690781810 - HOSPICES CIVILS DE LYON;0-1;24;18;2022;NA;3928;5313,06066856294;NA;NA
690781810 - HOSPICES CIVILS DE LYON;0-1;24;18;2023;NA;3390;5298,02054958184;NA;NA
690781810 - HOSPICES CIVILS DE LYON;0-1;24;18;2024;NA;3279;5018,28069510021;NA;NA
690781810 - HOSPICES CIVILS DE LYON;0-1;24;18;2025;NA;2899;4749,10056881195;NA;NA
690781810 - HOSPICES CIVILS DE LYON;0-1;75;19;2016;NA;2805;4138,19997499421;NA;NA
690781810 - HOSPICES CIVILS DE LYON;0-1;75;19;2017;NA;2763;4042,17162143583;NA;NA
690781810 - HOSPICES CIVILS DE LYON;0-1;75;19;2018;NA;2670;3875,04025807619;NA;NA
690781810 - HOSPICES CIVILS DE LYON;0-1;75;19;2019;NA;2681;3823,87872048462;NA;NA
690781810 - HOSPICES CIVILS DE LYON;0-1;75;19;2020;NA;2443;3819,56711043635;NA;NA
690781810 - HOSPICES CIVILS DE LYON;0-1;75;19;2021;NA;2635;3815,43465742832;NA;NA
690781810 - HOSPICES CIVILS DE LYON;0-1;75;19;2022;NA;2744;3777,28744804259;NA;NA
690781810 - HOSPICES CIVILS DE LYON;0-1;75;19;2023;NA;2400;3751,06235723864;NA;NA
690781810 - HOSPICES CIVILS DE LYON;0-1;75;19;2024;NA;2402;3561,56847095572;NA;NA
690781810 - HOSPICES CIVILS DE LYON;0-1;75;19;2025;NA;2301;3406,78542136440;NA;NA
690781810 - HOSPICES CIVILS DE LYON;0-1;27;21;2021;NA;6594;10127,00594950537;NA;NA
690781810 - HOSPICES CIVILS DE LYON;0-1;27;21;2023;NA;5983;9898,04235744746;NA;NA
690781810 - HOSPICES CIVILS DE LYON;0-1;27;21;2024;NA;5639;9413,44809046874;NA;NA
690781810 - HOSPICES CIVILS DE LYON;0-1;53;22;2016;NA;7502;11746,39639916683;NA;NA
690781810 - HOSPICES CIVILS DE LYON;0-1;53;22;2017;NA;7381;11298,63737818406;NA;NA
690781810 - HOSPICES CIVILS DE LYON;0-1;53;22;2018;NA;7347;10901,33893960178;NA;NA
690781810 - HOSPICES CIVILS DE LYON;0-1;53;22;2019;NA;7043;10581,20169075985;NA;NA
690781810 - HOSPICES CIVILS DE LYON;0-1;53;22;2020;NA;6417;10805,75085420634;NA;NA
690781810 - HOSPICES CIVILS DE LYON;0-1;53;22;2021;NA;7156;10845,10977352419;NA;NA
690781810 - HOSPICES CIVILS DE LYON;0-1;53;22;2022;NA;6932;10886,74446079032;NA;NA
690781810 - HOSPICES CIVILS DE LYON;0-1;53;22;2023;NA;6234;10739,99847621775;NA;NA
690781810 - HOSPICES CIVILS DE LYON;0-1;53;22;2024;NA;6113;10134,40876167381;NA;NA
690781810 - HOSPICES CIVILS DE LYON;0-1;53;22;2025;NA;5279;9769,19543250517;NA;NA
690781810 - HOSPICES CIVILS DE LYON;0-1;75;23;2016;NA;1258;1846,10648527718;NA;NA
690781810 - HOSPICES CIVILS DE LYON;0-1;75;23;2017;NA;1262;1761,84365290107;NA;NA
690781810 - HOSPICES CIVILS DE LYON;0-1;75;23;2018;NA;1210;1681,00446288716;NA;NA
690781810 - HOSPICES CIVILS DE LYON;0-1;75;23;2019;NA;1247;1651,14185039896;NA;NA
690781810 - HOSPICES CIVILS DE LYON;0-1;75;23;2020;NA;1126;1657,87603387441;NA;NA
690781810 - HOSPICES CIVILS DE LYON;0-1;75;23;2021;NA;1222;1663,83301112286;NA;NA
690781810 - HOSPICES CIVILS DE LYON;0-1;75;23;2022;NA;1281;1689,19517856424;NA;NA
690781810 - HOSPICES CIVILS DE LYON;0-1;75;23;2023;NA;1136;1657,84428007404;NA;NA
690781810 - HOSPICES CIVILS DE LYON;0-1;75;23;2024;NA;1043;1595,51896042069;NA;NA
690781810 - HOSPICES CIVILS DE LYON;0-1;75;23;2025;NA;915;1522,85392906488;NA;NA
690781810 - HOSPICES CIVILS DE LYON;0-1;75;24;2016;NA;4319;6777,99239238866;NA;NA
690781810 - HOSPICES CIVILS DE LYON;0-1;75;24;2017;NA;4310;6525,41830278556;NA;NA
690781810 - HOSPICES CIVILS DE LYON;0-1;75;24;2018;NA;4042;6419,04495311132;NA;NA
690781810 - HOSPICES CIVILS DE LYON;0-1;75;24;2019;NA;4001;6160,88539809486;NA;NA
690781810 - HOSPICES CIVILS DE LYON;0-1;75;24;2020;NA;3823;6242,43837783938;NA;NA
690781810 - HOSPICES CIVILS DE LYON;0-1;75;24;2021;NA;4048;6265,11713634537;NA;NA
690781810 - HOSPICES CIVILS DE LYON;0-1;75;24;2022;NA;4093;6241,74902725393;NA;NA
690781810 - HOSPICES CIVILS DE LYON;0-1;75;24;2023;NA;3456;6197,94869316580;NA;NA
690781810 - HOSPICES CIVILS DE LYON;0-1;75;24;2024;NA;3589;5953,89877814225;NA;NA
690781810 - HOSPICES CIVILS DE LYON;0-1;75;24;2025;NA;3411;5751,92835783683;NA;NA
690781810 - HOSPICES CIVILS DE LYON;0-1;28;27;2016;NA;9393;14412,60616525632;NA;NA
690781810 - HOSPICES CIVILS DE LYON;0-1;28;27;2017;NA;9033;13954,71216474502;NA;NA
690781810 - HOSPICES CIVILS DE LYON;0-1;28;27;2018;NA;8748;13492,26254208881;NA;NA
690781810 - HOSPICES CIVILS DE LYON;0-1;28;27;2019;NA;8401;13035,26979662943;NA;NA
690781810 - HOSPICES CIVILS DE LYON;0-1;28;27;2020;NA;7790;13181,48605166468;NA;NA
690781810 - HOSPICES CIVILS DE LYON;0-1;28;27;2021;NA;8371;13030,77780069955;NA;NA
690781810 - HOSPICES CIVILS DE LYON;0-1;28;27;2022;NA;8755;12716,15565670607;NA;NA
690781810 - HOSPICES CIVILS DE LYON;0-1;28;27;2023;NA;7650;12584,59827247005;NA;NA
690781810 - HOSPICES CIVILS DE LYON;0-1;28;27;2024;NA;7372;11932,82827921955;NA;NA
690781810 - HOSPICES CIVILS DE LYON;0-1;28;27;2025;NA;6401;11433,87467249004;NA;NA
690781810 - HOSPICES CIVILS DE LYON;0-1;24;28;2016;NA;7048;10277,12562321601;NA;NA
690781810 - HOSPICES CIVILS DE LYON;0-1;24;28;2017;NA;6690;10109,28682379518;NA;NA
690781810 - HOSPICES CIVILS DE LYON;0-1;24;28;2018;NA;6616;9749,51821977862;NA;NA
690781810 - HOSPICES CIVILS DE LYON;0-1;24;28;2019;NA;6418;9464,70433073880;NA;NA
690781810 - HOSPICES CIVILS DE LYON;0-1;24;28;2020;NA;5682;9387,80514357500;NA;NA
690781810 - HOSPICES CIVILS DE LYON;0-1;24;28;2021;NA;6265;9417,80583866845;NA;NA
690781810 - HOSPICES CIVILS DE LYON;0-1;24;28;2022;NA;6441;9119,47886813286;NA;NA
690781810 - HOSPICES CIVILS DE LYON;0-1;24;28;2023;NA;5884;9049,86105480455;NA;NA
690781810 - HOSPICES CIVILS DE LYON;0-1;24;28;2024;NA;5506;8599,19108832393;NA;NA
690781810 - HOSPICES CIVILS DE LYON;0-1;24;28;2025;NA;4861;8191,99374649982;NA;NA
690781810 - HOSPICES CIVILS DE LYON;0-1;53;29;2016;NA;11865;18125,79761859792;NA;NA
690781810 - HOSPICES CIVILS DE LYON;0-1;53;29;2017;NA;11803;17447,15153188174;NA;NA
690781810 - HOSPICES CIVILS DE LYON;0-1;53;29;2018;NA;11486;17003,48897680850;NA;NA
690781810 - HOSPICES CIVILS DE LYON;0-1;53;29;2019;NA;11799;16505,27757660548;NA;NA
690781810 - HOSPICES CIVILS DE LYON;0-1;53;29;2020;NA;10735;16413,39773270859;NA;NA
690781810 - HOSPICES CIVILS DE LYON;0-1;53;29;2021;NA;11789;16178,04685152060;NA;NA
690781810 - HOSPICES CIVILS DE LYON;0-1;53;29;2022;NA;12197;16327,98043607348;NA;NA
690781810 - HOSPICES CIVILS DE LYON;0-1;53;29;2023;NA;11253;16160,96640728361;NA;NA
690781810 - HOSPICES CIVILS DE LYON;0-1;53;29;2024;NA;10733;15393,51535167945;NA;NA
690781810 - HOSPICES CIVILS DE LYON;0-1;53;29;2025;NA;9498;14810,88050101035;NA;NA
690781810 - HOSPICES CIVILS DE LYON;0-1;94;2A;2016;NA;1858;2893,86515337325;NA;NA
690781810 - HOSPICES CIVILS DE LYON;0-1;94;2A;2017;NA;1778;2877,51079636284;NA;NA
690781810 - HOSPICES CIVILS DE LYON;0-1;94;2A;2018;NA;1864;2956,27575067801;NA;NA
690781810 - HOSPICES CIVILS DE LYON;0-1;94;2A;2019;NA;1859;3034,38574366670;NA;NA
690781810 - HOSPICES CIVILS DE LYON;0-1;94;2A;2020;NA;1633;3109,82153266257;NA;NA
690781810 - HOSPICES CIVILS DE LYON;0-1;94;2A;2021;NA;1627;3137,97821967471;NA;NA
690781810 - HOSPICES CIVILS DE LYON;0-1;94;2A;2022;NA;1752;3181,07806678343;NA;NA
690781810 - HOSPICES CIVILS DE LYON;0-1;94;2A;2023;NA;1548;3220,75450609080;NA;NA
690781810 - HOSPICES CIVILS DE LYON;0-1;94;2A;2024;NA;1535;3081,81294803388;NA;NA
690781810 - HOSPICES CIVILS DE LYON;0-1;94;2A;2025;NA;1390;2926,96173166393;NA;NA
690781810 - HOSPICES CIVILS DE LYON;0-1;94;2B;2016;NA;1987;3329,75140684148;NA;NA
690781810 - HOSPICES CIVILS DE LYON;0-1;94;2B;2017;NA;2139;3288,36332326007;NA;NA
690781810 - HOSPICES CIVILS DE LYON;0-1;94;2B;2018;NA;1929;3268,17111087053;NA;NA
690781810 - HOSPICES CIVILS DE LYON;0-1;94;2B;2019;NA;1971;3240,49061899544;NA;NA
690781810 - HOSPICES CIVILS DE LYON;0-1;94;2B;2020;NA;1753;3152,32126785861;NA;NA
690781810 - HOSPICES CIVILS DE LYON;0-1;94;2B;2021;NA;1920;3098,10506933836;NA;NA
690781810 - HOSPICES CIVILS DE LYON;0-1;94;2B;2022;NA;1892;3075,04213122398;NA;NA
690781810 - HOSPICES CIVILS DE LYON;0-1;94;2B;2023;NA;1773;2977,19418707500;NA;NA
690781810 - HOSPICES CIVILS DE LYON;0-1;94;2B;2024;NA;1777;2811,78454303756;NA;NA
690781810 - HOSPICES CIVILS DE LYON;0-1;94;2B;2025;NA;1387;2673,83519248913;NA;NA
690781810 - HOSPICES CIVILS DE LYON;0-1;76;30;2016;NA;10483;15576,91195994818;NA;NA
690781810 - HOSPICES CIVILS DE LYON;0-1;76;30;2017;NA;10320;15272,14068996008;NA;NA
690781810 - HOSPICES CIVILS DE LYON;0-1;76;30;2018;NA;9996;15098,65825050328;NA;NA
690781810 - HOSPICES CIVILS DE LYON;0-1;76;30;2019;NA;9818;14665,68601710706;NA;NA
690781810 - HOSPICES CIVILS DE LYON;0-1;76;30;2020;NA;8962;14502,84145503230;NA;NA
690781810 - HOSPICES CIVILS DE LYON;0-1;76;30;2021;NA;9465;14580,79813027981;NA;NA
690781810 - HOSPICES CIVILS DE LYON;0-1;76;30;2022;NA;9507;14580,91216447496;NA;NA
690781810 - HOSPICES CIVILS DE LYON;0-1;76;30;2023;NA;8832;14439,70306650737;NA;NA
690781810 - HOSPICES CIVILS DE LYON;0-1;76;30;2024;NA;9011;13863,98647899662;NA;NA
690781810 - HOSPICES CIVILS DE LYON;0-1;76;30;2025;NA;8015;13187,89269100720;NA;NA
690781810 - HOSPICES CIVILS DE LYON;0-1;76;31;2016;NA;20479;31196,16937589282;NA;NA
690781810 - HOSPICES CIVILS DE LYON;0-1;76;31;2017;NA;20917;30771,50404503045;NA;NA
690781810 - HOSPICES CIVILS DE LYON;0-1;76;31;2018;NA;20553;30709,19408968257;NA;NA
690781810 - HOSPICES CIVILS DE LYON;0-1;76;31;2019;NA;20409;30675,08370744675;NA;NA
690781810 - HOSPICES CIVILS DE LYON;0-1;76;31;2020;NA;19159;30473,85558047307;NA;NA
690781810 - HOSPICES CIVILS DE LYON;0-1;76;31;2021;NA;20145;29828,98763123802;NA;NA
690781810 - HOSPICES CIVILS DE LYON;0-1;76;31;2022;NA;20142;29851,25211509651;NA;NA
690781810 - HOSPICES CIVILS DE LYON;0-1;76;31;2023;NA;19133;29522,54544185360;NA;NA
690781810 - HOSPICES CIVILS DE LYON;0-1;76;31;2024;NA;18940;28082,95411961763;NA;NA
690781810 - HOSPICES CIVILS DE LYON;0-1;76;31;2025;NA;16389;27169,41153130952;NA;NA
690781810 - HOSPICES CIVILS DE LYON;0-1;76;32;2016;NA;1994;3303,72254856842;NA;NA
690781810 - HOSPICES CIVILS DE LYON;0-1;76;32;2017;NA;1988;3257,88693863577;NA;NA
690781810 - HOSPICES CIVILS DE LYON;0-1;76;32;2018;NA;1940;3146,25886773732;NA;NA
690781810 - HOSPICES CIVILS DE LYON;0-1;76;32;2019;NA;1943;3034,38574366670;NA;NA
690781810 - HOSPICES CIVILS DE LYON;0-1;76;32;2020;NA;1777;2989,27682919746;NA;NA
690781810 - HOSPICES CIVILS DE LYON;0-1;76;32;2021;NA;1941;2943,64500153054;NA;NA
690781810 - HOSPICES CIVILS DE LYON;0-1;76;32;2022;NA;2052;2977,16280609218;NA;NA
690781810 - HOSPICES CIVILS DE LYON;0-1;76;32;2023;NA;1733;2976,02696509888;NA;NA
690781810 - HOSPICES CIVILS DE LYON;0-1;76;32;2024;NA;1671;2798,51067481442;NA;NA
690781810 - HOSPICES CIVILS DE LYON;0-1;76;32;2025;NA;1508;2735,62784764062;NA;NA
690781810 - HOSPICES CIVILS DE LYON;0-1;75;33;2016;NA;21772;33187,57127899274;NA;NA
690781810 - HOSPICES CIVILS DE LYON;0-1;75;33;2017;NA;22335;33015,95475065305;NA;NA
690781810 - HOSPICES CIVILS DE LYON;0-1;75;33;2018;NA;22120;32967,07036550286;NA;NA
690781810 - HOSPICES CIVILS DE LYON;0-1;75;33;2019;NA;21937;32615,23295285975;NA;NA
690781810 - HOSPICES CIVILS DE LYON;0-1;75;33;2020;NA;20586;32420,34345245146;NA;NA
690781810 - HOSPICES CIVILS DE LYON;0-1;75;33;2021;NA;22259;32299,96159819876;NA;NA
690781810 - HOSPICES CIVILS DE LYON;0-1;75;33;2022;NA;21799;32426,41055011166;NA;NA
690781810 - HOSPICES CIVILS DE LYON;0-1;75;33;2023;NA;18519;32181,47710344149;NA;NA
690781810 - HOSPICES CIVILS DE LYON;0-1;75;33;2024;NA;19661;30836,71289585120;NA;NA
690781810 - HOSPICES CIVILS DE LYON;0-1;75;33;2025;NA;17435;29694,34875957818;NA;NA
690781810 - HOSPICES CIVILS DE LYON;0-1;76;34;2016;NA;17283;24169,15462301117;NA;NA
690781810 - HOSPICES CIVILS DE LYON;0-1;76;34;2017;NA;17193;23980,28537507851;NA;NA
690781810 - HOSPICES CIVILS DE LYON;0-1;76;34;2018;NA;16868;23726,73766593989;NA;NA
690781810 - HOSPICES CIVILS DE LYON;0-1;76;34;2019;NA;16772;23552,37555781777;NA;NA
690781810 - HOSPICES CIVILS DE LYON;0-1;76;34;2020;NA;15344;23717,94312921978;NA;NA
690781810 - HOSPICES CIVILS DE LYON;0-1;76;34;2021;NA;16231;23483,34995829108;NA;NA
690781810 - HOSPICES CIVILS DE LYON;0-1;76;34;2022;NA;16513;23270,42114006456;NA;NA
690781810 - HOSPICES CIVILS DE LYON;0-1;76;34;2023;NA;14893;23146,78993432642;NA;NA
690781810 - HOSPICES CIVILS DE LYON;0-1;76;34;2024;NA;14575;21942,84193297370;NA;NA
690781810 - HOSPICES CIVILS DE LYON;0-1;76;34;2025;NA;13014;20849,06519506104;NA;NA
690781810 - HOSPICES CIVILS DE LYON;0-1;53;35;2016;NA;15468;24591,44371170989;NA;NA
690781810 - HOSPICES CIVILS DE LYON;0-1;53;35;2017;NA;15370;24192,84851340750;NA;NA
690781810 - HOSPICES CIVILS DE LYON;0-1;53;35;2018;NA;15017;23634,05359466197;NA;NA
690781810 - HOSPICES CIVILS DE LYON;0-1;53;35;2019;NA;15083;23044,21381678378;NA;NA
690781810 - HOSPICES CIVILS DE LYON;0-1;53;35;2020;NA;14283;23020,56111077576;NA;NA
690781810 - HOSPICES CIVILS DE LYON;0-1;53;35;2021;NA;15011;23271,98354971196;NA;NA
690781810 - HOSPICES CIVILS DE LYON;0-1;53;35;2022;NA;15105;23148,46039367018;NA;NA
690781810 - HOSPICES CIVILS DE LYON;0-1;53;35;2023;NA;14272;22911,01109515137;NA;NA
690781810 - HOSPICES CIVILS DE LYON;0-1;53;35;2024;NA;14134;21874,95557834682;NA;NA
690781810 - HOSPICES CIVILS DE LYON;0-1;53;35;2025;NA;12612;21143,51091930702;NA;NA
690781810 - HOSPICES CIVILS DE LYON;0-1;24;36;2016;NA;2414;3931,52307049769;NA;NA
690781810 - HOSPICES CIVILS DE LYON;0-1;24;36;2017;NA;2255;3783,31524063955;NA;NA
690781810 - HOSPICES CIVILS DE LYON;0-1;24;36;2018;NA;2388;3637,36907114773;NA;NA
690781810 - HOSPICES CIVILS DE LYON;0-1;24;36;2019;NA;2379;3531,80086177852;NA;NA
690781810 - HOSPICES CIVILS DE LYON;0-1;24;36;2020;NA;2234;3492,31914942688;NA;NA
690781810 - HOSPICES CIVILS DE LYON;0-1;24;36;2021;NA;2458;3492,57827509317;NA;NA
690781810 - HOSPICES CIVILS DE LYON;0-1;24;36;2022;NA;2373;3555,50532641459;NA;NA
690781810 - HOSPICES CIVILS DE LYON;0-1;24;36;2023;NA;2317;3520,34147996009;NA;NA
690781810 - HOSPICES CIVILS DE LYON;0-1;24;36;2024;NA;2241;3379,90610298769;NA;NA
690781810 - HOSPICES CIVILS DE LYON;0-1;24;36;2025;NA;1924;3241,88092599023;NA;NA
690781810 - HOSPICES CIVILS DE LYON;0-1;24;37;2016;NA;8195;12808,14072245440;NA;NA
690781810 - HOSPICES CIVILS DE LYON;0-1;24;37;2017;NA;7958;12671,23201733931;NA;NA
690781810 - HOSPICES CIVILS DE LYON;0-1;24;37;2018;NA;8048;12381,59201158821;NA;NA
690781810 - HOSPICES CIVILS DE LYON;0-1;24;37;2019;NA;7857;12084,96128394049;NA;NA
690781810 - HOSPICES CIVILS DE LYON;0-1;24;37;2020;NA;7366;11913,06213667757;NA;NA
690781810 - HOSPICES CIVILS DE LYON;0-1;24;37;2021;NA;8012;11608,11928141697;NA;NA
690781810 - HOSPICES CIVILS DE LYON;0-1;24;37;2022;NA;7608;11715,99985426805;NA;NA
690781810 - HOSPICES CIVILS DE LYON;0-1;24;37;2023;NA;7316;11587,40163087658;NA;NA
690781810 - HOSPICES CIVILS DE LYON;0-1;24;37;2024;NA;7146;11048,40940218103;NA;NA
690781810 - HOSPICES CIVILS DE LYON;0-1;24;37;2025;NA;6254;10616,05260400910;NA;NA
690781810 - HOSPICES CIVILS DE LYON;0-1;75;40;2016;NA;4663;7581,00209463360;NA;NA
690781810 - HOSPICES CIVILS DE LYON;0-1;75;40;2017;NA;4576;7465,17112487161;NA;NA
690781810 - HOSPICES CIVILS DE LYON;0-1;75;40;2018;NA;4489;7313,19626315768;NA;NA
690781810 - HOSPICES CIVILS DE LYON;0-1;75;40;2019;NA;4681;7047,48178917380;NA;NA
690781810 - HOSPICES CIVILS DE LYON;0-1;75;40;2020;NA;4283;7095,52397159251;NA;NA
690781810 - HOSPICES CIVILS DE LYON;0-1;75;40;2021;NA;4675;7152,00439285595;NA;NA
690781810 - HOSPICES CIVILS DE LYON;0-1;75;40;2022;NA;4937;7044,20412932653;NA;NA
690781810 - HOSPICES CIVILS DE LYON;0-1;75;40;2023;NA;4413;7075,31054521156;NA;NA
690781810 - HOSPICES CIVILS DE LYON;0-1;75;40;2024;NA;4323;6749,19311139687;NA;NA
690781810 - HOSPICES CIVILS DE LYON;0-1;75;40;2025;NA;3912;6539,22634365258;NA;NA
690781810 - HOSPICES CIVILS DE LYON;0-1;24;41;2016;NA;4184;6814,12200163336;NA;NA
690781810 - HOSPICES CIVILS DE LYON;0-1;24;41;2017;NA;3867;6529,66185001173;NA;NA
690781810 - HOSPICES CIVILS DE LYON;0-1;24;41;2018;NA;3687;6322,51506974717;NA;NA
690781810 - HOSPICES CIVILS DE LYON;0-1;24;41;2019;NA;3682;6071,07433510244;NA;NA
690781810 - HOSPICES CIVILS DE LYON;0-1;24;41;2020;NA;3312;6162,07524219597;NA;NA
690781810 - HOSPICES CIVILS DE LYON;0-1;24;41;2021;NA;3761;6102,91470924893;NA;NA
690781810 - HOSPICES CIVILS DE LYON;0-1;24;41;2022;NA;4074;5928,30214081996;NA;NA
690781810 - HOSPICES CIVILS DE LYON;0-1;24;41;2023;NA;3733;5890,19116546372;NA;NA
690781810 - HOSPICES CIVILS DE LYON;0-1;24;41;2024;NA;3637;5670,59650492279;NA;NA
690781810 - HOSPICES CIVILS DE LYON;0-1;24;41;2025;NA;3151;5439,24263297384;NA;NA
690781810 - HOSPICES CIVILS DE LYON;0-1;52;44;2016;NA;20348;32832,10254287561;NA;NA
690781810 - HOSPICES CIVILS DE LYON;0-1;52;44;2017;NA;20503;32551,09344087732;NA;NA
690781810 - HOSPICES CIVILS DE LYON;0-1;52;44;2018;NA;20374;32035,61467822016;NA;NA
690781810 - HOSPICES CIVILS DE LYON;0-1;52;44;2019;NA;20114;31478,39377087888;NA;NA
690781810 - HOSPICES CIVILS DE LYON;0-1;52;44;2020;NA;19124;31339,69109478502;NA;NA
690781810 - HOSPICES CIVILS DE LYON;0-1;52;44;2021;NA;20783;31245,83938105414;NA;NA
690781810 - HOSPICES CIVILS DE LYON;0-1;52;44;2022;NA;20782;31544,71980388476;NA;NA
690781810 - HOSPICES CIVILS DE LYON;0-1;52;44;2023;NA;18685;31279,21451590530;NA;NA
690781810 - HOSPICES CIVILS DE LYON;0-1;52;44;2024;NA;18257;29924,22926885520;NA;NA
690781810 - HOSPICES CIVILS DE LYON;0-1;52;44;2025;NA;16596;28787,18791256496;NA;NA
690781810 - HOSPICES CIVILS DE LYON;0-1;24;45;2016;NA;10747;16101,76252005118;NA;NA
690781810 - HOSPICES CIVILS DE LYON;0-1;24;45;2017;NA;10678;15824,95916042367;NA;NA
690781810 - HOSPICES CIVILS DE LYON;0-1;24;45;2018;NA;10859;15511,69846856341;NA;NA
690781810 - HOSPICES CIVILS DE LYON;0-1;24;45;2019;NA;10734;15302,42342524558;NA;NA
690781810 - HOSPICES CIVILS DE LYON;0-1;24;45;2020;NA;9615;14967,63401358530;NA;NA
690781810 - HOSPICES CIVILS DE LYON;0-1;24;45;2021;NA;10143;14624,54246026047;NA;NA
690781810 - HOSPICES CIVILS DE LYON;0-1;24;45;2022;NA;10312;14699,76563070643;NA;NA
690781810 - HOSPICES CIVILS DE LYON;0-1;24;45;2023;NA;8930;14507,40194112199;NA;NA
690781810 - HOSPICES CIVILS DE LYON;0-1;24;45;2024;NA;9167;13862,84871886321;NA;NA
690781810 - HOSPICES CIVILS DE LYON;0-1;24;45;2025;NA;7928;13318,92289952122;NA;NA
690781810 - HOSPICES CIVILS DE LYON;0-1;76;46;2016;NA;1766;2733,41860909306;NA;NA
690781810 - HOSPICES CIVILS DE LYON;0-1;76;46;2017;NA;1794;2675,36363758899;NA;NA
690781810 - HOSPICES CIVILS DE LYON;0-1;76;46;2018;NA;1793;2624,38216763715;NA;NA
690781810 - HOSPICES CIVILS DE LYON;0-1;76;46;2019;NA;1724;2575,73522966699;NA;NA
690781810 - HOSPICES CIVILS DE LYON;0-1;76;46;2020;NA;1625;2713,02855042323;NA;NA
690781810 - HOSPICES CIVILS DE LYON;0-1;76;46;2021;NA;1739;2692,40544261506;NA;NA
690781810 - HOSPICES CIVILS DE LYON;0-1;76;46;2022;NA;1708;2611,28056690903;NA;NA
690781810 - HOSPICES CIVILS DE LYON;0-1;76;46;2023;NA;1536;2578,00427124398;NA;NA
690781810 - HOSPICES CIVILS DE LYON;0-1;76;46;2024;NA;1444;2410,15521594331;NA;NA
690781810 - HOSPICES CIVILS DE LYON;0-1;76;46;2025;NA;1394;2333,97558915590;NA;NA
690781810 - HOSPICES CIVILS DE LYON;0-1;75;47;2016;NA;4402;6510,71098206234;NA;NA
690781810 - HOSPICES CIVILS DE LYON;0-1;75;47;2017;NA;4421;6284,69344195563;NA;NA
690781810 - HOSPICES CIVILS DE LYON;0-1;75;47;2018;NA;4223;6031,77167602887;NA;NA
690781810 - HOSPICES CIVILS DE LYON;0-1;75;47;2019;NA;4207;5812,38776904738;NA;NA
690781810 - HOSPICES CIVILS DE LYON;0-1;75;47;2020;NA;3845;5812,41832990132;NA;NA
690781810 - HOSPICES CIVILS DE LYON;0-1;75;47;2021;NA;4023;5891,54830066981;NA;NA
690781810 - HOSPICES CIVILS DE LYON;0-1;75;47;2022;NA;4164;5946,55741177708;NA;NA
690781810 - HOSPICES CIVILS DE LYON;0-1;75;47;2023;NA;3856;5887,07857352742;NA;NA
690781810 - HOSPICES CIVILS DE LYON;0-1;75;47;2024;NA;3589;5638,35996780947;NA;NA
690781810 - HOSPICES CIVILS DE LYON;0-1;75;47;2025;NA;3094;5386,01161076502;NA;NA
690781810 - HOSPICES CIVILS DE LYON;0-1;76;48;2016;NA;NA;1374,86760340824;NA;NA
690781810 - HOSPICES CIVILS DE LYON;0-1;76;48;2017;NA;866;1329,38761285244;NA;NA
690781810 - HOSPICES CIVILS DE LYON;0-1;76;48;2018;NA;796;1287,19330525814;NA;NA
690781810 - HOSPICES CIVILS DE LYON;0-1;76;48;2019;NA;808;1277,69670385359;NA;NA
690781810 - HOSPICES CIVILS DE LYON;0-1;76;48;2020;NA;704;1332,17351778116;NA;NA
690781810 - HOSPICES CIVILS DE LYON;0-1;76;48;2021;NA;872;1204,71110530813;NA;NA
690781810 - HOSPICES CIVILS DE LYON;0-1;76;48;2022;NA;879;1221,54951404565;NA;NA
690781810 - HOSPICES CIVILS DE LYON;0-1;76;48;2023;NA;802;1220,91418701533;NA;NA
690781810 - HOSPICES CIVILS DE LYON;0-1;76;48;2024;NA;740;1184,40829888135;NA;NA
690781810 - HOSPICES CIVILS DE LYON;0-1;76;48;2025;NA;627;1137,20820173385;NA;NA
690781810 - HOSPICES CIVILS DE LYON;0-1;52;49;2016;NA;11868;18243,12172603767;NA;NA
690781810 - HOSPICES CIVILS DE LYON;0-1;52;49;2017;NA;11817;17333,73308783687;NA;NA
690781810 - HOSPICES CIVILS DE LYON;0-1;52;49;2018;NA;11194;16971,95331770149;NA;NA
690781810 - HOSPICES CIVILS DE LYON;0-1;52;49;2019;NA;10906;16307,61647642988;NA;NA
690781810 - HOSPICES CIVILS DE LYON;0-1;52;49;2020;NA;10169;16674,57792354967;NA;NA
690781810 - HOSPICES CIVILS DE LYON;0-1;52;49;2021;NA;11074;16706,46287296841;NA;NA
690781810 - HOSPICES CIVILS DE LYON;0-1;52;49;2022;NA;11031;16701,24246564355;NA;NA
690781810 - HOSPICES CIVILS DE LYON;0-1;52;49;2023;NA;10144;16593,61668642990;NA;NA
690781810 - HOSPICES CIVILS DE LYON;0-1;52;49;2024;NA;9847;15982,49584740879;NA;NA
690781810 - HOSPICES CIVILS DE LYON;0-1;52;49;2025;NA;8567;15413,54501119271;NA;NA
690781810 - HOSPICES CIVILS DE LYON;0-1;28;50;2016;NA;6388;9799,67089459529;NA;NA
690781810 - HOSPICES CIVILS DE LYON;0-1;28;50;2017;NA;6302;9488,95737473345;NA;NA
690781810 - HOSPICES CIVILS DE LYON;0-1;28;50;2018;NA;6279;9107,65218258835;NA;NA
690781810 - HOSPICES CIVILS DE LYON;0-1;28;50;2019;NA;6052;8796,49466975679;NA;NA
690781810 - HOSPICES CIVILS DE LYON;0-1;28;50;2020;NA;5697;8981,73949183834;NA;NA
690781810 - HOSPICES CIVILS DE LYON;0-1;28;50;2021;NA;6012;8926,94025977040;NA;NA
690781810 - HOSPICES CIVILS DE LYON;0-1;28;50;2022;NA;6491;8897,69674650486;NA;NA
690781810 - HOSPICES CIVILS DE LYON;0-1;28;50;2023;NA;5716;8875,94498036355;NA;NA
690781810 - HOSPICES CIVILS DE LYON;0-1;28;50;2024;NA;5662;8547,61262894261;NA;NA
690781810 - HOSPICES CIVILS DE LYON;0-1;28;50;2025;NA;4696;8194,59946087368;NA;NA
690781810 - HOSPICES CIVILS DE LYON;0-1;44;51;2016;NA;8908;12984,12688361403;NA;NA
690781810 - HOSPICES CIVILS DE LYON;0-1;44;51;2017;NA;8554;12641,91296377669;NA;NA
690781810 - HOSPICES CIVILS DE LYON;0-1;44;51;2018;NA;6938;12288,13877789304;NA;NA
690781810 - HOSPICES CIVILS DE LYON;0-1;44;51;2019;NA;8219;11849,68700353729;NA;NA
690781810 - HOSPICES CIVILS DE LYON;0-1;44;51;2020;NA;7398;11706,74524036227;NA;NA
690781810 - HOSPICES CIVILS DE LYON;0-1;44;51;2021;NA;7984;11209,77489601785;NA;NA
690781810 - HOSPICES CIVILS DE LYON;0-1;44;51;2022;NA;7932;10987,34265606467;NA;NA
690781810 - HOSPICES CIVILS DE LYON;0-1;44;51;2023;NA;6913;10819,36957059351;NA;NA
690781810 - HOSPICES CIVILS DE LYON;0-1;44;51;2024;NA;6956;10153,75068394181;NA;NA
690781810 - HOSPICES CIVILS DE LYON;0-1;44;51;2025;NA;6270;9648,58808148658;NA;NA
690781810 - HOSPICES CIVILS DE LYON;0-1;44;52;2016;NA;2644;3512,34190517487;NA;NA
690781810 - HOSPICES CIVILS DE LYON;0-1;44;52;2017;NA;2481;3360,50362610494;NA;NA
690781810 - HOSPICES CIVILS DE LYON;0-1;44;52;2018;NA;2294;3236,25087055489;NA;NA
690781810 - HOSPICES CIVILS DE LYON;0-1;44;52;2019;NA;2226;3106,54164042984;NA;NA
690781810 - HOSPICES CIVILS DE LYON;0-1;44;52;2020;NA;1907;2994,29952517517;NA;NA
690781810 - HOSPICES CIVILS DE LYON;0-1;44;52;2021;NA;2039;2959,90395603662;NA;NA
690781810 - HOSPICES CIVILS DE LYON;0-1;44;52;2022;NA;2026;2939,48703411685;NA;NA
690781810 - HOSPICES CIVILS DE LYON;0-1;44;52;2023;NA;1983;2855,02495357506;NA;NA
690781810 - HOSPICES CIVILS DE LYON;0-1;44;52;2024;NA;1942;2731,76208032095;NA;NA
690781810 - HOSPICES CIVILS DE LYON;0-1;44;52;2025;NA;1683;2626,56008884913;NA;NA
690781810 - HOSPICES CIVILS DE LYON;0-1;52;53;2016;NA;4248;7018,46796359796;NA;NA
690781810 - HOSPICES CIVILS DE LYON;0-1;52;53;2017;NA;4015;6746,08275854632;NA;NA
690781810 - HOSPICES CIVILS DE LYON;0-1;52;53;2018;NA;4044;6419,81411552856;NA;NA
690781810 - HOSPICES CIVILS DE LYON;0-1;52;53;2019;NA;3947;6117,51509844468;NA;NA
690781810 - HOSPICES CIVILS DE LYON;0-1;52;53;2020;NA;3549;6279,14269459959;NA;NA
690781810 - HOSPICES CIVILS DE LYON;0-1;52;53;2021;NA;3789;6242,66429440839;NA;NA
690781810 - HOSPICES CIVILS DE LYON;0-1;52;53;2022;NA;4072;5893,73364900754;NA;NA
690781810 - HOSPICES CIVILS DE LYON;0-1;52;53;2023;NA;3742;5861,01061606087;NA;NA
690781810 - HOSPICES CIVILS DE LYON;0-1;52;53;2024;NA;3672;5574,26614696062;NA;NA
690781810 - HOSPICES CIVILS DE LYON;0-1;52;53;2025;NA;3119;5463,81079707022;NA;NA
690781810 - HOSPICES CIVILS DE LYON;0-1;44;54;2016;NA;10571;15840,69695647663;NA;NA
690781810 - HOSPICES CIVILS DE LYON;0-1;44;54;2017;NA;10435;15393,66045143672;NA;NA
690781810 - HOSPICES CIVILS DE LYON;0-1;44;54;2018;NA;9902;14907,52138981810;NA;NA
690781810 - HOSPICES CIVILS DE LYON;0-1;44;54;2019;NA;9632;14499,88097773646;NA;NA
690781810 - HOSPICES CIVILS DE LYON;0-1;44;54;2020;NA;8782;14221,95684150942;NA;NA
690781810 - HOSPICES CIVILS DE LYON;0-1;44;54;2021;NA;9310;14099,22338252810;NA;NA
690781810 - HOSPICES CIVILS DE LYON;0-1;44;54;2022;NA;9367;13966,44751225867;NA;NA
690781810 - HOSPICES CIVILS DE LYON;0-1;44;54;2023;NA;8268;13513,70696545686;NA;NA
690781810 - HOSPICES CIVILS DE LYON;0-1;44;54;2024;NA;8213;12588,17811606456;NA;NA
690781810 - HOSPICES CIVILS DE LYON;0-1;44;54;2025;NA;7358;11914,81509692217;NA;NA
690781810 - HOSPICES CIVILS DE LYON;0-1;44;55;2016;NA;2826;3955,22098623884;NA;NA
690781810 - HOSPICES CIVILS DE LYON;0-1;44;55;2017;NA;2724;3793,73122019469;NA;NA
690781810 - HOSPICES CIVILS DE LYON;0-1;44;55;2018;NA;2542;3571,99026568198;NA;NA
690781810 - HOSPICES CIVILS DE LYON;0-1;44;55;2019;NA;2354;3377,12625329159;NA;NA
690781810 - HOSPICES CIVILS DE LYON;0-1;44;55;2020;NA;2050;3306,47939825150;NA;NA
690781810 - HOSPICES CIVILS DE LYON;0-1;44;55;2021;NA;2202;3263,40444015024;NA;NA
690781810 - HOSPICES CIVILS DE LYON;0-1;44;55;2022;NA;2233;3257,20643077483;NA;NA
690781810 - HOSPICES CIVILS DE LYON;0-1;44;55;2023;NA;1986;3132,04563590613;NA;NA
690781810 - HOSPICES CIVILS DE LYON;0-1;44;55;2024;NA;1890;2939,97218473525;NA;NA
690781810 - HOSPICES CIVILS DE LYON;0-1;44;55;2025;NA;1657;2779,18050217511;NA;NA
690781810 - HOSPICES CIVILS DE LYON;0-1;53;56;2016;NA;9114;15012,04688638063;NA;NA
690781810 - HOSPICES CIVILS DE LYON;0-1;53;56;2017;NA;8999;14490,55644630394;NA;NA
690781810 - HOSPICES CIVILS DE LYON;0-1;53;56;2018;NA;8401;14104,51582621518;NA;NA
690781810 - HOSPICES CIVILS DE LYON;0-1;53;56;2019;NA;8601;13642,45399173198;NA;NA
690781810 - HOSPICES CIVILS DE LYON;0-1;53;56;2020;NA;8043;13687,23290049749;NA;NA
690781810 - HOSPICES CIVILS DE LYON;0-1;53;56;2021;NA;8657;13661,39296475705;NA;NA
690781810 - HOSPICES CIVILS DE LYON;0-1;53;56;2022;NA;8913;13532,59351951177;NA;NA
690781810 - HOSPICES CIVILS DE LYON;0-1;53;56;2023;NA;7946;13456,90216261931;NA;NA
690781810 - HOSPICES CIVILS DE LYON;0-1;53;56;2024;NA;7673;12953,01986551184;NA;NA
690781810 - HOSPICES CIVILS DE LYON;0-1;53;56;2025;NA;6855;12461,64287052185;NA;NA
690781810 - HOSPICES CIVILS DE LYON;0-1;44;57;2016;NA;15082;22184,74554750700;NA;NA
690781810 - HOSPICES CIVILS DE LYON;0-1;44;57;2017;NA;14771;21628,97443476057;NA;NA
690781810 - HOSPICES CIVILS DE LYON;0-1;44;57;2018;NA;14028;21325,79718051218;NA;NA
690781810 - HOSPICES CIVILS DE LYON;0-1;44;57;2019;NA;13859;20714,49949044216;NA;NA
690781810 - HOSPICES CIVILS DE LYON;0-1;44;57;2020;NA;12432;20551,71285711520;NA;NA
690781810 - HOSPICES CIVILS DE LYON;0-1;44;57;2021;NA;12965;20527,70429986320;NA;NA
690781810 - HOSPICES CIVILS DE LYON;0-1;44;57;2022;NA;13161;20174,40486774091;NA;NA
690781810 - HOSPICES CIVILS DE LYON;0-1;44;57;2023;NA;12023;19664,96677957810;NA;NA
690781810 - HOSPICES CIVILS DE LYON;0-1;44;57;2024;NA;12118;18522,73497193881;NA;NA
690781810 - HOSPICES CIVILS DE LYON;0-1;44;57;2025;NA;10344;17583,36059479554;NA;NA
690781810 - HOSPICES CIVILS DE LYON;0-1;27;58;2016;NA;2434;3567,50754509687;NA;NA
690781810 - HOSPICES CIVILS DE LYON;0-1;27;58;2017;NA;2340;3390,20845668812;NA;NA
690781810 - HOSPICES CIVILS DE LYON;0-1;27;58;2018;NA;2317;3320,08957403451;NA;NA
690781810 - HOSPICES CIVILS DE LYON;0-1;27;58;2019;NA;2198;3247,78297026406;NA;NA
690781810 - HOSPICES CIVILS DE LYON;0-1;27;58;2020;NA;1946;3174,34385791473;NA;NA
690781810 - HOSPICES CIVILS DE LYON;0-1;27;58;2021;NA;2141;3098,10506933836;NA;NA
690781810 - HOSPICES CIVILS DE LYON;0-1;27;58;2022;NA;2154;3175,25191647796;NA;NA
690781810 - HOSPICES CIVILS DE LYON;0-1;27;58;2024;NA;1781;2924,42279624529;NA;NA
690781810 - HOSPICES CIVILS DE LYON;0-1;27;58;2025;NA;1677;2847,30132080598;NA;NA
690781810 - HOSPICES CIVILS DE LYON;0-1;32;59;2016;NA;48998;66325,41578397129;NA;NA
690781810 - HOSPICES CIVILS DE LYON;0-1;32;59;2017;NA;47928;64750,74401602377;NA;NA
690781810 - HOSPICES CIVILS DE LYON;0-1;32;59;2018;NA;46605;63010,16980185197;NA;NA
690781810 - HOSPICES CIVILS DE LYON;0-1;32;59;2019;NA;45849;60868,87223116494;NA;NA
690781810 - HOSPICES CIVILS DE LYON;0-1;32;59;2020;NA;40423;59431,24333690581;NA;NA
690781810 - HOSPICES CIVILS DE LYON;0-1;32;59;2021;NA;43160;57812,19680807079;NA;NA
690781810 - HOSPICES CIVILS DE LYON;0-1;32;59;2022;NA;42862;56530,35959387797;NA;NA
690781810 - HOSPICES CIVILS DE LYON;0-1;32;59;2023;NA;40120;55240,72538955935;NA;NA
690781810 - HOSPICES CIVILS DE LYON;0-1;32;59;2024;NA;38583;52518,24925151806;NA;NA
690781810 - HOSPICES CIVILS DE LYON;0-1;32;59;2025;NA;34620;49940,00495463576;NA;NA
690781810 - HOSPICES CIVILS DE LYON;0-1;32;60;2016;NA;14688;20875,92131583638;NA;NA
690781810 - HOSPICES CIVILS DE LYON;0-1;32;60;2017;NA;14376;20239,40560670065;NA;NA
690781810 - HOSPICES CIVILS DE LYON;0-1;32;60;2018;NA;14190;19978,99378791761;NA;NA
690781810 - HOSPICES CIVILS DE LYON;0-1;32;60;2019;NA;14105;19379,23159236267;NA;NA
690781810 - HOSPICES CIVILS DE LYON;0-1;32;60;2020;NA;12399;19487,67403229811;NA;NA
690781810 - HOSPICES CIVILS DE LYON;0-1;32;60;2021;NA;13327;19138,72504348608;NA;NA
690781810 - HOSPICES CIVILS DE LYON;0-1;32;60;2022;NA;13550;18928,38552241231;NA;NA
690781810 - HOSPICES CIVILS DE LYON;0-1;32;60;2023;NA;12257;18439,38370465831;NA;NA
690781810 - HOSPICES CIVILS DE LYON;0-1;32;60;2024;NA;11986;17502,92263902432;NA;NA
690781810 - HOSPICES CIVILS DE LYON;0-1;32;60;2025;NA;10781;16757,34913828247;NA;NA
690781810 - HOSPICES CIVILS DE LYON;0-1;28;61;2016;NA;4262;5526,66474317196;NA;NA
690781810 - HOSPICES CIVILS DE LYON;0-1;28;61;2017;NA;4270;5268,94254681910;NA;NA
690781810 - HOSPICES CIVILS DE LYON;0-1;28;61;2018;NA;4135;5119,92963038589;NA;NA
690781810 - HOSPICES CIVILS DE LYON;0-1;28;61;2019;NA;4146;4990,27111550145;NA;NA
690781810 - HOSPICES CIVILS DE LYON;0-1;28;61;2020;NA;3369;4945,03737067316;NA;NA
690781810 - HOSPICES CIVILS DE LYON;0-1;28;61;2021;NA;3670;4786,32651222035;NA;NA
690781810 - HOSPICES CIVILS DE LYON;0-1;28;61;2022;NA;4132;4742,48634864782;NA;NA
690781810 - HOSPICES CIVILS DE LYON;0-1;28;61;2023;NA;3941;4682,50549417768;NA;NA
690781810 - HOSPICES CIVILS DE LYON;0-1;28;61;2024;NA;3656;4476,32761821855;NA;NA
690781810 - HOSPICES CIVILS DE LYON;0-1;28;61;2025;NA;3255;4298,68422704503;NA;NA
690781810 - HOSPICES CIVILS DE LYON;0-1;32;62;2016;NA;25808;35760,93183422759;NA;NA
690781810 - HOSPICES CIVILS DE LYON;0-1;32;62;2017;NA;25009;34479,59276666064;NA;NA
690781810 - HOSPICES CIVILS DE LYON;0-1;32;62;2018;NA;23856;33395,49383190787;NA;NA
690781810 - HOSPICES CIVILS DE LYON;0-1;32;62;2019;NA;23659;31834,56755915648;NA;NA
690781810 - HOSPICES CIVILS DE LYON;0-1;32;62;2020;NA;21340;31386,82716472971;NA;NA
690781810 - HOSPICES CIVILS DE LYON;0-1;32;62;2021;NA;22626;30744,52161711647;NA;NA
690781810 - HOSPICES CIVILS DE LYON;0-1;32;62;2022;NA;22858;30348,41694116278;NA;NA
690781810 - HOSPICES CIVILS DE LYON;0-1;32;62;2023;NA;21422;29513,59674003672;NA;NA
690781810 - HOSPICES CIVILS DE LYON;0-1;32;62;2024;NA;21166;28049,20056899309;NA;NA
690781810 - HOSPICES CIVILS DE LYON;0-1;32;62;2025;NA;17675;26871,98784777914;NA;NA
690781810 - HOSPICES CIVILS DE LYON;0-1;84;63;2022;NA;7532;12325,80358623997;NA;NA
690781810 - HOSPICES CIVILS DE LYON;0-1;75;64;2016;NA;7760;12702,08283725224;NA;NA
690781810 - HOSPICES CIVILS DE LYON;0-1;75;64;2017;NA;7726;12579,80286346641;NA;NA
690781810 - HOSPICES CIVILS DE LYON;0-1;75;64;2018;NA;7508;12304,67576986380;NA;NA
690781810 - HOSPICES CIVILS DE LYON;0-1;75;64;2019;NA;7536;12003,21018813971;NA;NA
690781810 - HOSPICES CIVILS DE LYON;0-1;75;64;2020;NA;7117;12167,28782539567;NA;NA
690781810 - HOSPICES CIVILS DE LYON;0-1;75;64;2021;NA;7532;12052,14358661891;NA;NA
690781810 - HOSPICES CIVILS DE LYON;0-1;75;64;2022;NA;7919;11808,82984913511;NA;NA
690781810 - HOSPICES CIVILS DE LYON;0-1;75;64;2023;NA;7252;11764,43029725388;NA;NA
690781810 - HOSPICES CIVILS DE LYON;0-1;75;64;2024;NA;6972;11294,16559099791;NA;NA
690781810 - HOSPICES CIVILS DE LYON;0-1;75;64;2025;NA;6533;10850,19465274579;NA;NA
690781810 - HOSPICES CIVILS DE LYON;0-1;76;65;2016;NA;2521;3923,36477163599;NA;NA
690781810 - HOSPICES CIVILS DE LYON;0-1;76;65;2017;NA;2511;3880,14527280030;NA;NA
690781810 - HOSPICES CIVILS DE LYON;0-1;76;65;2018;NA;2478;3722,36151825322;NA;NA
690781810 - HOSPICES CIVILS DE LYON;0-1;76;65;2019;NA;2405;3660,76033684455;NA;NA
690781810 - HOSPICES CIVILS DE LYON;0-1;76;65;2020;NA;2295;3700,18149065840;NA;NA
690781810 - HOSPICES CIVILS DE LYON;0-1;76;65;2021;NA;2334;3679,55625191317;NA;NA
690781810 - HOSPICES CIVILS DE LYON;0-1;76;65;2022;NA;2382;3694,16770368464;NA;NA
690781810 - HOSPICES CIVILS DE LYON;0-1;76;65;2023;NA;2288;3633,56201164315;NA;NA
690781810 - HOSPICES CIVILS DE LYON;0-1;76;65;2024;NA;2211;3516,05806561926;NA;NA
690781810 - HOSPICES CIVILS DE LYON;0-1;76;65;2025;NA;1921;3381,84501235747;NA;NA
690781810 - HOSPICES CIVILS DE LYON;0-1;76;66;2016;NA;5819;9490,82100911647;NA;NA
690781810 - HOSPICES CIVILS DE LYON;0-1;76;66;2017;NA;5823;9339,27589075587;NA;NA
690781810 - HOSPICES CIVILS DE LYON;0-1;76;66;2018;NA;5524;8997,66195692243;NA;NA
690781810 - HOSPICES CIVILS DE LYON;0-1;76;66;2019;NA;5628;8788,05089460366;NA;NA
690781810 - HOSPICES CIVILS DE LYON;0-1;76;66;2020;NA;4960;8698,92307217019;NA;NA
690781810 - HOSPICES CIVILS DE LYON;0-1;76;66;2021;NA;5685;8593,24457443120;NA;NA
690781810 - HOSPICES CIVILS DE LYON;0-1;76;66;2022;NA;5569;8902,35766674923;NA;NA
690781810 - HOSPICES CIVILS DE LYON;0-1;76;66;2023;NA;5622;8918,35404549570;NA;NA
690781810 - HOSPICES CIVILS DE LYON;0-1;76;66;2024;NA;5601;8607,91391601341;NA;NA
690781810 - HOSPICES CIVILS DE LYON;0-1;76;66;2025;NA;5049;8285,79946395872;NA;NA
690781810 - HOSPICES CIVILS DE LYON;0-1;44;67;2016;NA;15882;24213,05404069558;NA;NA
690781810 - HOSPICES CIVILS DE LYON;0-1;44;67;2017;NA;15348;23843,33453277944;NA;NA
690781810 - HOSPICES CIVILS DE LYON;0-1;44;67;2018;NA;15170;23626,36197048952;NA;NA
690781810 - HOSPICES CIVILS DE LYON;0-1;44;67;2019;NA;14935;23241,87491695939;NA;NA
690781810 - HOSPICES CIVILS DE LYON;0-1;44;67;2020;NA;14203;22908,12999312079;NA;NA
690781810 - HOSPICES CIVILS DE LYON;0-1;44;67;2021;NA;14681;22682,01577191967;NA;NA
690781810 - HOSPICES CIVILS DE LYON;0-1;44;67;2022;NA;14226;22527,00436108734;NA;NA
690781810 - HOSPICES CIVILS DE LYON;0-1;44;67;2023;NA;13346;22031,70387314543;NA;NA
690781810 - HOSPICES CIVILS DE LYON;0-1;44;67;2024;NA;12931;20888,89679605687;NA;NA
690781810 - HOSPICES CIVILS DE LYON;0-1;44;67;2025;NA;11407;19875,64475396970;NA;NA
690781810 - HOSPICES CIVILS DE LYON;0-1;44;68;2016;NA;11598;17008,11067454438;NA;NA
690781810 - HOSPICES CIVILS DE LYON;0-1;44;68;2017;NA;11213;16570,66614116765;NA;NA
690781810 - HOSPICES CIVILS DE LYON;0-1;44;68;2018;NA;11311;16220,48163605392;NA;NA
690781810 - HOSPICES CIVILS DE LYON;0-1;44;68;2019;NA;10935;15832,46222008541;NA;NA
690781810 - HOSPICES CIVILS DE LYON;0-1;44;68;2020;NA;9816;15588,51650867646;NA;NA
690781810 - HOSPICES CIVILS DE LYON;0-1;44;68;2021;NA;10277;15140,95782481093;NA;NA
690781810 - HOSPICES CIVILS DE LYON;0-1;44;68;2022;NA;10263;14701,70768080825;NA;NA
690781810 - HOSPICES CIVILS DE LYON;0-1;44;68;2023;NA;9377;14273,17939791509;NA;NA
690781810 - HOSPICES CIVILS DE LYON;0-1;44;68;2024;NA;9263;13349,33964531684;NA;NA
690781810 - HOSPICES CIVILS DE LYON;0-1;44;68;2025;NA;8349;12710,30247077004;NA;NA
690781810 - HOSPICES CIVILS DE LYON;0-1;27;70;2019;NA;2992;4384,62215224493;NA;NA
690781810 - HOSPICES CIVILS DE LYON;0-1;27;70;2020;NA;2521;4432,72238094642;NA;NA
690781810 - HOSPICES CIVILS DE LYON;0-1;27;70;2022;NA;2622;4188,22524958800;NA;NA
690781810 - HOSPICES CIVILS DE LYON;0-1;27;70;2023;NA;2434;4028,08303956971;NA;NA
690781810 - HOSPICES CIVILS DE LYON;0-1;27;70;2024;NA;2420;3774,32961590367;NA;NA
690781810 - HOSPICES CIVILS DE LYON;0-1;27;70;2025;NA;2128;3596,25808083495;NA;NA
690781810 - HOSPICES CIVILS DE LYON;0-1;52;72;2016;NA;8251;12727,72320510331;NA;NA
690781810 - HOSPICES CIVILS DE LYON;0-1;52;72;2017;NA;8317;12344,09310390377;NA;NA
690781810 - HOSPICES CIVILS DE LYON;0-1;52;72;2018;NA;8004;11987,39627275057;NA;NA
690781810 - HOSPICES CIVILS DE LYON;0-1;52;72;2019;NA;8071;11595,98994098180;NA;NA
690781810 - HOSPICES CIVILS DE LYON;0-1;52;72;2020;NA;7105;11454,06499656040;NA;NA
690781810 - HOSPICES CIVILS DE LYON;0-1;52;72;2021;NA;7812;11389,01051354923;NA;NA
690781810 - HOSPICES CIVILS DE LYON;0-1;52;72;2022;NA;7819;11266,99787072695;NA;NA
690781810 - HOSPICES CIVILS DE LYON;0-1;52;72;2023;NA;7028;11111,95321260611;NA;NA
690781810 - HOSPICES CIVILS DE LYON;0-1;52;72;2024;NA;6758;10668,01826424379;NA;NA
690781810 - HOSPICES CIVILS DE LYON;0-1;52;72;2025;NA;5960;10247,15789765288;NA;NA
690781810 - HOSPICES CIVILS DE LYON;0-1;11;75;2017;NA;33774;42222,13756931546;NA;NA
690781810 - HOSPICES CIVILS DE LYON;0-1;11;75;2018;NA;33584;41072,50391842205;NA;NA
690781810 - HOSPICES CIVILS DE LYON;0-1;11;75;2020;NA;30091;39105,93816001677;NA;NA
690781810 - HOSPICES CIVILS DE LYON;0-1;11;75;2021;NA;31118;36741,36600411141;NA;NA
690781810 - HOSPICES CIVILS DE LYON;0-1;11;75;2022;NA;29162;34993,41237469917;NA;NA
690781810 - HOSPICES CIVILS DE LYON;0-1;11;75;2023;NA;27366;33871,61452485468;NA;NA
690781810 - HOSPICES CIVILS DE LYON;0-1;11;75;2024;NA;26931;31583,84205012473;NA;NA
690781810 - HOSPICES CIVILS DE LYON;0-1;11;75;2025;NA;24587;29604,26549122480;NA;NA
690781810 - HOSPICES CIVILS DE LYON;0-1;28;76;2016;NA;20325;29069,57280594180;NA;NA
690781810 - HOSPICES CIVILS DE LYON;0-1;28;76;2017;NA;20061;28453,36992848073;NA;NA
690781810 - HOSPICES CIVILS DE LYON;0-1;28;76;2018;NA;19705;27705,23026913542;NA;NA
690781810 - HOSPICES CIVILS DE LYON;0-1;28;76;2019;NA;19199;26978,24542222064;NA;NA
690781810 - HOSPICES CIVILS DE LYON;0-1;28;76;2020;NA;17195;26875,67345428516;NA;NA
690781810 - HOSPICES CIVILS DE LYON;0-1;28;76;2021;NA;18201;26239,62986503719;NA;NA
690781810 - HOSPICES CIVILS DE LYON;0-1;28;76;2022;NA;19033;26138,44073043438;NA;NA
690781810 - HOSPICES CIVILS DE LYON;0-1;28;76;2023;NA;17049;25786,26789631241;NA;NA
690781810 - HOSPICES CIVILS DE LYON;0-1;28;76;2024;NA;16732;24407,98888869856;NA;NA
690781810 - HOSPICES CIVILS DE LYON;0-1;28;76;2025;NA;14118;23363,20732092371;NA;NA
690781810 - HOSPICES CIVILS DE LYON;0-1;11;77;2016;NA;25911;37303,62729993376;NA;NA
690781810 - HOSPICES CIVILS DE LYON;0-1;11;77;2017;NA;25619;36760,30651221596;NA;NA
690781810 - HOSPICES CIVILS DE LYON;0-1;11;77;2018;NA;25151;36068,33323183141;NA;NA
690781810 - HOSPICES CIVILS DE LYON;0-1;11;77;2019;NA;25079;35136,08364403139;NA;NA
690781810 - HOSPICES CIVILS DE LYON;0-1;11;77;2020;NA;22850;34642,69324197502;NA;NA
690781810 - HOSPICES CIVILS DE LYON;0-1;11;77;2021;NA;24496;34765,51591365746;NA;NA
690781810 - HOSPICES CIVILS DE LYON;0-1;11;77;2022;NA;24020;35111,48902088992;NA;NA
690781810 - HOSPICES CIVILS DE LYON;0-1;11;77;2023;NA;22462;35016,65928342260;NA;NA
690781810 - HOSPICES CIVILS DE LYON;0-1;11;77;2024;NA;21419;33773,27180018622;NA;NA
690781810 - HOSPICES CIVILS DE LYON;0-1;11;77;2025;NA;19555;32431,83783177156;NA;NA
690781810 - HOSPICES CIVILS DE LYON;0-1;11;78;2016;NA;24817;36698,35922247967;NA;NA
690781810 - HOSPICES CIVILS DE LYON;0-1;11;78;2017;NA;24529;36394,58989672435;NA;NA
690781810 - HOSPICES CIVILS DE LYON;0-1;11;78;2018;NA;21178;36076,40943721247;NA;NA
690781810 - HOSPICES CIVILS DE LYON;0-1;11;78;2019;NA;21759;35180,22155960458;NA;NA
690781810 - HOSPICES CIVILS DE LYON;0-1;11;78;2020;NA;21958;34701,03378756230;NA;NA
690781810 - HOSPICES CIVILS DE LYON;0-1;11;78;2021;NA;23650;34148,06276039060;NA;NA
690781810 - HOSPICES CIVILS DE LYON;0-1;11;78;2022;NA;23292;34302,04253845075;NA;NA
690781810 - HOSPICES CIVILS DE LYON;0-1;11;78;2023;NA;20108;34299,20684210448;NA;NA
690781810 - HOSPICES CIVILS DE LYON;0-1;11;78;2024;NA;22153;33120,19748360803;NA;NA
690781810 - HOSPICES CIVILS DE LYON;0-1;11;78;2025;NA;20684;32124,73578056684;NA;NA
690781810 - HOSPICES CIVILS DE LYON;0-1;75;79;2016;NA;5056;7727,46298372230;NA;NA
690781810 - HOSPICES CIVILS DE LYON;0-1;75;79;2017;NA;4846;7501,81994182489;NA;NA
690781810 - HOSPICES CIVILS DE LYON;0-1;75;79;2018;NA;4583;7164,36333542093;NA;NA
690781810 - HOSPICES CIVILS DE LYON;0-1;75;79;2019;NA;4536;6928,88512906843;NA;NA
690781810 - HOSPICES CIVILS DE LYON;0-1;75;79;2020;NA;3946;6978,84288041795;NA;NA
690781810 - HOSPICES CIVILS DE LYON;0-1;75;79;2021;NA;4367;6760,24101285215;NA;NA
690781810 - HOSPICES CIVILS DE LYON;0-1;75;79;2022;NA;4187;6809,99288704687;NA;NA
690781810 - HOSPICES CIVILS DE LYON;0-1;75;79;2023;NA;4093;6635,26786021655;NA;NA
690781810 - HOSPICES CIVILS DE LYON;0-1;75;79;2024;NA;3779;6277,40190940891;NA;NA
690781810 - HOSPICES CIVILS DE LYON;0-1;75;79;2025;NA;3415;5976,76428380975;NA;NA
690781810 - HOSPICES CIVILS DE LYON;0-1;32;80;2016;NA;8520;12722,67282961749;NA;NA
690781810 - HOSPICES CIVILS DE LYON;0-1;32;80;2017;NA;8445;12327,50469201966;NA;NA
690781810 - HOSPICES CIVILS DE LYON;0-1;32;80;2018;NA;8138;11799,72064294299;NA;NA
690781810 - HOSPICES CIVILS DE LYON;0-1;32;80;2019;NA;8005;11305,06350616023;NA;NA
690781810 - HOSPICES CIVILS DE LYON;0-1;32;80;2020;NA;7224;11160,43046247870;NA;NA
690781810 - HOSPICES CIVILS DE LYON;0-1;32;80;2021;NA;7520;11024,73250902001;NA;NA
690781810 - HOSPICES CIVILS DE LYON;0-1;32;80;2022;NA;7889;10925,58546282675;NA;NA
690781810 - HOSPICES CIVILS DE LYON;0-1;32;80;2023;NA;7251;10718,21033266362;NA;NA
690781810 - HOSPICES CIVILS DE LYON;0-1;32;80;2024;NA;7014;10163,23201838690;NA;NA
690781810 - HOSPICES CIVILS DE LYON;0-1;32;80;2025;NA;6269;9757,28359536753;NA;NA
690781810 - HOSPICES CIVILS DE LYON;0-1;76;81;2016;NA;4939;7581,39058505558;NA;NA
690781810 - HOSPICES CIVILS DE LYON;0-1;76;81;2017;NA;4699;7359,85399825852;NA;NA
690781810 - HOSPICES CIVILS DE LYON;0-1;76;81;2018;NA;4443;7225,89632880046;NA;NA
690781810 - HOSPICES CIVILS DE LYON;0-1;76;81;2019;NA;4516;6967,64973318054;NA;NA
690781810 - HOSPICES CIVILS DE LYON;0-1;76;81;2020;NA;4041;6909,29785918807;NA;NA
690781810 - HOSPICES CIVILS DE LYON;0-1;76;81;2021;NA;4507;6763,33795656760;NA;NA
690781810 - HOSPICES CIVILS DE LYON;0-1;76;81;2022;NA;4650;6597,53260590761;NA;NA
690781810 - HOSPICES CIVILS DE LYON;0-1;76;81;2023;NA;4283;6552,00602592041;NA;NA
690781810 - HOSPICES CIVILS DE LYON;0-1;76;81;2024;NA;3916;6259,95625402993;NA;NA
690781810 - HOSPICES CIVILS DE LYON;0-1;76;81;2025;NA;3664;6043,39612279841;NA;NA
690781810 - HOSPICES CIVILS DE LYON;0-1;76;82;2016;NA;3632;5767,14031438125;NA;NA
690781810 - HOSPICES CIVILS DE LYON;0-1;76;82;2017;NA;3685;5564,44774456866;NA;NA
690781810 - HOSPICES CIVILS DE LYON;0-1;76;82;2018;NA;3464;5343,37131259533;NA;NA
690781810 - HOSPICES CIVILS DE LYON;0-1;76;82;2019;NA;3459;5138,42098864278;NA;NA
690781810 - HOSPICES CIVILS DE LYON;0-1;76;82;2020;NA;3162;5205,44483905614;NA;NA
690781810 - HOSPICES CIVILS DE LYON;0-1;76;82;2021;NA;3411;5169,18617904225;NA;NA
690781810 - HOSPICES CIVILS DE LYON;0-1;76;82;2022;NA;3548;5265,67464607850;NA;NA
690781810 - HOSPICES CIVILS DE LYON;0-1;76;82;2023;NA;3207;5206,58816145290;NA;NA
690781810 - HOSPICES CIVILS DE LYON;0-1;76;82;2024;NA;3001;4980,73461069763;NA;NA
690781810 - HOSPICES CIVILS DE LYON;0-1;76;82;2025;NA;2870;4760,64016103904;NA;NA
690781810 - HOSPICES CIVILS DE LYON;0-1;93;83;2016;NA;14966;20425,66091675467;NA;NA
690781810 - HOSPICES CIVILS DE LYON;0-1;93;83;2017;NA;14785;20326,20543632683;NA;NA
690781810 - HOSPICES CIVILS DE LYON;0-1;93;83;2018;NA;14611;19875,92602400689;NA;NA
690781810 - HOSPICES CIVILS DE LYON;0-1;93;83;2019;NA;14576;19417,99619647478;NA;NA
690781810 - HOSPICES CIVILS DE LYON;0-1;93;83;2020;NA;13094;19366,35660637489;NA;NA
690781810 - HOSPICES CIVILS DE LYON;0-1;93;83;2021;NA;14081;19388,80324850827;NA;NA
690781810 - HOSPICES CIVILS DE LYON;0-1;93;83;2022;NA;13416;19402,24574725673;NA;NA
690781810 - HOSPICES CIVILS DE LYON;0-1;93;83;2023;NA;12036;19397,67294704797;NA;NA
690781810 - HOSPICES CIVILS DE LYON;0-1;93;83;2024;NA;11723;18770,76668102251;NA;NA
690781810 - HOSPICES CIVILS DE LYON;0-1;93;83;2025;NA;10391;18042,71081441570;NA;NA
690781810 - HOSPICES CIVILS DE LYON;0-1;93;84;2017;NA;8813;12433,97914969443;NA;NA
690781810 - HOSPICES CIVILS DE LYON;0-1;93;84;2020;NA;7274;11883,31232204035;NA;NA
690781810 - HOSPICES CIVILS DE LYON;0-1;93;84;2023;NA;7908;11140,35561402488;NA;NA
690781810 - HOSPICES CIVILS DE LYON;0-1;93;84;2024;NA;7652;10587,99580152718;NA;NA
690781810 - HOSPICES CIVILS DE LYON;0-1;52;85;2016;NA;8169;14047,81365901153;NA;NA
690781810 - HOSPICES CIVILS DE LYON;0-1;52;85;2017;NA;8071;13732,11882388145;NA;NA
690781810 - HOSPICES CIVILS DE LYON;0-1;52;85;2018;NA;7910;13312,66311766229;NA;NA
690781810 - HOSPICES CIVILS DE LYON;0-1;52;85;2019;NA;7696;12973,47671482696;NA;NA
690781810 - HOSPICES CIVILS DE LYON;0-1;52;85;2020;NA;7380;12759,57958953677;NA;NA
690781810 - HOSPICES CIVILS DE LYON;0-1;52;85;2021;NA;7960;12321,96480782706;NA;NA
690781810 - HOSPICES CIVILS DE LYON;0-1;52;85;2022;NA;7864;12304,44103511993;NA;NA
690781810 - HOSPICES CIVILS DE LYON;0-1;52;85;2023;NA;7196;12114,20781609607;NA;NA
690781810 - HOSPICES CIVILS DE LYON;0-1;52;85;2024;NA;6784;11424,62875296242;NA;NA
690781810 - HOSPICES CIVILS DE LYON;0-1;52;85;2025;NA;6075;11013,98241338831;NA;NA
690781810 - HOSPICES CIVILS DE LYON;0-1;75;86;2016;NA;5635;8966,35893943545;NA;NA
690781810 - HOSPICES CIVILS DE LYON;0-1;75;86;2017;NA;5918;8831,97910871845;NA;NA
690781810 - HOSPICES CIVILS DE LYON;0-1;75;86;2018;NA;5739;8518,08918977069;NA;NA
690781810 - HOSPICES CIVILS DE LYON;0-1;75;86;2019;NA;5560;8236,13504595798;NA;NA
690781810 - HOSPICES CIVILS DE LYON;0-1;75;86;2020;NA;5084;8416,10665250203;NA;NA
690781810 - HOSPICES CIVILS DE LYON;0-1;75;86;2021;NA;5333;8168,18904948636;NA;NA
690781810 - HOSPICES CIVILS DE LYON;0-1;75;86;2022;NA;5291;7899,87140418903;NA;NA
690781810 - HOSPICES CIVILS DE LYON;0-1;75;86;2023;NA;4730;7783,42521072077;NA;NA
690781810 - HOSPICES CIVILS DE LYON;0-1;75;86;2024;NA;4887;7372,68566450636;NA;NA
690781810 - HOSPICES CIVILS DE LYON;0-1;75;86;2025;NA;4108;7120,67289393352;NA;NA
690781810 - HOSPICES CIVILS DE LYON;0-1;75;87;2016;NA;4415;7215,82109796682;NA;NA
690781810 - HOSPICES CIVILS DE LYON;0-1;75;87;2017;NA;4359;6998,76670701363;NA;NA
690781810 - HOSPICES CIVILS DE LYON;0-1;75;87;2018;NA;4307;6784,01252009368;NA;NA
690781810 - HOSPICES CIVILS DE LYON;0-1;75;87;2019;NA;4346;6648,70531716903;NA;NA
690781810 - HOSPICES CIVILS DE LYON;0-1;75;87;2020;NA;3970;6588,23167784348;NA;NA
690781810 - HOSPICES CIVILS DE LYON;0-1;75;87;2021;NA;4033;6406,80231132698;NA;NA
690781810 - HOSPICES CIVILS DE LYON;0-1;75;87;2022;NA;4415;6265,83044851652;NA;NA
690781810 - HOSPICES CIVILS DE LYON;0-1;75;87;2023;NA;4204;6215,84609679955;NA;NA
690781810 - HOSPICES CIVILS DE LYON;0-1;75;87;2024;NA;3884;5983,85979498875;NA;NA
690781810 - HOSPICES CIVILS DE LYON;0-1;75;87;2025;NA;3397;5736,29407159368;NA;NA
690781810 - HOSPICES CIVILS DE LYON;0-1;44;88;2016;NA;4718;7069,74869930010;NA;NA
690781810 - HOSPICES CIVILS DE LYON;0-1;44;88;2017;NA;4519;6848,31366899493;NA;NA
690781810 - HOSPICES CIVILS DE LYON;0-1;44;88;2018;NA;4499;6644,79412257248;NA;NA
690781810 - HOSPICES CIVILS DE LYON;0-1;44;88;2019;NA;4318;6384,64543965288;NA;NA
690781810 - HOSPICES CIVILS DE LYON;0-1;44;88;2020;NA;3938;6414,75548599785;NA;NA
690781810 - HOSPICES CIVILS DE LYON;0-1;44;88;2021;NA;4195;6334,41125197845;NA;NA
690781810 - HOSPICES CIVILS DE LYON;0-1;44;88;2022;NA;4289;6242,52584729466;NA;NA
690781810 - HOSPICES CIVILS DE LYON;0-1;44;88;2023;NA;3594;6081,61556954643;NA;NA
690781810 - HOSPICES CIVILS DE LYON;0-1;44;88;2024;NA;3696;5666,42471776695;NA;NA
690781810 - HOSPICES CIVILS DE LYON;0-1;44;88;2025;NA;3130;5346,92589515715;NA;NA
690781810 - HOSPICES CIVILS DE LYON;0-1;27;89;2016;NA;4738;7119,08698289232;NA;NA
690781810 - HOSPICES CIVILS DE LYON;0-1;27;89;2017;NA;4687;6840,98390560427;NA;NA
690781810 - HOSPICES CIVILS DE LYON;0-1;27;89;2018;NA;4603;6625,18048093276;NA;NA
690781810 - HOSPICES CIVILS DE LYON;0-1;27;89;2019;NA;4513;6262,59450789396;NA;NA
690781810 - HOSPICES CIVILS DE LYON;0-1;27;89;2020;NA;4018;6370,71030588560;NA;NA
690781810 - HOSPICES CIVILS DE LYON;0-1;27;89;2021;NA;4041;6469,90253952918;NA;NA
690781810 - HOSPICES CIVILS DE LYON;0-1;27;89;2022;NA;4227;6202,90802521750;NA;NA
690781810 - HOSPICES CIVILS DE LYON;0-1;27;89;2023;NA;3859;6138,03129839194;NA;NA
690781810 - HOSPICES CIVILS DE LYON;0-1;27;89;2024;NA;3700;5768,06462301837;NA;NA
690781810 - HOSPICES CIVILS DE LYON;0-1;27;89;2025;NA;3294;5489,12345098770;NA;NA
690781810 - HOSPICES CIVILS DE LYON;0-1;27;90;2016;NA;2136;3280,41312324926;NA;NA
690781810 - HOSPICES CIVILS DE LYON;0-1;27;90;2017;NA;2006;3053,42511773856;NA;NA
690781810 - HOSPICES CIVILS DE LYON;0-1;27;90;2018;NA;1978;2975,88939231774;NA;NA
690781810 - HOSPICES CIVILS DE LYON;0-1;27;90;2019;NA;1893;2938,43375329020;NA;NA
690781810 - HOSPICES CIVILS DE LYON;0-1;27;90;2020;NA;1719;2806,14160662545;NA;NA
690781810 - HOSPICES CIVILS DE LYON;0-1;27;90;2021;NA;1610;2779,89410257638;NA;NA
690781810 - HOSPICES CIVILS DE LYON;0-1;27;90;2022;NA;1874;2763,92570491220;NA;NA
690781810 - HOSPICES CIVILS DE LYON;0-1;27;90;2023;NA;1559;2664,76777146846;NA;NA
690781810 - HOSPICES CIVILS DE LYON;0-1;27;90;2024;NA;1561;2486,76439825968;NA;NA
690781810 - HOSPICES CIVILS DE LYON;0-1;27;90;2025;NA;1462;2352,58783468346;NA;NA
690781810 - HOSPICES CIVILS DE LYON;0-1;11;91;2016;NA;25098;35150,22489086571;NA;NA
690781810 - HOSPICES CIVILS DE LYON;0-1;11;91;2017;NA;25119;34918,22123903825;NA;NA
690781810 - HOSPICES CIVILS DE LYON;0-1;11;91;2018;NA;24681;34147,73467597268;NA;NA
690781810 - HOSPICES CIVILS DE LYON;0-1;11;91;2019;NA;24575;33751,68832687912;NA;NA
690781810 - HOSPICES CIVILS DE LYON;0-1;11;91;2020;NA;22281;33283,86079938908;NA;NA
690781810 - HOSPICES CIVILS DE LYON;0-1;11;91;2021;NA;24303;32472,61621033482;NA;NA
690781810 - HOSPICES CIVILS DE LYON;0-1;11;91;2022;NA;24200;32810,93647027230;NA;NA
690781810 - HOSPICES CIVILS DE LYON;0-1;11;91;2023;NA;22216;32798,54845481380;NA;NA
690781810 - HOSPICES CIVILS DE LYON;0-1;11;91;2024;NA;21859;31654,38317839625;NA;NA
690781810 - HOSPICES CIVILS DE LYON;0-1;11;91;2025;NA;19597;30613,79368863959;NA;NA
690781810 - HOSPICES CIVILS DE LYON;0-1;11;92;2016;NA;31584;42297,67167456300;NA;NA
690781810 - HOSPICES CIVILS DE LYON;0-1;11;92;2017;NA;30607;41642,31470741261;NA;NA
690781810 - HOSPICES CIVILS DE LYON;0-1;11;92;2018;NA;29871;41421,31907464229;NA;NA
690781810 - HOSPICES CIVILS DE LYON;0-1;11;92;2019;NA;28837;41452,02745857468;NA;NA
690781810 - HOSPICES CIVILS DE LYON;0-1;11;92;2020;NA;25919;39646,07115823546;NA;NA
690781810 - HOSPICES CIVILS DE LYON;0-1;11;92;2021;NA;27811;37874,46028599988;NA;NA
690781810 - HOSPICES CIVILS DE LYON;0-1;11;92;2022;NA;26453;36914,87674544124;NA;NA
690781810 - HOSPICES CIVILS DE LYON;0-1;11;92;2023;NA;24892;36292,04382932327;NA;NA
690781810 - HOSPICES CIVILS DE LYON;0-1;11;92;2024;NA;24907;34721,40524469578;NA;NA
690781810 - HOSPICES CIVILS DE LYON;0-1;11;92;2025;NA;22557;33212,06316428682;NA;NA
690781810 - HOSPICES CIVILS DE LYON;0-1;11;93;2016;NA;39110;51133,49783221117;NA;NA
690781810 - HOSPICES CIVILS DE LYON;0-1;11;93;2017;NA;39129;51147,47471700962;NA;NA
690781810 - HOSPICES CIVILS DE LYON;0-1;11;93;2018;NA;38863;50664,34384266562;NA;NA
690781810 - HOSPICES CIVILS DE LYON;0-1;11;93;2019;NA;37017;50369,42163620587;NA;NA
690781810 - HOSPICES CIVILS DE LYON;0-1;11;93;2020;NA;34665;48671,08310772794;NA;NA
690781810 - HOSPICES CIVILS DE LYON;0-1;11;93;2021;NA;35356;46401,12057054901;NA;NA
690781810 - HOSPICES CIVILS DE LYON;0-1;11;93;2022;NA;35012;45165,09398799886;NA;NA
690781810 - HOSPICES CIVILS DE LYON;0-1;11;93;2023;NA;33473;44543,91412645782;NA;NA
690781810 - HOSPICES CIVILS DE LYON;0-1;11;93;2024;NA;33038;42696,72452653242;NA;NA
690781810 - HOSPICES CIVILS DE LYON;0-1;11;93;2025;NA;29162;40920,88301689122;NA;NA
690781810 - HOSPICES CIVILS DE LYON;0-1;11;94;2016;NA;27441;37030,13004285566;NA;NA
690781810 - HOSPICES CIVILS DE LYON;0-1;11;94;2017;NA;27636;36933,90617146832;NA;NA
690781810 - HOSPICES CIVILS DE LYON;0-1;11;94;2018;NA;26984;36837,49564907559;NA;NA
690781810 - HOSPICES CIVILS DE LYON;0-1;11;94;2019;NA;26576;36687,81923240028;NA;NA
690781810 - HOSPICES CIVILS DE LYON;0-1;11;94;2020;NA;24184;35150,75825818216;NA;NA
690781810 - HOSPICES CIVILS DE LYON;0-1;11;94;2021;NA;25465;33593,32271736150;NA;NA
690781810 - HOSPICES CIVILS DE LYON;0-1;11;94;2022;NA;24534;33059,51888330543;NA;NA
690781810 - HOSPICES CIVILS DE LYON;0-1;11;94;2023;NA;22617;32386,51909724553;NA;NA
690781810 - HOSPICES CIVILS DE LYON;0-1;11;94;2024;NA;22459;30822,30126749465;NA;NA
690781810 - HOSPICES CIVILS DE LYON;0-1;11;94;2025;NA;19611;29329,92099214857;NA;NA
690781810 - HOSPICES CIVILS DE LYON;0-1;11;95;2016;NA;26665;35682,84525940842;NA;NA
690781810 - HOSPICES CIVILS DE LYON;0-1;11;95;2017;NA;26590;35465,63883121399;NA;NA
690781810 - HOSPICES CIVILS DE LYON;0-1;11;95;2018;NA;26288;35192,64181979890;NA;NA
690781810 - HOSPICES CIVILS DE LYON;0-1;11;95;2019;NA;26301;34909,25313878132;NA;NA
690781810 - HOSPICES CIVILS DE LYON;0-1;11;95;2020;NA;24004;34196,05966118760;NA;NA
690781810 - HOSPICES CIVILS DE LYON;0-1;11;95;2021;NA;26163;33720,29740969475;NA;NA
690781810 - HOSPICES CIVILS DE LYON;0-1;11;95;2022;NA;26588;33387,33694049288;NA;NA
690781810 - HOSPICES CIVILS DE LYON;0-1;11;95;2023;NA;25169;33181,78633697126;NA;NA
690781810 - HOSPICES CIVILS DE LYON;0-1;11;95;2024;NA;24093;31831,11525245283;NA;NA
690781810 - HOSPICES CIVILS DE LYON;0-1;11;95;2025;NA;21206;30176,40591874196;NA;NA
690781810 - HOSPICES CIVILS DE LYON;0-1;NA;NA;2016;NA;NA;NA;NA;NA
690781810 - HOSPICES CIVILS DE LYON;0-1;NA;NA;2017;NA;NA;NA;NA;NA
690781810 - HOSPICES CIVILS DE LYON;0-1;NA;NA;2018;NA;NA;NA;NA;NA
690781810 - HOSPICES CIVILS DE LYON;0-1;NA;NA;2019;NA;NA;NA;NA;NA
690781810 - HOSPICES CIVILS DE LYON;0-1;NA;NA;2020;NA;NA;NA;NA;NA
690781810 - HOSPICES CIVILS DE LYON;0-1;NA;NA;2021;NA;NA;NA;NA;NA
690781810 - HOSPICES CIVILS DE LYON;0-1;NA;NA;2022;NA;NA;NA;NA;NA
690781810 - HOSPICES CIVILS DE LYON;0-1;NA;NA;2023;NA;NA;NA;NA;NA
690781810 - HOSPICES CIVILS DE LYON;0-1;NA;NA;2024;NA;NA;NA;NA;NA
690781810 - HOSPICES CIVILS DE LYON;0-1;NA;NA;2025;NA;NA;NA;NA;NA
690781810 - HOSPICES CIVILS DE LYON;2-4;32;02;2016;NA;1200;19995,14018190379;NA;NA
690781810 - HOSPICES CIVILS DE LYON;2-4;32;02;2017;NA;1164;19295,81489908316;NA;NA
690781810 - HOSPICES CIVILS DE LYON;2-4;32;02;2018;NA;1237;18677,96031831954;NA;NA
690781810 - HOSPICES CIVILS DE LYON;2-4;32;02;2019;NA;1170;17786,38319112833;NA;NA
690781810 - HOSPICES CIVILS DE LYON;2-4;32;02;2020;NA;737;17316,88611607184;NA;NA
690781810 - HOSPICES CIVILS DE LYON;2-4;32;02;2021;NA;1022;17289,40222341183;NA;NA
690781810 - HOSPICES CIVILS DE LYON;2-4;32;02;2022;NA;1195;16872,54435819033;NA;NA
690781810 - HOSPICES CIVILS DE LYON;2-4;32;02;2023;NA;933;16399,08683172319;NA;NA
690781810 - HOSPICES CIVILS DE LYON;2-4;32;02;2024;NA;952;16378,39962664608;NA;NA
690781810 - HOSPICES CIVILS DE LYON;2-4;32;02;2025;NA;993;16009,01029112381;NA;NA
690781810 - HOSPICES CIVILS DE LYON;2-4;84;03;2016;NA;845;9597,64282693070;NA;NA
690781810 - HOSPICES CIVILS DE LYON;2-4;84;03;2017;NA;745;9517,38506641075;NA;NA
690781810 - HOSPICES CIVILS DE LYON;2-4;84;03;2018;NA;764;9400,52203829756;NA;NA
690781810 - HOSPICES CIVILS DE LYON;2-4;84;03;2020;NA;436;8763,98892663848;NA;NA
690781810 - HOSPICES CIVILS DE LYON;2-4;84;03;2023;NA;612;8333,64167460925;NA;NA
690781810 - HOSPICES CIVILS DE LYON;2-4;84;03;2024;NA;615;8305,58980498482;NA;NA
690781810 - HOSPICES CIVILS DE LYON;2-4;84;03;2025;NA;534;8216,05861070616;NA;NA
690781810 - HOSPICES CIVILS DE LYON;2-4;93;04;2016;NA;232;4764,27112230755;NA;NA
690781810 - HOSPICES CIVILS DE LYON;2-4;93;04;2017;NA;266;4875,70201078855;NA;NA
690781810 - HOSPICES CIVILS DE LYON;2-4;93;04;2018;NA;274;4683,33700238589;NA;NA
690781810 - HOSPICES CIVILS DE LYON;2-4;93;04;2019;NA;224;4548,11343612396;NA;NA
690781810 - HOSPICES CIVILS DE LYON;2-4;93;04;2020;NA;183;4603,51805963044;NA;NA
690781810 - HOSPICES CIVILS DE LYON;2-4;93;04;2021;NA;243;4524,29518657306;NA;NA
690781810 - HOSPICES CIVILS DE LYON;2-4;93;04;2022;NA;277;4615,05798633117;NA;NA
690781810 - HOSPICES CIVILS DE LYON;2-4;93;04;2023;NA;231;4547,12227726095;NA;NA
690781810 - HOSPICES CIVILS DE LYON;2-4;93;04;2024;NA;230;4540,14079474283;NA;NA
690781810 - HOSPICES CIVILS DE LYON;2-4;93;04;2025;NA;156;4535,53052126772;NA;NA
690781810 - HOSPICES CIVILS DE LYON;2-4;93;05;2016;NA;327;4423,04877777571;NA;NA
690781810 - HOSPICES CIVILS DE LYON;2-4;93;05;2017;NA;267;4344,39913357362;NA;NA
690781810 - HOSPICES CIVILS DE LYON;2-4;93;05;2018;NA;284;4074,07239892176;NA;NA
690781810 - HOSPICES CIVILS DE LYON;2-4;93;05;2019;NA;276;3968,89291993964;NA;NA
690781810 - HOSPICES CIVILS DE LYON;2-4;93;05;2020;NA;163;3845,67417751319;NA;NA
690781810 - HOSPICES CIVILS DE LYON;2-4;93;05;2021;NA;197;3830,51272230854;NA;NA
690781810 - HOSPICES CIVILS DE LYON;2-4;93;05;2022;NA;280;3802,86649337493;NA;NA
690781810 - HOSPICES CIVILS DE LYON;2-4;93;05;2023;NA;200;3795,07236145976;NA;NA
690781810 - HOSPICES CIVILS DE LYON;2-4;93;05;2024;NA;262;3725,72122642144;NA;NA
690781810 - HOSPICES CIVILS DE LYON;2-4;93;05;2025;NA;186;3667,34523256001;NA;NA
690781810 - HOSPICES CIVILS DE LYON;2-4;93;06;2016;NA;2013;34306,91034574489;NA;NA
690781810 - HOSPICES CIVILS DE LYON;2-4;93;06;2017;NA;1943;34149,56921086187;NA;NA
690781810 - HOSPICES CIVILS DE LYON;2-4;93;06;2018;NA;1981;34201,89933082731;NA;NA
690781810 - HOSPICES CIVILS DE LYON;2-4;93;06;2019;NA;1719;34031,05390194476;NA;NA
690781810 - HOSPICES CIVILS DE LYON;2-4;93;06;2020;NA;1317;32630,85528377874;NA;NA
690781810 - HOSPICES CIVILS DE LYON;2-4;93;06;2021;NA;1824;32178,14551349846;NA;NA
690781810 - HOSPICES CIVILS DE LYON;2-4;93;06;2022;NA;1918;31981,26321511123;NA;NA
690781810 - HOSPICES CIVILS DE LYON;2-4;93;06;2023;NA;1627;31705,83796121037;NA;NA
690781810 - HOSPICES CIVILS DE LYON;2-4;93;06;2024;NA;1713;31755,53495168973;NA;NA
690781810 - HOSPICES CIVILS DE LYON;2-4;93;06;2025;NA;1546;31041,23366306525;NA;NA
690781810 - HOSPICES CIVILS DE LYON;2-4;44;08;2016;NA;603;9283,93841340949;NA;NA
690781810 - HOSPICES CIVILS DE LYON;2-4;44;08;2017;NA;586;9094,79965655656;NA;NA
690781810 - HOSPICES CIVILS DE LYON;2-4;44;08;2018;NA;560;8793,10369120757;NA;NA
690781810 - HOSPICES CIVILS DE LYON;2-4;44;08;2019;NA;585;8538,57307741089;NA;NA
690781810 - HOSPICES CIVILS DE LYON;2-4;44;08;2020;NA;285;8566,39724239415;NA;NA
690781810 - HOSPICES CIVILS DE LYON;2-4;44;08;2021;NA;355;8329,67974542326;NA;NA
690781810 - HOSPICES CIVILS DE LYON;2-4;44;08;2022;NA;432;8098,67451033624;NA;NA
690781810 - HOSPICES CIVILS DE LYON;2-4;44;08;2023;NA;381;7977,47181196742;NA;NA
690781810 - HOSPICES CIVILS DE LYON;2-4;44;08;2024;NA;317;7908,31196677927;NA;NA
690781810 - HOSPICES CIVILS DE LYON;2-4;44;08;2025;NA;376;7681,21127449576;NA;NA
690781810 - HOSPICES CIVILS DE LYON;2-4;76;09;2016;NA;239;4468,91199612676;NA;NA
690781810 - HOSPICES CIVILS DE LYON;2-4;76;09;2017;NA;269;4352,38403230633;NA;NA
690781810 - HOSPICES CIVILS DE LYON;2-4;76;09;2018;NA;268;4275,31434370234;NA;NA
690781810 - HOSPICES CIVILS DE LYON;2-4;76;09;2019;NA;229;4145,12384294891;NA;NA
690781810 - HOSPICES CIVILS DE LYON;2-4;76;09;2020;NA;168;4064,74321874060;NA;NA
690781810 - HOSPICES CIVILS DE LYON;2-4;76;09;2021;NA;213;4142,46967841335;NA;NA
690781810 - HOSPICES CIVILS DE LYON;2-4;76;09;2022;NA;215;3962,49147805985;NA;NA
690781810 - HOSPICES CIVILS DE LYON;2-4;76;09;2023;NA;244;3929,47608321140;NA;NA
690781810 - HOSPICES CIVILS DE LYON;2-4;76;09;2024;NA;218;3919,39417254665;NA;NA
690781810 - HOSPICES CIVILS DE LYON;2-4;76;09;2025;NA;187;3769,04155705072;NA;NA
690781810 - HOSPICES CIVILS DE LYON;2-4;44;10;2016;NA;623;10837,78425114322;NA;NA
690781810 - HOSPICES CIVILS DE LYON;2-4;44;10;2017;NA;626;10595,96061830602;NA;NA
690781810 - HOSPICES CIVILS DE LYON;2-4;44;10;2018;NA;492;10551,97059696563;NA;NA
690781810 - HOSPICES CIVILS DE LYON;2-4;44;10;2019;NA;501;10386,53300085429;NA;NA
690781810 - HOSPICES CIVILS DE LYON;2-4;44;10;2020;NA;372;10181,49448752175;NA;NA
690781810 - HOSPICES CIVILS DE LYON;2-4;44;10;2021;NA;546;10082,52236715165;NA;NA
690781810 - HOSPICES CIVILS DE LYON;2-4;44;10;2022;NA;542;9702,26343694111;NA;NA
690781810 - HOSPICES CIVILS DE LYON;2-4;44;10;2023;NA;489;9588,48369496314;NA;NA
690781810 - HOSPICES CIVILS DE LYON;2-4;44;10;2024;NA;536;9597,36352577506;NA;NA
690781810 - HOSPICES CIVILS DE LYON;2-4;44;10;2025;NA;355;9345,39001662458;NA;NA
690781810 - HOSPICES CIVILS DE LYON;2-4;76;11;2016;NA;798;11178,39508609705;NA;NA
690781810 - HOSPICES CIVILS DE LYON;2-4;76;11;2017;NA;784;10948,52460850413;NA;NA
690781810 - HOSPICES CIVILS DE LYON;2-4;76;11;2018;NA;626;10821,52402758916;NA;NA
690781810 - HOSPICES CIVILS DE LYON;2-4;76;11;2019;NA;732;10596,65448598073;NA;NA
690781810 - HOSPICES CIVILS DE LYON;2-4;76;11;2020;NA;479;10308,51771310740;NA;NA
690781810 - HOSPICES CIVILS DE LYON;2-4;76;11;2021;NA;621;10361,99657537128;NA;NA
690781810 - HOSPICES CIVILS DE LYON;2-4;76;11;2022;NA;751;10175,63408117916;NA;NA
690781810 - HOSPICES CIVILS DE LYON;2-4;76;11;2023;NA;683;10005,13523239320;NA;NA
690781810 - HOSPICES CIVILS DE LYON;2-4;76;11;2024;NA;592;10033,74840117897;NA;NA
690781810 - HOSPICES CIVILS DE LYON;2-4;76;11;2025;NA;516;9817,46184389009;NA;NA
690781810 - HOSPICES CIVILS DE LYON;2-4;76;12;2016;NA;389;7871,35128819700;NA;NA
690781810 - HOSPICES CIVILS DE LYON;2-4;76;12;2017;NA;400;7813,53052144634;NA;NA
690781810 - HOSPICES CIVILS DE LYON;2-4;76;12;2018;NA;406;7600,42207351718;NA;NA
690781810 - HOSPICES CIVILS DE LYON;2-4;76;12;2019;NA;320;7362,26247592591;NA;NA
690781810 - HOSPICES CIVILS DE LYON;2-4;76;12;2020;NA;225;7202,89189335405;NA;NA
690781810 - HOSPICES CIVILS DE LYON;2-4;76;12;2021;NA;293;7278,58705442180;NA;NA
690781810 - HOSPICES CIVILS DE LYON;2-4;76;12;2022;NA;308;7325,62477607669;NA;NA
690781810 - HOSPICES CIVILS DE LYON;2-4;76;12;2023;NA;317;7111,78965868530;NA;NA
690781810 - HOSPICES CIVILS DE LYON;2-4;76;12;2024;NA;304;6979,67501997379;NA;NA
690781810 - HOSPICES CIVILS DE LYON;2-4;76;12;2025;NA;282;6874,54598455403;NA;NA
690781810 - HOSPICES CIVILS DE LYON;2-4;93;13;2016;NA;3628;73301,04160696757;NA;NA
690781810 - HOSPICES CIVILS DE LYON;2-4;93;13;2017;NA;3594;73645,94945774217;NA;NA
690781810 - HOSPICES CIVILS DE LYON;2-4;93;13;2018;NA;3472;73905,64265657311;NA;NA
690781810 - HOSPICES CIVILS DE LYON;2-4;93;13;2019;NA;3565;72749,48064071313;NA;NA
690781810 - HOSPICES CIVILS DE LYON;2-4;93;13;2020;NA;2523;70181,86623299560;NA;NA
690781810 - HOSPICES CIVILS DE LYON;2-4;93;13;2021;NA;3375;67994,97167217225;NA;NA
690781810 - HOSPICES CIVILS DE LYON;2-4;93;13;2022;NA;3673;66920,17557174081;NA;NA
690781810 - HOSPICES CIVILS DE LYON;2-4;93;13;2023;NA;3441;66271,42056569073;NA;NA
690781810 - HOSPICES CIVILS DE LYON;2-4;93;13;2024;NA;3360;66248,56250726459;NA;NA
690781810 - HOSPICES CIVILS DE LYON;2-4;93;13;2025;NA;2940;65285,27379249838;NA;NA
690781810 - HOSPICES CIVILS DE LYON;2-4;28;14;2016;NA;1555;22696,17798799190;NA;NA
690781810 - HOSPICES CIVILS DE LYON;2-4;28;14;2017;NA;1368;21959,08573793163;NA;NA
690781810 - HOSPICES CIVILS DE LYON;2-4;28;14;2018;NA;1289;21339,03117223762;NA;NA
690781810 - HOSPICES CIVILS DE LYON;2-4;28;14;2019;NA;1316;20903,08252183081;NA;NA
690781810 - HOSPICES CIVILS DE LYON;2-4;28;14;2020;NA;821;21449,74323838735;NA;NA
690781810 - HOSPICES CIVILS DE LYON;2-4;28;14;2021;NA;1161;20974,04902125486;NA;NA
690781810 - HOSPICES CIVILS DE LYON;2-4;28;14;2022;NA;1352;20713,32943030267;NA;NA
690781810 - HOSPICES CIVILS DE LYON;2-4;28;14;2023;NA;972;20510,61886530725;NA;NA
690781810 - HOSPICES CIVILS DE LYON;2-4;28;14;2024;NA;1001;20448,01448176420;NA;NA
690781810 - HOSPICES CIVILS DE LYON;2-4;28;14;2025;NA;886;20181,69837069011;NA;NA
690781810 - HOSPICES CIVILS DE LYON;2-4;84;15;2016;NA;298;3787,07881664108;NA;NA
690781810 - HOSPICES CIVILS DE LYON;2-4;84;15;2017;NA;308;3634,97159232132;NA;NA
690781810 - HOSPICES CIVILS DE LYON;2-4;84;15;2018;NA;278;3605,73869868317;NA;NA
690781810 - HOSPICES CIVILS DE LYON;2-4;84;15;2019;NA;322;3519,07273183904;NA;NA
690781810 - HOSPICES CIVILS DE LYON;2-4;84;15;2020;NA;191;3525,35473907983;NA;NA
690781810 - HOSPICES CIVILS DE LYON;2-4;84;15;2021;NA;217;3473,20249557160;NA;NA
690781810 - HOSPICES CIVILS DE LYON;2-4;84;15;2022;NA;250;3457,31815488074;NA;NA
690781810 - HOSPICES CIVILS DE LYON;2-4;84;15;2023;NA;201;3425,46212664277;NA;NA
690781810 - HOSPICES CIVILS DE LYON;2-4;84;15;2024;NA;215;3338,99608079323;NA;NA
690781810 - HOSPICES CIVILS DE LYON;2-4;84;15;2025;NA;188;3297,59748487465;NA;NA
690781810 - HOSPICES CIVILS DE LYON;2-4;75;16;2016;NA;458;10571,77758470710;NA;NA
690781810 - HOSPICES CIVILS DE LYON;2-4;75;16;2017;NA;505;10175,21787739015;NA;NA
690781810 - HOSPICES CIVILS DE LYON;2-4;75;16;2018;NA;502;9907,62712239296;NA;NA
690781810 - HOSPICES CIVILS DE LYON;2-4;75;16;2019;NA;466;9580,55381450418;NA;NA
690781810 - HOSPICES CIVILS DE LYON;2-4;75;16;2020;NA;308;9610,19679177183;NA;NA
690781810 - HOSPICES CIVILS DE LYON;2-4;75;16;2021;NA;402;9662,08529075107;NA;NA
690781810 - HOSPICES CIVILS DE LYON;2-4;75;16;2022;NA;436;9373,83961787673;NA;NA
690781810 - HOSPICES CIVILS DE LYON;2-4;75;16;2023;NA;360;9284,24254299807;NA;NA
690781810 - HOSPICES CIVILS DE LYON;2-4;75;16;2024;NA;403;9370,17026205126;NA;NA
690781810 - HOSPICES CIVILS DE LYON;2-4;75;16;2025;NA;291;9200,37859096191;NA;NA
690781810 - HOSPICES CIVILS DE LYON;2-4;75;17;2016;NA;1241;18072,55406862758;NA;NA
690781810 - HOSPICES CIVILS DE LYON;2-4;75;17;2017;NA;1214;17694,53559168511;NA;NA
690781810 - HOSPICES CIVILS DE LYON;2-4;75;17;2018;NA;1098;17151,72171570233;NA;NA
690781810 - HOSPICES CIVILS DE LYON;2-4;75;17;2019;NA;1119;16728,99765307269;NA;NA
690781810 - HOSPICES CIVILS DE LYON;2-4;75;17;2020;NA;757;16393,35976579940;NA;NA
690781810 - HOSPICES CIVILS DE LYON;2-4;75;17;2021;NA;1009;16302,66214614515;NA;NA
690781810 - HOSPICES CIVILS DE LYON;2-4;75;17;2022;NA;1120;16369,81739492976;NA;NA
690781810 - HOSPICES CIVILS DE LYON;2-4;75;17;2023;NA;959;16251,24273779639;NA;NA
690781810 - HOSPICES CIVILS DE LYON;2-4;75;17;2024;NA;958;16235,62790354096;NA;NA
690781810 - HOSPICES CIVILS DE LYON;2-4;75;17;2025;NA;785;16056,09192283247;NA;NA
690781810 - HOSPICES CIVILS DE LYON;2-4;24;18;2016;NA;634;9458,83015272151;NA;NA
690781810 - HOSPICES CIVILS DE LYON;2-4;24;18;2017;NA;596;9078,21563611170;NA;NA
690781810 - HOSPICES CIVILS DE LYON;2-4;24;18;2018;NA;626;8992,49937961401;NA;NA
690781810 - HOSPICES CIVILS DE LYON;2-4;24;18;2019;NA;637;8634,08284337745;NA;NA
690781810 - HOSPICES CIVILS DE LYON;2-4;24;18;2020;NA;346;8382,91924988155;NA;NA
690781810 - HOSPICES CIVILS DE LYON;2-4;24;18;2021;NA;491;8415,48323040297;NA;NA
690781810 - HOSPICES CIVILS DE LYON;2-4;24;18;2022;NA;637;8365,93933143705;NA;NA
690781810 - HOSPICES CIVILS DE LYON;2-4;24;18;2023;NA;460;8318,97945041816;NA;NA
690781810 - HOSPICES CIVILS DE LYON;2-4;24;18;2024;NA;454;8213,71930489979;NA;NA
690781810 - HOSPICES CIVILS DE LYON;2-4;24;18;2025;NA;443;8008,89943118805;NA;NA
690781810 - HOSPICES CIVILS DE LYON;2-4;75;19;2016;NA;432;6513,80002500579;NA;NA
690781810 - HOSPICES CIVILS DE LYON;2-4;75;19;2017;NA;429;6435,82837856417;NA;NA
690781810 - HOSPICES CIVILS DE LYON;2-4;75;19;2018;NA;369;6200,95974192381;NA;NA
690781810 - HOSPICES CIVILS DE LYON;2-4;75;19;2019;NA;396;6139,12127951538;NA;NA
690781810 - HOSPICES CIVILS DE LYON;2-4;75;19;2020;NA;236;6066,43288956365;NA;NA
690781810 - HOSPICES CIVILS DE LYON;2-4;75;19;2021;NA;375;6040,56534257168;NA;NA
690781810 - HOSPICES CIVILS DE LYON;2-4;75;19;2022;NA;443;5947,71255195741;NA;NA
690781810 - HOSPICES CIVILS DE LYON;2-4;75;19;2023;NA;400;5889,93764276136;NA;NA
690781810 - HOSPICES CIVILS DE LYON;2-4;75;19;2024;NA;408;5829,43152904428;NA;NA
690781810 - HOSPICES CIVILS DE LYON;2-4;75;19;2025;NA;311;5745,21457863560;NA;NA
690781810 - HOSPICES CIVILS DE LYON;2-4;27;21;2016;NA;902;17198,09537206747;NA;NA
690781810 - HOSPICES CIVILS DE LYON;2-4;27;21;2019;NA;712;16428,91213032612;NA;NA
690781810 - HOSPICES CIVILS DE LYON;2-4;27;21;2022;NA;893;15919,07557993824;NA;NA
690781810 - HOSPICES CIVILS DE LYON;2-4;27;21;2023;NA;669;15541,95764255254;NA;NA
690781810 - HOSPICES CIVILS DE LYON;2-4;27;21;2024;NA;758;15407,55190953126;NA;NA
690781810 - HOSPICES CIVILS DE LYON;2-4;27;21;2025;NA;699;15150,86908384727;NA;NA
690781810 - HOSPICES CIVILS DE LYON;2-4;53;22;2016;NA;1071;18489,60360083317;NA;NA
690781810 - HOSPICES CIVILS DE LYON;2-4;53;22;2017;NA;1075;17989,36262181594;NA;NA
690781810 - HOSPICES CIVILS DE LYON;2-4;53;22;2018;NA;985;17444,66106039822;NA;NA
690781810 - HOSPICES CIVILS DE LYON;2-4;53;22;2019;NA;974;16987,79830924015;NA;NA
690781810 - HOSPICES CIVILS DE LYON;2-4;53;22;2020;NA;623;17162,24914579366;NA;NA
690781810 - HOSPICES CIVILS DE LYON;2-4;53;22;2021;NA;841;17169,89022647581;NA;NA
690781810 - HOSPICES CIVILS DE LYON;2-4;53;22;2022;NA;1045;17142,25553920968;NA;NA
690781810 - HOSPICES CIVILS DE LYON;2-4;53;22;2023;NA;848;16864,00152378225;NA;NA
690781810 - HOSPICES CIVILS DE LYON;2-4;53;22;2024;NA;889;16587,59123832619;NA;NA
690781810 - HOSPICES CIVILS DE LYON;2-4;53;22;2025;NA;761;16474,80456749483;NA;NA
690781810 - HOSPICES CIVILS DE LYON;2-4;75;23;2016;NA;197;2905,89351472282;NA;NA
690781810 - HOSPICES CIVILS DE LYON;2-4;75;23;2017;NA;211;2805,15634709893;NA;NA
690781810 - HOSPICES CIVILS DE LYON;2-4;75;23;2018;NA;227;2689,99553711284;NA;NA
690781810 - HOSPICES CIVILS DE LYON;2-4;75;23;2019;NA;223;2650,85814960104;NA;NA
690781810 - HOSPICES CIVILS DE LYON;2-4;75;23;2020;NA;114;2633,12396612559;NA;NA
690781810 - HOSPICES CIVILS DE LYON;2-4;75;23;2021;NA;154;2634,16698887714;NA;NA
690781810 - HOSPICES CIVILS DE LYON;2-4;75;23;2022;NA;221;2659,80482143576;NA;NA
690781810 - HOSPICES CIVILS DE LYON;2-4;75;23;2023;NA;186;2603,15571992596;NA;NA
690781810 - HOSPICES CIVILS DE LYON;2-4;75;23;2024;NA;171;2611,48103957931;NA;NA
690781810 - HOSPICES CIVILS DE LYON;2-4;75;23;2025;NA;133;2568,14607093512;NA;NA
690781810 - HOSPICES CIVILS DE LYON;2-4;75;24;2016;NA;747;10669,00760761134;NA;NA
690781810 - HOSPICES CIVILS DE LYON;2-4;75;24;2017;NA;668;10389,58169721444;NA;NA
690781810 - HOSPICES CIVILS DE LYON;2-4;75;24;2018;NA;662;10271,95504688868;NA;NA
690781810 - HOSPICES CIVILS DE LYON;2-4;75;24;2019;NA;604;9891,11460190514;NA;NA
690781810 - HOSPICES CIVILS DE LYON;2-4;75;24;2020;NA;443;9914,56162216062;NA;NA
690781810 - HOSPICES CIVILS DE LYON;2-4;75;24;2021;NA;650;9918,88286365463;NA;NA
690781810 - HOSPICES CIVILS DE LYON;2-4;75;24;2022;NA;655;9828,25097274607;NA;NA
690781810 - HOSPICES CIVILS DE LYON;2-4;75;24;2023;NA;611;9732,05130683420;NA;NA
690781810 - HOSPICES CIVILS DE LYON;2-4;75;24;2024;NA;592;9745,10122185775;NA;NA
690781810 - HOSPICES CIVILS DE LYON;2-4;75;24;2025;NA;577;9700,07164216317;NA;NA
690781810 - HOSPICES CIVILS DE LYON;2-4;27;25;2016;NA;1261;19887,51449617332;NA;NA
690781810 - HOSPICES CIVILS DE LYON;2-4;27;25;2017;NA;1144;19605,38328072053;NA;NA
690781810 - HOSPICES CIVILS DE LYON;2-4;27;25;2019;NA;1042;18923,25750214970;NA;NA
690781810 - HOSPICES CIVILS DE LYON;2-4;27;25;2020;NA;776;18584,66381684449;NA;NA
690781810 - HOSPICES CIVILS DE LYON;2-4;27;25;2021;NA;977;18280,43247492750;NA;NA
690781810 - HOSPICES CIVILS DE LYON;2-4;27;25;2022;NA;1044;17866,98966507801;NA;NA
690781810 - HOSPICES CIVILS DE LYON;2-4;27;25;2023;NA;1000;17222,61509045593;NA;NA
690781810 - HOSPICES CIVILS DE LYON;2-4;27;25;2024;NA;896;16859,47825884811;NA;NA
690781810 - HOSPICES CIVILS DE LYON;2-4;27;25;2025;NA;733;16445,92783338018;NA;NA
690781810 - HOSPICES CIVILS DE LYON;2-4;28;27;2016;NA;1311;22686,39383474368;NA;NA
690781810 - HOSPICES CIVILS DE LYON;2-4;28;27;2017;NA;1222;22218,28783525498;NA;NA
690781810 - HOSPICES CIVILS DE LYON;2-4;28;27;2018;NA;1135;21590,73745791119;NA;NA
690781810 - HOSPICES CIVILS DE LYON;2-4;28;27;2019;NA;1288;20927,73020337057;NA;NA
690781810 - HOSPICES CIVILS DE LYON;2-4;28;27;2020;NA;919;20935,51394833532;NA;NA
690781810 - HOSPICES CIVILS DE LYON;2-4;28;27;2021;NA;980;20630,22219930045;NA;NA
690781810 - HOSPICES CIVILS DE LYON;2-4;28;27;2022;NA;1143;20022,84434329393;NA;NA
690781810 - HOSPICES CIVILS DE LYON;2-4;28;27;2023;NA;993;19760,40172752995;NA;NA
690781810 - HOSPICES CIVILS DE LYON;2-4;28;27;2024;NA;987;19531,17172078045;NA;NA
690781810 - HOSPICES CIVILS DE LYON;2-4;28;27;2025;NA;864;19282,12532750995;NA;NA
690781810 - HOSPICES CIVILS DE LYON;2-4;24;28;2016;NA;1005;16176,87437678399;NA;NA
690781810 - HOSPICES CIVILS DE LYON;2-4;24;28;2017;NA;989;16095,71317620482;NA;NA
690781810 - HOSPICES CIVILS DE LYON;2-4;24;28;2018;NA;858;15601,48178022138;NA;NA
690781810 - HOSPICES CIVILS DE LYON;2-4;24;28;2019;NA;841;15195,29566926120;NA;NA
690781810 - HOSPICES CIVILS DE LYON;2-4;24;28;2020;NA;576;14910,19485642500;NA;NA
690781810 - HOSPICES CIVILS DE LYON;2-4;24;28;2021;NA;758;14910,19416133155;NA;NA
690781810 - HOSPICES CIVILS DE LYON;2-4;24;28;2022;NA;897;14359,52113186714;NA;NA
690781810 - HOSPICES CIVILS DE LYON;2-4;24;28;2023;NA;721;14210,13894519545;NA;NA
690781810 - HOSPICES CIVILS DE LYON;2-4;24;28;2024;NA;644;14074,80891167607;NA;NA
690781810 - HOSPICES CIVILS DE LYON;2-4;24;28;2025;NA;627;13815,00625350018;NA;NA
690781810 - HOSPICES CIVILS DE LYON;2-4;53;29;2016;NA;1826;28531,20238140208;NA;NA
690781810 - HOSPICES CIVILS DE LYON;2-4;53;29;2017;NA;1754;27778,84846811826;NA;NA
690781810 - HOSPICES CIVILS DE LYON;2-4;53;29;2018;NA;1657;27209,51102319150;NA;NA
690781810 - HOSPICES CIVILS DE LYON;2-4;53;29;2019;NA;1787;26498,72242339452;NA;NA
690781810 - HOSPICES CIVILS DE LYON;2-4;53;29;2020;NA;1211;26068,60226729141;NA;NA
690781810 - HOSPICES CIVILS DE LYON;2-4;53;29;2021;NA;1717;25612,95314847940;NA;NA
690781810 - HOSPICES CIVILS DE LYON;2-4;53;29;2022;NA;1978;25710,01956392652;NA;NA
690781810 - HOSPICES CIVILS DE LYON;2-4;53;29;2023;NA;1698;25376,03359271639;NA;NA
690781810 - HOSPICES CIVILS DE LYON;2-4;53;29;2024;NA;1638;25195,48464832055;NA;NA
690781810 - HOSPICES CIVILS DE LYON;2-4;53;29;2025;NA;1292;24977,11949898965;NA;NA
690781810 - HOSPICES CIVILS DE LYON;2-4;94;2A;2016;NA;286;4555,13484662675;NA;NA
690781810 - HOSPICES CIVILS DE LYON;2-4;94;2A;2017;NA;276;4581,48920363716;NA;NA
690781810 - HOSPICES CIVILS DE LYON;2-4;94;2A;2018;NA;310;4730,72424932199;NA;NA
690781810 - HOSPICES CIVILS DE LYON;2-4;94;2A;2019;NA;266;4871,61425633330;NA;NA
690781810 - HOSPICES CIVILS DE LYON;2-4;94;2A;2020;NA;180;4939,17846733743;NA;NA
690781810 - HOSPICES CIVILS DE LYON;2-4;94;2A;2021;NA;196;4968,02178032529;NA;NA
690781810 - HOSPICES CIVILS DE LYON;2-4;94;2A;2022;NA;230;5008,92193321657;NA;NA
690781810 - HOSPICES CIVILS DE LYON;2-4;94;2A;2023;NA;163;5057,24549390920;NA;NA
690781810 - HOSPICES CIVILS DE LYON;2-4;94;2A;2024;NA;254;5044,18705196612;NA;NA
690781810 - HOSPICES CIVILS DE LYON;2-4;94;2A;2025;NA;270;4936,03826833607;NA;NA
690781810 - HOSPICES CIVILS DE LYON;2-4;94;2B;2016;NA;319;5241,24859315852;NA;NA
690781810 - HOSPICES CIVILS DE LYON;2-4;94;2B;2017;NA;216;5235,63667673993;NA;NA
690781810 - HOSPICES CIVILS DE LYON;2-4;94;2B;2018;NA;227;5229,82888912947;NA;NA
690781810 - HOSPICES CIVILS DE LYON;2-4;94;2B;2019;NA;239;5202,50938100456;NA;NA
690781810 - HOSPICES CIVILS DE LYON;2-4;94;2B;2020;NA;165;5006,67873214139;NA;NA
690781810 - HOSPICES CIVILS DE LYON;2-4;94;2B;2021;NA;202;4904,89493066164;NA;NA
690781810 - HOSPICES CIVILS DE LYON;2-4;94;2B;2022;NA;252;4841,95786877602;NA;NA
690781810 - HOSPICES CIVILS DE LYON;2-4;94;2B;2023;NA;224;4674,80581292500;NA;NA
690781810 - HOSPICES CIVILS DE LYON;2-4;94;2B;2024;NA;215;4602,21545696244;NA;NA
690781810 - HOSPICES CIVILS DE LYON;2-4;94;2B;2025;NA;207;4509,16480751087;NA;NA
690781810 - HOSPICES CIVILS DE LYON;2-4;76;30;2016;NA;1351;24519,08804005182;NA;NA
690781810 - HOSPICES CIVILS DE LYON;2-4;76;30;2017;NA;1377;24315,85931003992;NA;NA
690781810 - HOSPICES CIVILS DE LYON;2-4;76;30;2018;NA;1523;24161,34174949671;NA;NA
690781810 - HOSPICES CIVILS DE LYON;2-4;76;30;2019;NA;1379;23545,31398289294;NA;NA
690781810 - HOSPICES CIVILS DE LYON;2-4;76;30;2020;NA;925;23034,15854496770;NA;NA
690781810 - HOSPICES CIVILS DE LYON;2-4;76;30;2021;NA;1217;23084,20186972019;NA;NA
690781810 - HOSPICES CIVILS DE LYON;2-4;76;30;2022;NA;1347;22959,08783552504;NA;NA
690781810 - HOSPICES CIVILS DE LYON;2-4;76;30;2023;NA;1196;22673,29693349263;NA;NA
690781810 - HOSPICES CIVILS DE LYON;2-4;76;30;2024;NA;1234;22692,01352100338;NA;NA
690781810 - HOSPICES CIVILS DE LYON;2-4;76;30;2025;NA;1043;22240,10730899280;NA;NA
690781810 - HOSPICES CIVILS DE LYON;2-4;76;31;2016;NA;2272;49104,83062410718;NA;NA
690781810 - HOSPICES CIVILS DE LYON;2-4;76;31;2017;NA;2358;48993,49595496955;NA;NA
690781810 - HOSPICES CIVILS DE LYON;2-4;76;31;2018;NA;2305;49141,80591031742;NA;NA
690781810 - HOSPICES CIVILS DE LYON;2-4;76;31;2019;NA;1936;49247,91629255325;NA;NA
690781810 - HOSPICES CIVILS DE LYON;2-4;76;31;2020;NA;1463;48400,14441952693;NA;NA
690781810 - HOSPICES CIVILS DE LYON;2-4;76;31;2021;NA;1912;47225,01236876198;NA;NA
690781810 - HOSPICES CIVILS DE LYON;2-4;76;31;2022;NA;1908;47003,74788490350;NA;NA
690781810 - HOSPICES CIVILS DE LYON;2-4;76;31;2023;NA;1938;46356,45455814640;NA;NA
690781810 - HOSPICES CIVILS DE LYON;2-4;76;31;2024;NA;1902;45965,04588038237;NA;NA
690781810 - HOSPICES CIVILS DE LYON;2-4;76;31;2025;NA;1582;45818,58846869048;NA;NA
690781810 - HOSPICES CIVILS DE LYON;2-4;76;32;2016;NA;277;5200,27745143158;NA;NA
690781810 - HOSPICES CIVILS DE LYON;2-4;76;32;2017;NA;335;5187,11306136423;NA;NA
690781810 - HOSPICES CIVILS DE LYON;2-4;76;32;2018;NA;271;5034,74113226267;NA;NA
690781810 - HOSPICES CIVILS DE LYON;2-4;76;32;2019;NA;317;4871,61425633330;NA;NA
690781810 - HOSPICES CIVILS DE LYON;2-4;76;32;2020;NA;182;4747,72317080254;NA;NA
690781810 - HOSPICES CIVILS DE LYON;2-4;76;32;2021;NA;233;4660,35499846946;NA;NA
690781810 - HOSPICES CIVILS DE LYON;2-4;76;32;2022;NA;232;4687,83719390782;NA;NA
690781810 - HOSPICES CIVILS DE LYON;2-4;76;32;2023;NA;211;4672,97303490112;NA;NA
690781810 - HOSPICES CIVILS DE LYON;2-4;76;32;2024;NA;251;4580,48932518558;NA;NA
690781810 - HOSPICES CIVILS DE LYON;2-4;76;32;2025;NA;213;4613,37215235938;NA;NA
690781810 - HOSPICES CIVILS DE LYON;2-4;75;33;2016;NA;3201;52239,42872100725;NA;NA
690781810 - HOSPICES CIVILS DE LYON;2-4;75;33;2017;NA;3288;52567,04524934695;NA;NA
690781810 - HOSPICES CIVILS DE LYON;2-4;75;33;2018;NA;3133;52754,92963449714;NA;NA
690781810 - HOSPICES CIVILS DE LYON;2-4;75;33;2019;NA;2967;52362,76704714025;NA;NA
690781810 - HOSPICES CIVILS DE LYON;2-4;75;33;2020;NA;2144;51491,65654754854;NA;NA
690781810 - HOSPICES CIVILS DE LYON;2-4;75;33;2021;NA;2972;51137,03840180124;NA;NA
690781810 - HOSPICES CIVILS DE LYON;2-4;75;33;2022;NA;2851;51058,58944988834;NA;NA
690781810 - HOSPICES CIVILS DE LYON;2-4;75;33;2023;NA;2611;50531,52289655851;NA;NA
690781810 - HOSPICES CIVILS DE LYON;2-4;75;33;2024;NA;2686;50472,28710414880;NA;NA
690781810 - HOSPICES CIVILS DE LYON;2-4;75;33;2025;NA;2506;50076,65124042182;NA;NA
690781810 - HOSPICES CIVILS DE LYON;2-4;76;34;2016;NA;2154;38043,84537698883;NA;NA
690781810 - HOSPICES CIVILS DE LYON;2-4;76;34;2017;NA;2163;38180,71462492149;NA;NA
690781810 - HOSPICES CIVILS DE LYON;2-4;76;34;2018;NA;2036;37968,26233406011;NA;NA
690781810 - HOSPICES CIVILS DE LYON;2-4;76;34;2019;NA;2169;37812,62444218223;NA;NA
690781810 - HOSPICES CIVILS DE LYON;2-4;76;34;2020;NA;1409;37670,05687078022;NA;NA
690781810 - HOSPICES CIVILS DE LYON;2-4;76;34;2021;NA;1859;37178,65004170892;NA;NA
690781810 - HOSPICES CIVILS DE LYON;2-4;76;34;2022;NA;1875;36641,57885993543;NA;NA
690781810 - HOSPICES CIVILS DE LYON;2-4;76;34;2023;NA;1840;36345,21006567359;NA;NA
690781810 - HOSPICES CIVILS DE LYON;2-4;76;34;2024;NA;2111;35915,15806702630;NA;NA
690781810 - HOSPICES CIVILS DE LYON;2-4;76;34;2025;NA;1839;35159,93480493896;NA;NA
690781810 - HOSPICES CIVILS DE LYON;2-4;53;35;2016;NA;1755;38708,55628829011;NA;NA
690781810 - HOSPICES CIVILS DE LYON;2-4;53;35;2017;NA;1779;38519,15148659250;NA;NA
690781810 - HOSPICES CIVILS DE LYON;2-4;53;35;2018;NA;1747;37819,94640533803;NA;NA
690781810 - HOSPICES CIVILS DE LYON;2-4;53;35;2019;NA;1614;36996,78618321622;NA;NA
690781810 - HOSPICES CIVILS DE LYON;2-4;53;35;2020;NA;1211;36562,43888922424;NA;NA
690781810 - HOSPICES CIVILS DE LYON;2-4;53;35;2021;NA;1484;36844,01645028804;NA;NA
690781810 - HOSPICES CIVILS DE LYON;2-4;53;35;2022;NA;1666;36449,53960632982;NA;NA
690781810 - HOSPICES CIVILS DE LYON;2-4;53;35;2023;NA;1422;35974,98890484863;NA;NA
690781810 - HOSPICES CIVILS DE LYON;2-4;53;35;2024;NA;1427;35804,04442165318;NA;NA
690781810 - HOSPICES CIVILS DE LYON;2-4;53;35;2025;NA;1354;35656,48908069298;NA;NA
690781810 - HOSPICES CIVILS DE LYON;2-4;24;36;2016;NA;283;6188,47692950231;NA;NA
690781810 - HOSPICES CIVILS DE LYON;2-4;24;36;2017;NA;292;6023,68475936045;NA;NA
690781810 - HOSPICES CIVILS DE LYON;2-4;24;36;2018;NA;300;5820,63092885227;NA;NA
690781810 - HOSPICES CIVILS DE LYON;2-4;24;36;2019;NA;253;5670,19913822148;NA;NA
690781810 - HOSPICES CIVILS DE LYON;2-4;24;36;2020;NA;161;5546,68085057312;NA;NA
690781810 - HOSPICES CIVILS DE LYON;2-4;24;36;2021;NA;241;5529,42172490683;NA;NA
690781810 - HOSPICES CIVILS DE LYON;2-4;24;36;2022;NA;319;5598,49467358541;NA;NA
690781810 - HOSPICES CIVILS DE LYON;2-4;24;36;2023;NA;312;5527,65852003991;NA;NA
690781810 - HOSPICES CIVILS DE LYON;2-4;24;36;2024;NA;284;5532,09389701231;NA;NA
690781810 - HOSPICES CIVILS DE LYON;2-4;24;36;2025;NA;226;5467,11907400977;NA;NA
690781810 - HOSPICES CIVILS DE LYON;2-4;24;37;2016;NA;860;20160,85927754560;NA;NA
690781810 - HOSPICES CIVILS DE LYON;2-4;24;37;2017;NA;848;20174,76798266069;NA;NA
690781810 - HOSPICES CIVILS DE LYON;2-4;24;37;2018;NA;933;19813,40798841179;NA;NA
690781810 - HOSPICES CIVILS DE LYON;2-4;24;37;2019;NA;821;19402,03871605951;NA;NA
690781810 - HOSPICES CIVILS DE LYON;2-4;24;37;2020;NA;607;18920,93786332243;NA;NA
690781810 - HOSPICES CIVILS DE LYON;2-4;24;37;2021;NA;790;18377,88071858303;NA;NA
690781810 - HOSPICES CIVILS DE LYON;2-4;24;37;2022;NA;874;18448,00014573195;NA;NA
690781810 - HOSPICES CIVILS DE LYON;2-4;24;37;2023;NA;830;18194,59836912342;NA;NA
690781810 - HOSPICES CIVILS DE LYON;2-4;24;37;2024;NA;805;18083,59059781897;NA;NA
690781810 - HOSPICES CIVILS DE LYON;2-4;24;37;2025;NA;717;17902,94739599090;NA;NA
690781810 - HOSPICES CIVILS DE LYON;2-4;27;39;2016;NA;635;8328,76045255152;NA;NA
690781810 - HOSPICES CIVILS DE LYON;2-4;27;39;2017;NA;615;8265,59863431361;NA;NA
690781810 - HOSPICES CIVILS DE LYON;2-4;27;39;2021;NA;540;7677,57325957746;NA;NA
690781810 - HOSPICES CIVILS DE LYON;2-4;27;39;2022;NA;648;7485,86135074125;NA;NA
690781810 - HOSPICES CIVILS DE LYON;2-4;27;39;2023;NA;426;7284,07079293058;NA;NA
690781810 - HOSPICES CIVILS DE LYON;2-4;27;39;2025;NA;364;7020,81292039560;NA;NA
690781810 - HOSPICES CIVILS DE LYON;2-4;75;40;2016;NA;715;11932,99790536640;NA;NA
690781810 - HOSPICES CIVILS DE LYON;2-4;75;40;2017;NA;690;11885,82887512839;NA;NA
690781810 - HOSPICES CIVILS DE LYON;2-4;75;40;2018;NA;644;11702,80373684232;NA;NA
690781810 - HOSPICES CIVILS DE LYON;2-4;75;40;2019;NA;678;11314,51821082621;NA;NA
690781810 - HOSPICES CIVILS DE LYON;2-4;75;40;2020;NA;512;11269,47602840749;NA;NA
690781810 - HOSPICES CIVILS DE LYON;2-4;75;40;2021;NA;638;11322,99560714405;NA;NA
690781810 - HOSPICES CIVILS DE LYON;2-4;75;40;2022;NA;710;11091,79587067347;NA;NA
690781810 - HOSPICES CIVILS DE LYON;2-4;75;40;2023;NA;713;11109,68945478844;NA;NA
690781810 - HOSPICES CIVILS DE LYON;2-4;75;40;2024;NA;700;11046,80688860313;NA;NA
690781810 - HOSPICES CIVILS DE LYON;2-4;75;40;2025;NA;569;11027,77365634742;NA;NA
690781810 - HOSPICES CIVILS DE LYON;2-4;24;41;2016;NA;663;10725,87799836664;NA;NA
690781810 - HOSPICES CIVILS DE LYON;2-4;24;41;2017;NA;625;10396,33814998827;NA;NA
690781810 - HOSPICES CIVILS DE LYON;2-4;24;41;2018;NA;540;10117,48493025283;NA;NA
690781810 - HOSPICES CIVILS DE LYON;2-4;24;41;2019;NA;581;9746,92566489756;NA;NA
690781810 - HOSPICES CIVILS DE LYON;2-4;24;41;2020;NA;351;9786,92475780403;NA;NA
690781810 - HOSPICES CIVILS DE LYON;2-4;24;41;2021;NA;454;9662,08529075107;NA;NA
690781810 - HOSPICES CIVILS DE LYON;2-4;24;41;2022;NA;501;9334,69785918004;NA;NA
690781810 - HOSPICES CIVILS DE LYON;2-4;24;41;2023;NA;484;9248,80883453628;NA;NA
690781810 - HOSPICES CIVILS DE LYON;2-4;24;41;2024;NA;540;9281,40349507721;NA;NA
690781810 - HOSPICES CIVILS DE LYON;2-4;24;41;2025;NA;419;9172,75736702616;NA;NA
690781810 - HOSPICES CIVILS DE LYON;2-4;84;43;2020;NA;242;6562,25301648732;NA;NA
690781810 - HOSPICES CIVILS DE LYON;2-4;84;43;2021;NA;306;6347,00636035636;NA;NA
690781810 - HOSPICES CIVILS DE LYON;2-4;84;43;2022;NA;434;6473,06834446449;NA;NA
690781810 - HOSPICES CIVILS DE LYON;2-4;84;43;2023;NA;346;6277,26473180925;NA;NA
690781810 - HOSPICES CIVILS DE LYON;2-4;84;43;2024;NA;323;6124,90692120966;NA;NA
690781810 - HOSPICES CIVILS DE LYON;2-4;84;43;2025;NA;283;6032,72640960316;NA;NA
690781810 - HOSPICES CIVILS DE LYON;2-4;52;44;2016;NA;2308;51679,89745712439;NA;NA
690781810 - HOSPICES CIVILS DE LYON;2-4;52;44;2017;NA;2109;51826,90655912268;NA;NA
690781810 - HOSPICES CIVILS DE LYON;2-4;52;44;2018;NA;1958;51264,38532177983;NA;NA
690781810 - HOSPICES CIVILS DE LYON;2-4;52;44;2019;NA;1931;50537,60622912112;NA;NA
690781810 - HOSPICES CIVILS DE LYON;2-4;52;44;2020;NA;1442;49775,30890521499;NA;NA
690781810 - HOSPICES CIVILS DE LYON;2-4;52;44;2021;NA;1946;49468,16061894586;NA;NA
690781810 - HOSPICES CIVILS DE LYON;2-4;52;44;2022;NA;2144;49670,28019611524;NA;NA
690781810 - HOSPICES CIVILS DE LYON;2-4;52;44;2023;NA;1745;49114,78548409470;NA;NA
690781810 - HOSPICES CIVILS DE LYON;2-4;52;44;2024;NA;1842;48978,77073114480;NA;NA
690781810 - HOSPICES CIVILS DE LYON;2-4;52;44;2025;NA;1560;48546,81208743504;NA;NA
690781810 - HOSPICES CIVILS DE LYON;2-4;24;45;2016;NA;1657;25345,23747994882;NA;NA
690781810 - HOSPICES CIVILS DE LYON;2-4;24;45;2017;NA;1591;25196,04083957633;NA;NA
690781810 - HOSPICES CIVILS DE LYON;2-4;24;45;2018;NA;1633;24822,30153143659;NA;NA
690781810 - HOSPICES CIVILS DE LYON;2-4;24;45;2019;NA;1522;24567,57657475443;NA;NA
690781810 - HOSPICES CIVILS DE LYON;2-4;24;45;2020;NA;996;23772,36598641470;NA;NA
690781810 - HOSPICES CIVILS DE LYON;2-4;24;45;2021;NA;1353;23153,45753973953;NA;NA
690781810 - HOSPICES CIVILS DE LYON;2-4;24;45;2022;NA;1501;23146,23436929357;NA;NA
690781810 - HOSPICES CIVILS DE LYON;2-4;24;45;2023;NA;1210;22779,59805887801;NA;NA
690781810 - HOSPICES CIVILS DE LYON;2-4;24;45;2024;NA;1398;22690,15128113679;NA;NA
690781810 - HOSPICES CIVILS DE LYON;2-4;24;45;2025;NA;1089;22461,07710047878;NA;NA
690781810 - HOSPICES CIVILS DE LYON;2-4;76;46;2016;NA;345;4302,58139090694;NA;NA
690781810 - HOSPICES CIVILS DE LYON;2-4;76;46;2017;NA;289;4259,63636241101;NA;NA
690781810 - HOSPICES CIVILS DE LYON;2-4;76;46;2018;NA;265;4199,61783236285;NA;NA
690781810 - HOSPICES CIVILS DE LYON;2-4;76;46;2019;NA;242;4135,26477033301;NA;NA
690781810 - HOSPICES CIVILS DE LYON;2-4;76;46;2020;NA;201;4308,97144957677;NA;NA
690781810 - HOSPICES CIVILS DE LYON;2-4;76;46;2021;NA;239;4262,59455738494;NA;NA
690781810 - HOSPICES CIVILS DE LYON;2-4;76;46;2022;NA;295;4111,71943309097;NA;NA
690781810 - HOSPICES CIVILS DE LYON;2-4;76;46;2023;NA;224;4047,99572875602;NA;NA
690781810 - HOSPICES CIVILS DE LYON;2-4;76;46;2024;NA;208;3944,84478405669;NA;NA
690781810 - HOSPICES CIVILS DE LYON;2-4;76;46;2025;NA;204;3936,02441084410;NA;NA
690781810 - HOSPICES CIVILS DE LYON;2-4;75;47;2016;NA;757;10248,28901793766;NA;NA
690781810 - HOSPICES CIVILS DE LYON;2-4;75;47;2017;NA;716;10006,30655804437;NA;NA
690781810 - HOSPICES CIVILS DE LYON;2-4;75;47;2018;NA;603;9652,22832397113;NA;NA
690781810 - HOSPICES CIVILS DE LYON;2-4;75;47;2019;NA;703;9331,61223095262;NA;NA
690781810 - HOSPICES CIVILS DE LYON;2-4;75;47;2020;NA;424;9231,58167009868;NA;NA
690781810 - HOSPICES CIVILS DE LYON;2-4;75;47;2021;NA;571;9327,45169933019;NA;NA
690781810 - HOSPICES CIVILS DE LYON;2-4;75;47;2022;NA;616;9363,44258822292;NA;NA
690781810 - HOSPICES CIVILS DE LYON;2-4;75;47;2023;NA;524;9243,92142647259;NA;NA
690781810 - HOSPICES CIVILS DE LYON;2-4;75;47;2024;NA;615;9228,64003219053;NA;NA
690781810 - HOSPICES CIVILS DE LYON;2-4;75;47;2025;NA;506;9082,98838923498;NA;NA
690781810 - HOSPICES CIVILS DE LYON;2-4;76;48;2016;NA;169;2164,13239659176;NA;NA
690781810 - HOSPICES CIVILS DE LYON;2-4;76;48;2017;NA;131;2116,61238714756;NA;NA
690781810 - HOSPICES CIVILS DE LYON;2-4;76;48;2018;NA;129;2059,80669474186;NA;NA
690781810 - HOSPICES CIVILS DE LYON;2-4;76;48;2019;NA;148;2051,30329614641;NA;NA
690781810 - HOSPICES CIVILS DE LYON;2-4;76;48;2020;NA;91;2115,82648221884;NA;NA
690781810 - HOSPICES CIVILS DE LYON;2-4;76;48;2021;NA;126;1907,28889469187;NA;NA
690781810 - HOSPICES CIVILS DE LYON;2-4;76;48;2022;NA;139;1923,45048595435;NA;NA
690781810 - HOSPICES CIVILS DE LYON;2-4;76;48;2023;NA;158;1917,08581298467;NA;NA
690781810 - HOSPICES CIVILS DE LYON;2-4;76;48;2024;NA;181;1938,59170111865;NA;NA
690781810 - HOSPICES CIVILS DE LYON;2-4;76;48;2025;NA;129;1917,79179826615;NA;NA
690781810 - HOSPICES CIVILS DE LYON;2-4;52;49;2016;NA;1556;28715,87827396233;NA;NA
690781810 - HOSPICES CIVILS DE LYON;2-4;52;49;2017;NA;1404;27598,26691216313;NA;NA
690781810 - HOSPICES CIVILS DE LYON;2-4;52;49;2018;NA;1334;27159,04668229851;NA;NA
690781810 - HOSPICES CIVILS DE LYON;2-4;52;49;2019;NA;1161;26181,38352357013;NA;NA
690781810 - HOSPICES CIVILS DE LYON;2-4;52;49;2020;NA;817;26483,42207645033;NA;NA
690781810 - HOSPICES CIVILS DE LYON;2-4;52;49;2021;NA;989;26449,53712703159;NA;NA
690781810 - HOSPICES CIVILS DE LYON;2-4;52;49;2022;NA;1093;26297,75753435645;NA;NA
690781810 - HOSPICES CIVILS DE LYON;2-4;52;49;2023;NA;952;26055,38331357010;NA;NA
690781810 - HOSPICES CIVILS DE LYON;2-4;52;49;2024;NA;1050;26159,50415259121;NA;NA
690781810 - HOSPICES CIVILS DE LYON;2-4;52;49;2025;NA;939;25993,45498880729;NA;NA
690781810 - HOSPICES CIVILS DE LYON;2-4;28;50;2016;NA;986;15425,32910540471;NA;NA
690781810 - HOSPICES CIVILS DE LYON;2-4;28;50;2017;NA;887;15108,04262526655;NA;NA
690781810 - HOSPICES CIVILS DE LYON;2-4;28;50;2018;NA;834;14574,34781741165;NA;NA
690781810 - HOSPICES CIVILS DE LYON;2-4;28;50;2019;NA;825;14122,50533024321;NA;NA
690781810 - HOSPICES CIVILS DE LYON;2-4;28;50;2020;NA;558;14265,26050816166;NA;NA
690781810 - HOSPICES CIVILS DE LYON;2-4;28;50;2021;NA;748;14133,05974022960;NA;NA
690781810 - HOSPICES CIVILS DE LYON;2-4;28;50;2022;NA;996;14010,30325349514;NA;NA
690781810 - HOSPICES CIVILS DE LYON;2-4;28;50;2023;NA;797;13937,05501963645;NA;NA
690781810 - HOSPICES CIVILS DE LYON;2-4;28;50;2024;NA;766;13990,38737105739;NA;NA
690781810 - HOSPICES CIVILS DE LYON;2-4;28;50;2025;NA;708;13819,40053912632;NA;NA
690781810 - HOSPICES CIVILS DE LYON;2-4;44;51;2016;NA;1150;20437,87311638597;NA;NA
690781810 - HOSPICES CIVILS DE LYON;2-4;44;51;2017;NA;1068;20128,08703622331;NA;NA
690781810 - HOSPICES CIVILS DE LYON;2-4;44;51;2018;NA;1087;19663,86122210696;NA;NA
690781810 - HOSPICES CIVILS DE LYON;2-4;44;51;2019;NA;1000;19024,31299646271;NA;NA
690781810 - HOSPICES CIVILS DE LYON;2-4;44;51;2020;NA;638;18593,25475963773;NA;NA
690781810 - HOSPICES CIVILS DE LYON;2-4;44;51;2021;NA;837;17747,22510398215;NA;NA
690781810 - HOSPICES CIVILS DE LYON;2-4;44;51;2022;NA;933;17300,65734393533;NA;NA
690781810 - HOSPICES CIVILS DE LYON;2-4;44;51;2023;NA;748;16988,63042940649;NA;NA
690781810 - HOSPICES CIVILS DE LYON;2-4;44;51;2024;NA;796;16619,24931605819;NA;NA
690781810 - HOSPICES CIVILS DE LYON;2-4;44;51;2025;NA;684;16271,41191851342;NA;NA
690781810 - HOSPICES CIVILS DE LYON;2-4;44;52;2016;NA;503;5528,65809482513;NA;NA
690781810 - HOSPICES CIVILS DE LYON;2-4;44;52;2017;NA;401;5350,49637389506;NA;NA
690781810 - HOSPICES CIVILS DE LYON;2-4;44;52;2018;NA;461;5178,74912944511;NA;NA
690781810 - HOSPICES CIVILS DE LYON;2-4;44;52;2019;NA;438;4987,45835957016;NA;NA
690781810 - HOSPICES CIVILS DE LYON;2-4;44;52;2020;NA;231;4755,70047482483;NA;NA
690781810 - HOSPICES CIVILS DE LYON;2-4;44;52;2021;NA;311;4686,09604396338;NA;NA
690781810 - HOSPICES CIVILS DE LYON;2-4;44;52;2022;NA;383;4628,51296588315;NA;NA
690781810 - HOSPICES CIVILS DE LYON;2-4;44;52;2023;NA;289;4482,97504642494;NA;NA
690781810 - HOSPICES CIVILS DE LYON;2-4;44;52;2024;NA;270;4471,23791967905;NA;NA
690781810 - HOSPICES CIVILS DE LYON;2-4;44;52;2025;NA;274;4429,43991115087;NA;NA
690781810 - HOSPICES CIVILS DE LYON;2-4;52;53;2016;NA;557;11047,53203640204;NA;NA
690781810 - HOSPICES CIVILS DE LYON;2-4;52;53;2017;NA;571;10740,91724145368;NA;NA
690781810 - HOSPICES CIVILS DE LYON;2-4;52;53;2018;NA;465;10273,18588447144;NA;NA
690781810 - HOSPICES CIVILS DE LYON;2-4;52;53;2019;NA;546;9821,48490155532;NA;NA
690781810 - HOSPICES CIVILS DE LYON;2-4;52;53;2020;NA;301;9972,85730540041;NA;NA
690781810 - HOSPICES CIVILS DE LYON;2-4;52;53;2021;NA;393;9883,33570559161;NA;NA
690781810 - HOSPICES CIVILS DE LYON;2-4;52;53;2022;NA;458;9280,26635099246;NA;NA
690781810 - HOSPICES CIVILS DE LYON;2-4;52;53;2023;NA;379;9202,98938393913;NA;NA
690781810 - HOSPICES CIVILS DE LYON;2-4;52;53;2024;NA;377;9123,73385303938;NA;NA
690781810 - HOSPICES CIVILS DE LYON;2-4;52;53;2025;NA;409;9214,18920292978;NA;NA
690781810 - HOSPICES CIVILS DE LYON;2-4;44;54;2016;NA;1488;24934,30304352337;NA;NA
690781810 - HOSPICES CIVILS DE LYON;2-4;44;54;2017;NA;1340;24509,33954856328;NA;NA
690781810 - HOSPICES CIVILS DE LYON;2-4;44;54;2018;NA;1369;23855,47861018189;NA;NA
690781810 - HOSPICES CIVILS DE LYON;2-4;44;54;2019;NA;1377;23279,11902226355;NA;NA
690781810 - HOSPICES CIVILS DE LYON;2-4;44;54;2020;NA;950;22588,04315849058;NA;NA
690781810 - HOSPICES CIVILS DE LYON;2-4;44;54;2021;NA;1323;22321,77661747190;NA;NA
690781810 - HOSPICES CIVILS DE LYON;2-4;44;54;2022;NA;1628;21991,55248774133;NA;NA
690781810 - HOSPICES CIVILS DE LYON;2-4;44;54;2023;NA;1188;21219,29303454314;NA;NA
690781810 - HOSPICES CIVILS DE LYON;2-4;44;54;2024;NA;1273;20603,82188393544;NA;NA
690781810 - HOSPICES CIVILS DE LYON;2-4;44;54;2025;NA;1107;20093,18490307783;NA;NA
690781810 - HOSPICES CIVILS DE LYON;2-4;44;55;2016;NA;545;6225,77901376116;NA;NA
690781810 - HOSPICES CIVILS DE LYON;2-4;44;55;2017;NA;447;6040,26877980531;NA;NA
690781810 - HOSPICES CIVILS DE LYON;2-4;44;55;2018;NA;454;5716,00973431802;NA;NA
690781810 - HOSPICES CIVILS DE LYON;2-4;44;55;2019;NA;346;5421,87374670841;NA;NA
690781810 - HOSPICES CIVILS DE LYON;2-4;44;55;2020;NA;232;5251,52060174850;NA;NA
690781810 - HOSPICES CIVILS DE LYON;2-4;44;55;2021;NA;331;5166,59555984976;NA;NA
690781810 - HOSPICES CIVILS DE LYON;2-4;44;55;2022;NA;398;5128,79356922517;NA;NA
690781810 - HOSPICES CIVILS DE LYON;2-4;44;55;2023;NA;323;4917,95436409387;NA;NA
690781810 - HOSPICES CIVILS DE LYON;2-4;44;55;2024;NA;296;4812,02781526475;NA;NA
690781810 - HOSPICES CIVILS DE LYON;2-4;44;55;2025;NA;314;4686,81949782489;NA;NA
690781810 - HOSPICES CIVILS DE LYON;2-4;53;56;2016;NA;1079;23629,95311361938;NA;NA
690781810 - HOSPICES CIVILS DE LYON;2-4;53;56;2017;NA;1080;23071,44355369606;NA;NA
690781810 - HOSPICES CIVILS DE LYON;2-4;53;56;2018;NA;973;22570,48417378482;NA;NA
690781810 - HOSPICES CIVILS DE LYON;2-4;53;56;2019;NA;926;21902,54600826802;NA;NA
690781810 - HOSPICES CIVILS DE LYON;2-4;53;56;2020;NA;721;21738,76709950251;NA;NA
690781810 - HOSPICES CIVILS DE LYON;2-4;53;56;2021;NA;874;21628,60703524295;NA;NA
690781810 - HOSPICES CIVILS DE LYON;2-4;53;56;2022;NA;992;21308,40648048823;NA;NA
690781810 - HOSPICES CIVILS DE LYON;2-4;53;56;2023;NA;954;21130,09783738069;NA;NA
690781810 - HOSPICES CIVILS DE LYON;2-4;53;56;2024;NA;860;21200,98013448816;NA;NA
690781810 - HOSPICES CIVILS DE LYON;2-4;53;56;2025;NA;795;21015,35712947815;NA;NA
690781810 - HOSPICES CIVILS DE LYON;2-4;44;57;2016;NA;2461;34920,25445249300;NA;NA
690781810 - HOSPICES CIVILS DE LYON;2-4;44;57;2017;NA;2314;34437,02556523943;NA;NA
690781810 - HOSPICES CIVILS DE LYON;2-4;44;57;2018;NA;2168;34126,20281948782;NA;NA
690781810 - HOSPICES CIVILS DE LYON;2-4;44;57;2019;NA;1927;33256,50050955785;NA;NA
690781810 - HOSPICES CIVILS DE LYON;2-4;44;57;2020;NA;1271;32641,28714288480;NA;NA
690781810 - HOSPICES CIVILS DE LYON;2-4;44;57;2021;NA;1582;32499,29570013680;NA;NA
690781810 - HOSPICES CIVILS DE LYON;2-4;44;57;2022;NA;2070;31766,59513225909;NA;NA
690781810 - HOSPICES CIVILS DE LYON;2-4;44;57;2023;NA;1793;30878,03322042190;NA;NA
690781810 - HOSPICES CIVILS DE LYON;2-4;44;57;2024;NA;1781;30317,26502806119;NA;NA
690781810 - HOSPICES CIVILS DE LYON;2-4;44;57;2025;NA;1571;29652,63940520446;NA;NA
690781810 - HOSPICES CIVILS DE LYON;2-4;27;58;2016;NA;402;5615,49245490313;NA;NA
690781810 - HOSPICES CIVILS DE LYON;2-4;27;58;2017;NA;369;5397,79154331188;NA;NA
690781810 - HOSPICES CIVILS DE LYON;2-4;27;58;2018;NA;389;5312,91042596549;NA;NA
690781810 - HOSPICES CIVILS DE LYON;2-4;27;58;2019;NA;366;5214,21702973594;NA;NA
690781810 - HOSPICES CIVILS DE LYON;2-4;27;58;2020;NA;253;5041,65614208527;NA;NA
690781810 - HOSPICES CIVILS DE LYON;2-4;27;58;2021;NA;331;4904,89493066164;NA;NA
690781810 - HOSPICES CIVILS DE LYON;2-4;27;58;2022;NA;342;4999,74808352204;NA;NA
690781810 - HOSPICES CIVILS DE LYON;2-4;27;58;2023;NA;278;4891,68454575150;NA;NA
690781810 - HOSPICES CIVILS DE LYON;2-4;27;58;2024;NA;221;4786,57720375471;NA;NA
690781810 - HOSPICES CIVILS DE LYON;2-4;27;58;2025;NA;214;4801,69867919402;NA;NA
690781810 - HOSPICES CIVILS DE LYON;2-4;32;59;2016;NA;7736;104400,58421602871;NA;NA
690781810 - HOSPICES CIVILS DE LYON;2-4;32;59;2017;NA;7594;103094,25598397624;NA;NA
690781810 - HOSPICES CIVILS DE LYON;2-4;32;59;2018;NA;7470;100830,83019814802;NA;NA
690781810 - HOSPICES CIVILS DE LYON;2-4;32;59;2019;NA;6926;97723,12776883507;NA;NA
690781810 - HOSPICES CIVILS DE LYON;2-4;32;59;2020;NA;4600;94391,75666309419;NA;NA
690781810 - HOSPICES CIVILS DE LYON;2-4;32;59;2021;NA;6192;91527,80319192921;NA;NA
690781810 - HOSPICES CIVILS DE LYON;2-4;32;59;2022;NA;6606;89012,64040612204;NA;NA
690781810 - HOSPICES CIVILS DE LYON;2-4;32;59;2023;NA;5755;86739,27461044065;NA;NA
690781810 - HOSPICES CIVILS DE LYON;2-4;32;59;2024;NA;5657;85959,75074848194;NA;NA
690781810 - HOSPICES CIVILS DE LYON;2-4;32;59;2025;NA;4886;84218,99504536424;NA;NA
690781810 - HOSPICES CIVILS DE LYON;2-4;32;60;2016;NA;2102;32860,07868416362;NA;NA
690781810 - HOSPICES CIVILS DE LYON;2-4;32;60;2017;NA;2168;32224,59439329935;NA;NA
690781810 - HOSPICES CIVILS DE LYON;2-4;32;60;2018;NA;2215;31971,00621208239;NA;NA
690781810 - HOSPICES CIVILS DE LYON;2-4;32;60;2019;NA;2219;31112,76840763733;NA;NA
690781810 - HOSPICES CIVILS DE LYON;2-4;32;60;2020;NA;1479;30951,32596770189;NA;NA
690781810 - HOSPICES CIVILS DE LYON;2-4;32;60;2021;NA;2096;30300,27495651392;NA;NA
690781810 - HOSPICES CIVILS DE LYON;2-4;32;60;2022;NA;2214;29804,61447758769;NA;NA
690781810 - HOSPICES CIVILS DE LYON;2-4;32;60;2023;NA;1893;28953,61629534169;NA;NA
690781810 - HOSPICES CIVILS DE LYON;2-4;32;60;2024;NA;1843;28648,07736097568;NA;NA
690781810 - HOSPICES CIVILS DE LYON;2-4;32;60;2025;NA;1767;28259,65086171753;NA;NA
690781810 - HOSPICES CIVILS DE LYON;2-4;28;61;2016;NA;856;8699,33525682804;NA;NA
690781810 - HOSPICES CIVILS DE LYON;2-4;28;61;2017;NA;913;8389,05745318090;NA;NA
690781810 - HOSPICES CIVILS DE LYON;2-4;28;61;2018;NA;829;8193,07036961411;NA;NA
690781810 - HOSPICES CIVILS DE LYON;2-4;28;61;2019;NA;796;8011,72888449855;NA;NA
690781810 - HOSPICES CIVILS DE LYON;2-4;28;61;2020;NA;541;7853,96262932684;NA;NA
690781810 - HOSPICES CIVILS DE LYON;2-4;28;61;2021;NA;738;7577,67348777965;NA;NA
690781810 - HOSPICES CIVILS DE LYON;2-4;28;61;2022;NA;801;7467,51365135218;NA;NA
690781810 - HOSPICES CIVILS DE LYON;2-4;28;61;2023;NA;754;7352,49450582232;NA;NA
690781810 - HOSPICES CIVILS DE LYON;2-4;28;61;2024;NA;731;7326,67238178145;NA;NA
690781810 - HOSPICES CIVILS DE LYON;2-4;28;61;2025;NA;613;7249,31577295497;NA;NA
690781810 - HOSPICES CIVILS DE LYON;2-4;32;62;2016;NA;4607;56290,06816577240;NA;NA
690781810 - HOSPICES CIVILS DE LYON;2-4;32;62;2017;NA;4300;54897,40723333936;NA;NA
690781810 - HOSPICES CIVILS DE LYON;2-4;32;62;2018;NA;4303;53440,50616809212;NA;NA
690781810 - HOSPICES CIVILS DE LYON;2-4;32;62;2019;NA;4075;51109,43244084352;NA;NA
690781810 - HOSPICES CIVILS DE LYON;2-4;32;62;2020;NA;2678;49850,17283527029;NA;NA
690781810 - HOSPICES CIVILS DE LYON;2-4;32;62;2021;NA;3592;48674,47838288354;NA;NA
690781810 - HOSPICES CIVILS DE LYON;2-4;32;62;2022;NA;3733;47786,58305883722;NA;NA
690781810 - HOSPICES CIVILS DE LYON;2-4;32;62;2023;NA;3267;46342,40325996328;NA;NA
690781810 - HOSPICES CIVILS DE LYON;2-4;32;62;2024;NA;3035;45909,79943100691;NA;NA
690781810 - HOSPICES CIVILS DE LYON;2-4;32;62;2025;NA;2868;45317,01215222086;NA;NA
690781810 - HOSPICES CIVILS DE LYON;2-4;84;63;2017;NA;769;20519,34707412609;NA;NA
690781810 - HOSPICES CIVILS DE LYON;2-4;75;64;2016;NA;1078;19993,91716274776;NA;NA
690781810 - HOSPICES CIVILS DE LYON;2-4;75;64;2017;NA;1059;20029,19713653359;NA;NA
690781810 - HOSPICES CIVILS DE LYON;2-4;75;64;2018;NA;1049;19690,32423013620;NA;NA
690781810 - HOSPICES CIVILS DE LYON;2-4;75;64;2019;NA;1095;19270,78981186029;NA;NA
690781810 - HOSPICES CIVILS DE LYON;2-4;75;64;2020;NA;795;19324,71217460433;NA;NA
690781810 - HOSPICES CIVILS DE LYON;2-4;75;64;2021;NA;905;19080,85641338109;NA;NA
690781810 - HOSPICES CIVILS DE LYON;2-4;75;64;2022;NA;1000;18594,17015086488;NA;NA
690781810 - HOSPICES CIVILS DE LYON;2-4;75;64;2023;NA;946;18472,56970274612;NA;NA
690781810 - HOSPICES CIVILS DE LYON;2-4;75;64;2024;NA;828;18485,83440900209;NA;NA
690781810 - HOSPICES CIVILS DE LYON;2-4;75;64;2025;NA;754;18297,80534725421;NA;NA
690781810 - HOSPICES CIVILS DE LYON;2-4;76;65;2016;NA;377;6175,63522836401;NA;NA
690781810 - HOSPICES CIVILS DE LYON;2-4;76;65;2017;NA;358;6177,85472719970;NA;NA
690781810 - HOSPICES CIVILS DE LYON;2-4;76;65;2018;NA;355;5956,63848174678;NA;NA
690781810 - HOSPICES CIVILS DE LYON;2-4;76;65;2019;NA;334;5877,23966315545;NA;NA
690781810 - HOSPICES CIVILS DE LYON;2-4;76;65;2020;NA;236;5876,81850934160;NA;NA
690781810 - HOSPICES CIVILS DE LYON;2-4;76;65;2021;NA;264;5825,44374808683;NA;NA
690781810 - HOSPICES CIVILS DE LYON;2-4;76;65;2022;NA;312;5816,83229631536;NA;NA
690781810 - HOSPICES CIVILS DE LYON;2-4;76;65;2023;NA;333;5705,43798835685;NA;NA
690781810 - HOSPICES CIVILS DE LYON;2-4;76;65;2024;NA;325;5754,94193438074;NA;NA
690781810 - HOSPICES CIVILS DE LYON;2-4;76;65;2025;NA;238;5703,15498764253;NA;NA
690781810 - HOSPICES CIVILS DE LYON;2-4;76;66;2016;NA;675;14939,17899088353;NA;NA
690781810 - HOSPICES CIVILS DE LYON;2-4;76;66;2017;NA;645;14869,72410924413;NA;NA
690781810 - HOSPICES CIVILS DE LYON;2-4;76;66;2018;NA;644;14398,33804307756;NA;NA
690781810 - HOSPICES CIVILS DE LYON;2-4;76;66;2019;NA;541;14108,94910539634;NA;NA
690781810 - HOSPICES CIVILS DE LYON;2-4;76;66;2020;NA;403;13816,07692782981;NA;NA
690781810 - HOSPICES CIVILS DE LYON;2-4;76;66;2021;NA;428;13604,75542556880;NA;NA
690781810 - HOSPICES CIVILS DE LYON;2-4;76;66;2022;NA;558;14017,64233325077;NA;NA
690781810 - HOSPICES CIVILS DE LYON;2-4;76;66;2023;NA;708;14003,64595450430;NA;NA
690781810 - HOSPICES CIVILS DE LYON;2-4;76;66;2024;NA;674;14089,08608398659;NA;NA
690781810 - HOSPICES CIVILS DE LYON;2-4;76;66;2025;NA;645;13973,20053604128;NA;NA
690781810 - HOSPICES CIVILS DE LYON;2-4;44;67;2016;NA;1973;38112,94595930442;NA;NA
690781810 - HOSPICES CIVILS DE LYON;2-4;44;67;2017;NA;1641;37962,66546722056;NA;NA
690781810 - HOSPICES CIVILS DE LYON;2-4;44;67;2018;NA;1679;37807,63802951048;NA;NA
690781810 - HOSPICES CIVILS DE LYON;2-4;44;67;2019;NA;1608;37314,12508304061;NA;NA
690781810 - HOSPICES CIVILS DE LYON;2-4;44;67;2020;NA;1174;36383,87000687921;NA;NA
690781810 - HOSPICES CIVILS DE LYON;2-4;44;67;2021;NA;1404;35909,98422808033;NA;NA
690781810 - HOSPICES CIVILS DE LYON;2-4;44;67;2022;NA;1615;35470,99563891266;NA;NA
690781810 - HOSPICES CIVILS DE LYON;2-4;44;67;2023;NA;1379;34594,29612685458;NA;NA
690781810 - HOSPICES CIVILS DE LYON;2-4;44;67;2024;NA;1430;34190,10320394313;NA;NA
690781810 - HOSPICES CIVILS DE LYON;2-4;44;67;2025;NA;1254;33518,35524603030;NA;NA
690781810 - HOSPICES CIVILS DE LYON;2-4;44;68;2016;NA;1681;26771,88932545562;NA;NA
690781810 - HOSPICES CIVILS DE LYON;2-4;44;68;2017;NA;1498;26383,33385883235;NA;NA
690781810 - HOSPICES CIVILS DE LYON;2-4;44;68;2018;NA;1624;25956,51836394608;NA;NA
690781810 - HOSPICES CIVILS DE LYON;2-4;44;68;2019;NA;1530;25418,53777991459;NA;NA
690781810 - HOSPICES CIVILS DE LYON;2-4;44;68;2020;NA;1006;24758,48349132354;NA;NA
690781810 - HOSPICES CIVILS DE LYON;2-4;44;68;2021;NA;1454;23971,04217518907;NA;NA
690781810 - HOSPICES CIVILS DE LYON;2-4;44;68;2022;NA;1570;23149,29231919175;NA;NA
690781810 - HOSPICES CIVILS DE LYON;2-4;44;68;2023;NA;1257;22411,82060208491;NA;NA
690781810 - HOSPICES CIVILS DE LYON;2-4;44;68;2024;NA;1345;21849,66035468316;NA;NA
690781810 - HOSPICES CIVILS DE LYON;2-4;44;68;2025;NA;1165;21434,69752922996;NA;NA
690781810 - HOSPICES CIVILS DE LYON;2-4;27;70;2016;NA;771;7738,65370976795;NA;NA
690781810 - HOSPICES CIVILS DE LYON;2-4;27;70;2017;NA;662;7476,32210573421;NA;NA
690781810 - HOSPICES CIVILS DE LYON;2-4;27;70;2018;NA;619;7279,78888320929;NA;NA
690781810 - HOSPICES CIVILS DE LYON;2-4;27;70;2019;NA;494;7039,37784775507;NA;NA
690781810 - HOSPICES CIVILS DE LYON;2-4;27;70;2020;NA;386;7040,27761905359;NA;NA
690781810 - HOSPICES CIVILS DE LYON;2-4;27;70;2021;NA;428;6760,70173436568;NA;NA
690781810 - HOSPICES CIVILS DE LYON;2-4;27;70;2022;NA;492;6594,77475041200;NA;NA
690781810 - HOSPICES CIVILS DE LYON;2-4;27;70;2023;NA;349;6324,91696043029;NA;NA
690781810 - HOSPICES CIVILS DE LYON;2-4;27;70;2024;NA;343;6177,67038409633;NA;NA
690781810 - HOSPICES CIVILS DE LYON;2-4;27;70;2025;NA;320;6064,74191916505;NA;NA
690781810 - HOSPICES CIVILS DE LYON;2-4;52;72;2016;NA;1140;20034,27679489669;NA;NA
690781810 - HOSPICES CIVILS DE LYON;2-4;52;72;2017;NA;1101;19653,90689609623;NA;NA
690781810 - HOSPICES CIVILS DE LYON;2-4;52;72;2018;NA;1058;19182,60372724943;NA;NA
690781810 - HOSPICES CIVILS DE LYON;2-4;52;72;2019;NA;1082;18617,01005901820;NA;NA
690781810 - HOSPICES CIVILS DE LYON;2-4;52;72;2020;NA;733;18191,93500343960;NA;NA
690781810 - HOSPICES CIVILS DE LYON;2-4;52;72;2021;NA;955;18030,98948645077;NA;NA
690781810 - HOSPICES CIVILS DE LYON;2-4;52;72;2022;NA;1027;17741,00212927305;NA;NA
690781810 - HOSPICES CIVILS DE LYON;2-4;52;72;2023;NA;838;17448,04678739389;NA;NA
690781810 - HOSPICES CIVILS DE LYON;2-4;52;72;2024;NA;861;17460,98173575621;NA;NA
690781810 - HOSPICES CIVILS DE LYON;2-4;52;72;2025;NA;720;17280,84210234712;NA;NA
690781810 - HOSPICES CIVILS DE LYON;2-4;11;75;2016;NA;2501;67873,89410209277;NA;NA
690781810 - HOSPICES CIVILS DE LYON;2-4;11;75;2017;NA;2498;67224,86243068454;NA;NA
690781810 - HOSPICES CIVILS DE LYON;2-4;11;75;2018;NA;2284;65725,49608157795;NA;NA
690781810 - HOSPICES CIVILS DE LYON;2-4;11;75;2019;NA;2092;66736,67872908901;NA;NA
690781810 - HOSPICES CIVILS DE LYON;2-4;11;75;2020;NA;1774;62110,06183998323;NA;NA
690781810 - HOSPICES CIVILS DE LYON;2-4;11;75;2021;NA;2229;58168,63399588859;NA;NA
690781810 - HOSPICES CIVILS DE LYON;2-4;11;75;2022;NA;2244;55100,58762530083;NA;NA
690781810 - HOSPICES CIVILS DE LYON;2-4;11;75;2023;NA;2027;53185,38547514532;NA;NA
690781810 - HOSPICES CIVILS DE LYON;2-4;11;75;2024;NA;2004;51695,15794987527;NA;NA
690781810 - HOSPICES CIVILS DE LYON;2-4;11;75;2025;NA;1741;49924,73450877520;NA;NA
690781810 - HOSPICES CIVILS DE LYON;2-4;28;76;2016;NA;3092;45757,42719405820;NA;NA
690781810 - HOSPICES CIVILS DE LYON;2-4;28;76;2017;NA;3109;45302,63007151926;NA;NA
690781810 - HOSPICES CIVILS DE LYON;2-4;28;76;2018;NA;2817;44334,76973086458;NA;NA
690781810 - HOSPICES CIVILS DE LYON;2-4;28;76;2019;NA;2616;43312,75457777937;NA;NA
690781810 - HOSPICES CIVILS DE LYON;2-4;28;76;2020;NA;1817;42685,32654571484;NA;NA
690781810 - HOSPICES CIVILS DE LYON;2-4;28;76;2021;NA;2379;41542,37013496281;NA;NA
690781810 - HOSPICES CIVILS DE LYON;2-4;28;76;2022;NA;2656;41157,55926956562;NA;NA
690781810 - HOSPICES CIVILS DE LYON;2-4;28;76;2023;NA;2371;40489,73210368759;NA;NA
690781810 - HOSPICES CIVILS DE LYON;2-4;28;76;2024;NA;2409;39950,01111130144;NA;NA
690781810 - HOSPICES CIVILS DE LYON;2-4;28;76;2025;NA;1825;39399,79267907629;NA;NA
690781810 - HOSPICES CIVILS DE LYON;2-4;11;77;2016;NA;3524;58718,37270006624;NA;NA
690781810 - HOSPICES CIVILS DE LYON;2-4;11;77;2017;NA;3138;58528,69348778404;NA;NA
690781810 - HOSPICES CIVILS DE LYON;2-4;11;77;2018;NA;3125;57717,66676816859;NA;NA
690781810 - HOSPICES CIVILS DE LYON;2-4;11;77;2019;NA;2998;56409,91635596861;NA;NA
690781810 - HOSPICES CIVILS DE LYON;2-4;11;77;2020;NA;2045;55021,30675802498;NA;NA
690781810 - HOSPICES CIVILS DE LYON;2-4;11;77;2021;NA;2633;55040,48408634254;NA;NA
690781810 - HOSPICES CIVILS DE LYON;2-4;11;77;2022;NA;2884;55286,51097911009;NA;NA
690781810 - HOSPICES CIVILS DE LYON;2-4;11;77;2023;NA;2378;54983,34071657740;NA;NA
690781810 - HOSPICES CIVILS DE LYON;2-4;11;77;2024;NA;2479;55278,72819981378;NA;NA
690781810 - HOSPICES CIVILS DE LYON;2-4;11;77;2025;NA;2245;54693,16216822844;NA;NA
690781810 - HOSPICES CIVILS DE LYON;2-4;11;78;2016;NA;2657;57765,64077752033;NA;NA
690781810 - HOSPICES CIVILS DE LYON;2-4;11;78;2017;NA;2685;57946,41010327566;NA;NA
690781810 - HOSPICES CIVILS DE LYON;2-4;11;78;2018;NA;2598;57730,59056278753;NA;NA
690781810 - HOSPICES CIVILS DE LYON;2-4;11;78;2019;NA;2436;56480,77844039543;NA;NA
690781810 - HOSPICES CIVILS DE LYON;2-4;11;78;2020;NA;1845;55113,96621243770;NA;NA
690781810 - HOSPICES CIVILS DE LYON;2-4;11;78;2021;NA;2358;54062,93723960940;NA;NA
690781810 - HOSPICES CIVILS DE LYON;2-4;11;78;2022;NA;2669;54011,95746154925;NA;NA
690781810 - HOSPICES CIVILS DE LYON;2-4;11;78;2023;NA;1977;53856,79315789552;NA;NA
690781810 - HOSPICES CIVILS DE LYON;2-4;11;78;2024;NA;2356;54209,80251639197;NA;NA
690781810 - HOSPICES CIVILS DE LYON;2-4;11;78;2025;NA;2286;54175,26421943316;NA;NA
690781810 - HOSPICES CIVILS DE LYON;2-4;75;79;2016;NA;740;12163,53701627770;NA;NA
690781810 - HOSPICES CIVILS DE LYON;2-4;75;79;2017;NA;682;11944,18005817511;NA;NA
690781810 - HOSPICES CIVILS DE LYON;2-4;75;79;2018;NA;622;11464,63666457907;NA;NA
690781810 - HOSPICES CIVILS DE LYON;2-4;75;79;2019;NA;556;11124,11487093157;NA;NA
690781810 - HOSPICES CIVILS DE LYON;2-4;75;79;2020;NA;388;11084,15711958205;NA;NA
690781810 - HOSPICES CIVILS DE LYON;2-4;75;79;2021;NA;509;10702,75898714785;NA;NA
690781810 - HOSPICES CIVILS DE LYON;2-4;75;79;2022;NA;558;10723,00711295313;NA;NA
690781810 - HOSPICES CIVILS DE LYON;2-4;75;79;2023;NA;542;10418,73213978345;NA;NA
690781810 - HOSPICES CIVILS DE LYON;2-4;75;79;2024;NA;518;10274,59809059109;NA;NA
690781810 - HOSPICES CIVILS DE LYON;2-4;75;79;2025;NA;459;10079,23571619025;NA;NA
690781810 - HOSPICES CIVILS DE LYON;2-4;32;80;2016;NA;1332;20026,32717038251;NA;NA
690781810 - HOSPICES CIVILS DE LYON;2-4;32;80;2017;NA;1363;19627,49530798034;NA;NA
690781810 - HOSPICES CIVILS DE LYON;2-4;32;80;2018;NA;1207;18882,27935705701;NA;NA
690781810 - HOSPICES CIVILS DE LYON;2-4;32;80;2019;NA;1190;18149,93649383977;NA;NA
690781810 - HOSPICES CIVILS DE LYON;2-4;32;80;2020;NA;799;17725,56953752130;NA;NA
690781810 - HOSPICES CIVILS DE LYON;2-4;32;80;2021;NA;1069;17454,26749097999;NA;NA
690781810 - HOSPICES CIVILS DE LYON;2-4;32;80;2022;NA;1273;17203,41453717325;NA;NA
690781810 - HOSPICES CIVILS DE LYON;2-4;32;80;2023;NA;1121;16829,78966733638;NA;NA
690781810 - HOSPICES CIVILS DE LYON;2-4;32;80;2024;NA;1008;16634,76798161310;NA;NA
690781810 - HOSPICES CIVILS DE LYON;2-4;32;80;2025;NA;893;16454,71640463247;NA;NA
690781810 - HOSPICES CIVILS DE LYON;2-4;76;81;2016;NA;730;11933,60941494441;NA;NA
690781810 - HOSPICES CIVILS DE LYON;2-4;76;81;2017;NA;696;11718,14600174148;NA;NA
690781810 - HOSPICES CIVILS DE LYON;2-4;76;81;2018;NA;704;11563,10367119954;NA;NA
690781810 - HOSPICES CIVILS DE LYON;2-4;76;81;2019;NA;649;11186,35026681946;NA;NA
690781810 - HOSPICES CIVILS DE LYON;2-4;76;81;2020;NA;470;10973,70214081193;NA;NA
690781810 - HOSPICES CIVILS DE LYON;2-4;76;81;2021;NA;554;10707,66204343240;NA;NA
690781810 - HOSPICES CIVILS DE LYON;2-4;76;81;2022;NA;668;10388,46739409239;NA;NA
690781810 - HOSPICES CIVILS DE LYON;2-4;76;81;2023;NA;599;10287,99397407959;NA;NA
690781810 - HOSPICES CIVILS DE LYON;2-4;76;81;2024;NA;679;10246,04374597007;NA;NA
690781810 - HOSPICES CIVILS DE LYON;2-4;76;81;2025;NA;567;10191,60387720159;NA;NA
690781810 - HOSPICES CIVILS DE LYON;2-4;76;82;2016;NA;477;9077,85968561875;NA;NA
690781810 - HOSPICES CIVILS DE LYON;2-4;76;82;2017;NA;477;8859,55225543134;NA;NA
690781810 - HOSPICES CIVILS DE LYON;2-4;76;82;2018;NA;441;8550,62868740467;NA;NA
690781810 - HOSPICES CIVILS DE LYON;2-4;76;82;2019;NA;473;8249,57901135722;NA;NA
690781810 - HOSPICES CIVILS DE LYON;2-4;76;82;2020;NA;328;8267,55516094386;NA;NA
690781810 - HOSPICES CIVILS DE LYON;2-4;76;82;2021;NA;354;8183,81382095775;NA;NA
690781810 - HOSPICES CIVILS DE LYON;2-4;76;82;2022;NA;339;8291,32535392150;NA;NA
690781810 - HOSPICES CIVILS DE LYON;2-4;76;82;2023;NA;440;8175,41183854710;NA;NA
690781810 - HOSPICES CIVILS DE LYON;2-4;76;82;2024;NA;405;8152,26538930237;NA;NA
690781810 - HOSPICES CIVILS DE LYON;2-4;76;82;2025;NA;351;8028,35983896096;NA;NA
690781810 - HOSPICES CIVILS DE LYON;2-4;93;83;2016;NA;2379;32151,33908324533;NA;NA
690781810 - HOSPICES CIVILS DE LYON;2-4;93;83;2017;NA;2333;32362,79456367317;NA;NA
690781810 - HOSPICES CIVILS DE LYON;2-4;93;83;2018;NA;2076;31806,07397599310;NA;NA
690781810 - HOSPICES CIVILS DE LYON;2-4;93;83;2019;NA;2084;31175,00380352523;NA;NA
690781810 - HOSPICES CIVILS DE LYON;2-4;93;83;2020;NA;1405;30758,64339362511;NA;NA
690781810 - HOSPICES CIVILS DE LYON;2-4;93;83;2021;NA;1761;30696,19675149173;NA;NA
690781810 - HOSPICES CIVILS DE LYON;2-4;93;83;2022;NA;1994;30550,75425274327;NA;NA
690781810 - HOSPICES CIVILS DE LYON;2-4;93;83;2023;NA;1754;30458,32705295203;NA;NA
690781810 - HOSPICES CIVILS DE LYON;2-4;93;83;2024;NA;1720;30723,23331897749;NA;NA
690781810 - HOSPICES CIVILS DE LYON;2-4;93;83;2025;NA;1413;30427,28918558430;NA;NA
690781810 - HOSPICES CIVILS DE LYON;2-4;93;84;2016;NA;1081;19948,66545397473;NA;NA
690781810 - HOSPICES CIVILS DE LYON;2-4;93;84;2017;NA;1145;19797,02085030557;NA;NA
690781810 - HOSPICES CIVILS DE LYON;2-4;93;84;2018;NA;1223;19584,47219801920;NA;NA
690781810 - HOSPICES CIVILS DE LYON;2-4;93;84;2019;NA;1076;19253,53643478247;NA;NA
690781810 - HOSPICES CIVILS DE LYON;2-4;93;84;2020;NA;781;18873,68767795965;NA;NA
690781810 - HOSPICES CIVILS DE LYON;2-4;93;84;2021;NA;1118;18543,35886818676;NA;NA
690781810 - HOSPICES CIVILS DE LYON;2-4;93;84;2022;NA;1277;17753,84551884540;NA;NA
690781810 - HOSPICES CIVILS DE LYON;2-4;93;84;2023;NA;1184;17492,64438597512;NA;NA
690781810 - HOSPICES CIVILS DE LYON;2-4;93;84;2024;NA;1172;17330,00419847282;NA;NA
690781810 - HOSPICES CIVILS DE LYON;2-4;93;84;2025;NA;938;16959,43149654932;NA;NA
690781810 - HOSPICES CIVILS DE LYON;2-4;52;85;2016;NA;1341;22112,18634098848;NA;NA
690781810 - HOSPICES CIVILS DE LYON;2-4;52;85;2017;NA;1286;21863,88117611855;NA;NA
690781810 - HOSPICES CIVILS DE LYON;2-4;52;85;2018;NA;1255;21303,33688233771;NA;NA
690781810 - HOSPICES CIVILS DE LYON;2-4;52;85;2019;NA;1172;20828,52328517304;NA;NA
690781810 - HOSPICES CIVILS DE LYON;2-4;52;85;2020;NA;809;20265,42041046323;NA;NA
690781810 - HOSPICES CIVILS DE LYON;2-4;52;85;2021;NA;984;19508,03519217294;NA;NA
690781810 - HOSPICES CIVILS DE LYON;2-4;52;85;2022;NA;1030;19374,55896488007;NA;NA
690781810 - HOSPICES CIVILS DE LYON;2-4;52;85;2023;NA;1000;19021,79218390393;NA;NA
690781810 - HOSPICES CIVILS DE LYON;2-4;52;85;2024;NA;964;18699,37124703758;NA;NA
690781810 - HOSPICES CIVILS DE LYON;2-4;52;85;2025;NA;787;18574,01758661168;NA;NA
690781810 - HOSPICES CIVILS DE LYON;2-4;75;86;2016;NA;834;14113,64106056455;NA;NA
690781810 - HOSPICES CIVILS DE LYON;2-4;75;86;2017;NA;850;14062,02089128155;NA;NA
690781810 - HOSPICES CIVILS DE LYON;2-4;75;86;2018;NA;851;13630,91081022931;NA;NA
690781810 - HOSPICES CIVILS DE LYON;2-4;75;86;2019;NA;721;13222,86495404202;NA;NA
690781810 - HOSPICES CIVILS DE LYON;2-4;75;86;2020;NA;542;13366,89334749797;NA;NA
690781810 - HOSPICES CIVILS DE LYON;2-4;75;86;2021;NA;692;12931,81095051364;NA;NA
690781810 - HOSPICES CIVILS DE LYON;2-4;75;86;2022;NA;659;12439,12859581097;NA;NA
690781810 - HOSPICES CIVILS DE LYON;2-4;75;86;2023;NA;620;12221,57478927923;NA;NA
690781810 - HOSPICES CIVILS DE LYON;2-4;75;86;2024;NA;703;12067,31433549364;NA;NA
690781810 - HOSPICES CIVILS DE LYON;2-4;75;86;2025;NA;575;12008,32710606648;NA;NA
690781810 - HOSPICES CIVILS DE LYON;2-4;75;87;2016;NA;550;11358,17890203318;NA;NA
690781810 - HOSPICES CIVILS DE LYON;2-4;75;87;2017;NA;582;11143,23329298637;NA;NA
690781810 - HOSPICES CIVILS DE LYON;2-4;75;87;2018;NA;624;10855,98747990632;NA;NA
690781810 - HOSPICES CIVILS DE LYON;2-4;75;87;2019;NA;563;10674,29468283097;NA;NA
690781810 - HOSPICES CIVILS DE LYON;2-4;75;87;2020;NA;371;10463,76832215652;NA;NA
690781810 - HOSPICES CIVILS DE LYON;2-4;75;87;2021;NA;445;10143,19768867302;NA;NA
690781810 - HOSPICES CIVILS DE LYON;2-4;75;87;2022;NA;533;9866,16955148348;NA;NA
690781810 - HOSPICES CIVILS DE LYON;2-4;75;87;2023;NA;540;9760,15390320045;NA;NA
690781810 - HOSPICES CIVILS DE LYON;2-4;75;87;2024;NA;554;9794,14020501125;NA;NA
690781810 - HOSPICES CIVILS DE LYON;2-4;75;87;2025;NA;385;9673,70592840632;NA;NA
690781810 - HOSPICES CIVILS DE LYON;2-4;44;88;2016;NA;726;11128,25130069990;NA;NA
690781810 - HOSPICES CIVILS DE LYON;2-4;44;88;2017;NA;682;10903,68633100507;NA;NA
690781810 - HOSPICES CIVILS DE LYON;2-4;44;88;2018;NA;615;10633,20587742752;NA;NA
690781810 - HOSPICES CIVILS DE LYON;2-4;44;88;2019;NA;569;10250,35456034712;NA;NA
690781810 - HOSPICES CIVILS DE LYON;2-4;44;88;2020;NA;446;10188,24451400215;NA;NA
690781810 - HOSPICES CIVILS DE LYON;2-4;44;88;2021;NA;554;10028,58874802155;NA;NA
690781810 - HOSPICES CIVILS DE LYON;2-4;44;88;2022;NA;701;9829,47415270534;NA;NA
690781810 - HOSPICES CIVILS DE LYON;2-4;44;88;2023;NA;554;9549,38443045357;NA;NA
690781810 - HOSPICES CIVILS DE LYON;2-4;44;88;2024;NA;571;9274,57528223305;NA;NA
690781810 - HOSPICES CIVILS DE LYON;2-4;44;88;2025;NA;526;9017,07410484285;NA;NA
690781810 - HOSPICES CIVILS DE LYON;2-4;27;89;2016;NA;744;11205,91301710768;NA;NA
690781810 - HOSPICES CIVILS DE LYON;2-4;27;89;2017;NA;753;10892,01609439573;NA;NA
690781810 - HOSPICES CIVILS DE LYON;2-4;27;89;2018;NA;696;10601,81951906724;NA;NA
690781810 - HOSPICES CIVILS DE LYON;2-4;27;89;2019;NA;626;10054,40549210605;NA;NA
690781810 - HOSPICES CIVILS DE LYON;2-4;27;89;2020;NA;422;10118,28969411440;NA;NA
690781810 - HOSPICES CIVILS DE LYON;2-4;27;89;2021;NA;475;10243,09746047082;NA;NA
690781810 - HOSPICES CIVILS DE LYON;2-4;27;89;2022;NA;597;9767,09197478250;NA;NA
690781810 - HOSPICES CIVILS DE LYON;2-4;27;89;2023;NA;504;9637,96870160806;NA;NA
690781810 - HOSPICES CIVILS DE LYON;2-4;27;89;2024;NA;532;9440,93537698163;NA;NA
690781810 - HOSPICES CIVILS DE LYON;2-4;27;89;2025;NA;569;9256,87654901230;NA;NA
690781810 - HOSPICES CIVILS DE LYON;2-4;27;90;2016;NA;300;5163,58687675074;NA;NA
690781810 - HOSPICES CIVILS DE LYON;2-4;27;90;2017;NA;243;4861,57488226144;NA;NA
690781810 - HOSPICES CIVILS DE LYON;2-4;27;90;2018;NA;233;4762,11060768226;NA;NA
690781810 - HOSPICES CIVILS DE LYON;2-4;27;90;2019;NA;235;4717,56624670980;NA;NA
690781810 - HOSPICES CIVILS DE LYON;2-4;27;90;2020;NA;107;4456,85839337455;NA;NA
690781810 - HOSPICES CIVILS DE LYON;2-4;27;90;2021;NA;196;4401,10589742362;NA;NA
690781810 - HOSPICES CIVILS DE LYON;2-4;27;90;2022;NA;185;4352,07429508780;NA;NA
690781810 - HOSPICES CIVILS DE LYON;2-4;27;90;2023;NA;222;4184,23222853154;NA;NA
690781810 - HOSPICES CIVILS DE LYON;2-4;27;90;2024;NA;198;4070,23560174032;NA;NA
690781810 - HOSPICES CIVILS DE LYON;2-4;27;90;2025;NA;181;3967,41216531654;NA;NA
690781810 - HOSPICES CIVILS DE LYON;2-4;11;91;2016;NA;3053;55328,77510913429;NA;NA
690781810 - HOSPICES CIVILS DE LYON;2-4;11;91;2017;NA;2850;55595,77876096175;NA;NA
690781810 - HOSPICES CIVILS DE LYON;2-4;11;91;2018;NA;2654;54644,26532402731;NA;NA
690781810 - HOSPICES CIVILS DE LYON;2-4;11;91;2019;NA;2556;54187,31167312088;NA;NA
690781810 - HOSPICES CIVILS DE LYON;2-4;11;91;2020;NA;1972;52863,13920061092;NA;NA
690781810 - HOSPICES CIVILS DE LYON;2-4;11;91;2021;NA;2423;51410,38378966518;NA;NA
690781810 - HOSPICES CIVILS DE LYON;2-4;11;91;2022;NA;2511;51664,06352972770;NA;NA
690781810 - HOSPICES CIVILS DE LYON;2-4;11;91;2023;NA;2316;51500,45154518620;NA;NA
690781810 - HOSPICES CIVILS DE LYON;2-4;11;91;2024;NA;2228;51810,61682160375;NA;NA
690781810 - HOSPICES CIVILS DE LYON;2-4;11;91;2025;NA;2089;51627,20631136040;NA;NA
690781810 - HOSPICES CIVILS DE LYON;2-4;11;92;2016;NA;3010;66579,32832543700;NA;NA
690781810 - HOSPICES CIVILS DE LYON;2-4;11;92;2017;NA;2816;66301,68529258740;NA;NA
690781810 - HOSPICES CIVILS DE LYON;2-4;11;92;2018;NA;2488;66283,68092535771;NA;NA
690781810 - HOSPICES CIVILS DE LYON;2-4;11;92;2019;NA;2422;66549,97254142532;NA;NA
690781810 - HOSPICES CIVILS DE LYON;2-4;11;92;2020;NA;1759;62967,92884176454;NA;NA
690781810 - HOSPICES CIVILS DE LYON;2-4;11;92;2021;NA;2297;59962,53971400013;NA;NA
690781810 - HOSPICES CIVILS DE LYON;2-4;11;92;2022;NA;2221;58126,12325455875;NA;NA
690781810 - HOSPICES CIVILS DE LYON;2-4;11;92;2023;NA;2062;56985,95617067673;NA;NA
690781810 - HOSPICES CIVILS DE LYON;2-4;11;92;2024;NA;2093;56830,59475530422;NA;NA
690781810 - HOSPICES CIVILS DE LYON;2-4;11;92;2025;NA;1959;56008,93683571317;NA;NA
690781810 - HOSPICES CIVILS DE LYON;2-4;11;93;2016;NA;4294;80487,50216778883;NA;NA
690781810 - HOSPICES CIVILS DE LYON;2-4;11;93;2017;NA;3721;81435,52528299039;NA;NA
690781810 - HOSPICES CIVILS DE LYON;2-4;11;93;2018;NA;3894;81074,65615733438;NA;NA
690781810 - HOSPICES CIVILS DE LYON;2-4;11;93;2019;NA;3540;80866,57836379413;NA;NA
690781810 - HOSPICES CIVILS DE LYON;2-4;11;93;2020;NA;2928;77301,91689227206;NA;NA
690781810 - HOSPICES CIVILS DE LYON;2-4;11;93;2021;NA;3639;73461,87942945099;NA;NA
690781810 - HOSPICES CIVILS DE LYON;2-4;11;93;2022;NA;3656;71116,90601200114;NA;NA
690781810 - HOSPICES CIVILS DE LYON;2-4;11;93;2023;NA;3338;69943,08587354218;NA;NA
690781810 - HOSPICES CIVILS DE LYON;2-4;11;93;2024;NA;3480;69884,27547346760;NA;NA
690781810 - HOSPICES CIVILS DE LYON;2-4;11;93;2025;NA;3009;69009,11698310878;NA;NA
690781810 - HOSPICES CIVILS DE LYON;2-4;11;94;2016;NA;2859;58287,86995714434;NA;NA
690781810 - HOSPICES CIVILS DE LYON;2-4;11;94;2017;NA;2767;58805,09382853168;NA;NA
690781810 - HOSPICES CIVILS DE LYON;2-4;11;94;2018;NA;2650;58948,50435092441;NA;NA
690781810 - HOSPICES CIVILS DE LYON;2-4;11;94;2019;NA;2723;58901,18076759973;NA;NA
690781810 - HOSPICES CIVILS DE LYON;2-4;11;94;2020;NA;1945;55828,24174181784;NA;NA
690781810 - HOSPICES CIVILS DE LYON;2-4;11;94;2021;NA;2474;53184,67728263850;NA;NA
690781810 - HOSPICES CIVILS DE LYON;2-4;11;94;2022;NA;2530;52055,48111669457;NA;NA
690781810 - HOSPICES CIVILS DE LYON;2-4;11;94;2023;NA;2308;50853,48090275447;NA;NA
690781810 - HOSPICES CIVILS DE LYON;2-4;11;94;2024;NA;2424;50448,69873250534;NA;NA
690781810 - HOSPICES CIVILS DE LYON;2-4;11;94;2025;NA;1991;49462,07900785143;NA;NA
690781810 - HOSPICES CIVILS DE LYON;2-4;11;95;2016;NA;3344;56167,15474059158;NA;NA
690781810 - HOSPICES CIVILS DE LYON;2-4;11;95;2017;NA;2945;56467,36116878601;NA;NA
690781810 - HOSPICES CIVILS DE LYON;2-4;11;95;2018;NA;3006;56316,35818020109;NA;NA
690781810 - HOSPICES CIVILS DE LYON;2-4;11;95;2019;NA;2933;56045,74686121868;NA;NA
690781810 - HOSPICES CIVILS DE LYON;2-4;11;95;2020;NA;2200;54311,94033881240;NA;NA
690781810 - HOSPICES CIVILS DE LYON;2-4;11;95;2021;NA;3081;53385,70259030526;NA;NA
690781810 - HOSPICES CIVILS DE LYON;2-4;11;95;2022;NA;3443;52571,66305950712;NA;NA
690781810 - HOSPICES CIVILS DE LYON;2-4;11;95;2023;NA;3099;52102,21366302874;NA;NA
690781810 - HOSPICES CIVILS DE LYON;2-4;11;95;2024;NA;3052;52099,88474754717;NA;NA
690781810 - HOSPICES CIVILS DE LYON;2-4;11;95;2025;NA;2795;50889,59408125804;NA;NA
690781810 - HOSPICES CIVILS DE LYON;2-4;NA;NA;2016;NA;NA;NA;NA;NA
690781810 - HOSPICES CIVILS DE LYON;2-4;NA;NA;2017;NA;NA;NA;NA;NA
690781810 - HOSPICES CIVILS DE LYON;2-4;NA;NA;2018;NA;NA;NA;NA;NA
690781810 - HOSPICES CIVILS DE LYON;2-4;NA;NA;2019;NA;NA;NA;NA;NA
690781810 - HOSPICES CIVILS DE LYON;2-4;NA;NA;2020;NA;NA;NA;NA;NA
690781810 - HOSPICES CIVILS DE LYON;2-4;NA;NA;2021;NA;NA;NA;NA;NA
690781810 - HOSPICES CIVILS DE LYON;2-4;NA;NA;2022;NA;NA;NA;NA;NA
690781810 - HOSPICES CIVILS DE LYON;2-4;NA;NA;2023;NA;NA;NA;NA;NA
690781810 - HOSPICES CIVILS DE LYON;2-4;NA;NA;2024;NA;NA;NA;NA;NA
690781810 - HOSPICES CIVILS DE LYON;2-4;NA;NA;2025;NA;NA;NA;NA;NA
690781810 - HOSPICES CIVILS DE LYON;5-17;32;02;2016;NA;4022;91226,51324857623;NA;NA
690781810 - HOSPICES CIVILS DE LYON;5-17;32;02;2017;NA;3990;91085,16274514291;NA;NA
690781810 - HOSPICES CIVILS DE LYON;5-17;32;02;2018;NA;3862;91173,38559249697;NA;NA
690781810 - HOSPICES CIVILS DE LYON;5-17;32;02;2019;NA;3743;90977,99374417563;NA;NA
690781810 - HOSPICES CIVILS DE LYON;5-17;32;02;2020;NA;3126;89482,87183908749;NA;NA
690781810 - HOSPICES CIVILS DE LYON;5-17;32;02;2021;NA;3270;88848,45572685530;NA;NA
690781810 - HOSPICES CIVILS DE LYON;5-17;32;02;2022;NA;3355;88044,16503840704;NA;NA
690781810 - HOSPICES CIVILS DE LYON;5-17;32;02;2023;NA;3170;87215,77315956821;NA;NA
690781810 - HOSPICES CIVILS DE LYON;5-17;32;02;2024;NA;3725;86260,72943346159;NA;NA
690781810 - HOSPICES CIVILS DE LYON;5-17;32;02;2025;NA;3494;85123,82060249064;NA;NA
690781810 - HOSPICES CIVILS DE LYON;5-17;93;04;2016;NA;945;23930,25208418588;NA;NA
690781810 - HOSPICES CIVILS DE LYON;5-17;93;04;2017;NA;1013;23757,48663813817;NA;NA
690781810 - HOSPICES CIVILS DE LYON;5-17;93;04;2018;NA;945;23598,22277977618;NA;NA
690781810 - HOSPICES CIVILS DE LYON;5-17;93;04;2019;NA;955;23785,22286383671;NA;NA
690781810 - HOSPICES CIVILS DE LYON;5-17;93;04;2020;NA;769;23570,11513745309;NA;NA
690781810 - HOSPICES CIVILS DE LYON;5-17;93;04;2021;NA;814;23523,86004933373;NA;NA
690781810 - HOSPICES CIVILS DE LYON;5-17;93;04;2022;NA;808;23444,90948973272;NA;NA
690781810 - HOSPICES CIVILS DE LYON;5-17;93;04;2023;NA;845;23472,71174174747;NA;NA
690781810 - HOSPICES CIVILS DE LYON;5-17;93;04;2024;NA;933;23601,96726946148;NA;NA
690781810 - HOSPICES CIVILS DE LYON;5-17;93;04;2025;NA;793;23538,01547839923;NA;NA
690781810 - HOSPICES CIVILS DE LYON;5-17;93;05;2017;NA;916;21073,07348909586;NA;NA
690781810 - HOSPICES CIVILS DE LYON;5-17;93;05;2018;NA;917;20881,19566870468;NA;NA
690781810 - HOSPICES CIVILS DE LYON;5-17;93;05;2019;NA;850;20972,57337663067;NA;NA
690781810 - HOSPICES CIVILS DE LYON;5-17;93;05;2020;NA;793;20261,34489730439;NA;NA
690781810 - HOSPICES CIVILS DE LYON;5-17;93;05;2022;NA;740;19578,87796645342;NA;NA
690781810 - HOSPICES CIVILS DE LYON;5-17;93;05;2023;NA;829;19175,22961488711;NA;NA
690781810 - HOSPICES CIVILS DE LYON;5-17;93;05;2024;NA;909;18973,44481156657;NA;NA
690781810 - HOSPICES CIVILS DE LYON;5-17;93;05;2025;NA;796;18668,12370536291;NA;NA
690781810 - HOSPICES CIVILS DE LYON;5-17;93;06;2017;NA;6216;152160,32536671319;NA;NA
690781810 - HOSPICES CIVILS DE LYON;5-17;93;06;2018;NA;5991;152767,67380500233;NA;NA
690781810 - HOSPICES CIVILS DE LYON;5-17;93;06;2019;NA;5765;154338,58854125993;NA;NA
690781810 - HOSPICES CIVILS DE LYON;5-17;93;06;2020;NA;5101;154485,57411019033;NA;NA
690781810 - HOSPICES CIVILS DE LYON;5-17;93;06;2021;NA;5462;155182,82240360661;NA;NA
690781810 - HOSPICES CIVILS DE LYON;5-17;93;06;2022;NA;5701;156208,56381664489;NA;NA
690781810 - HOSPICES CIVILS DE LYON;5-17;93;06;2023;NA;5704;156312,36590024887;NA;NA
690781810 - HOSPICES CIVILS DE LYON;5-17;93;06;2024;NA;6190;156124,92078662690;NA;NA
690781810 - HOSPICES CIVILS DE LYON;5-17;93;06;2025;NA;5862;156038,21139647599;NA;NA
690781810 - HOSPICES CIVILS DE LYON;5-17;44;08;2016;NA;2365;44449,72570898150;NA;NA
690781810 - HOSPICES CIVILS DE LYON;5-17;44;08;2017;NA;2139;43906,35163733724;NA;NA
690781810 - HOSPICES CIVILS DE LYON;5-17;44;08;2018;NA;2199;43521,08452041211;NA;NA
690781810 - HOSPICES CIVILS DE LYON;5-17;44;08;2019;NA;1922;43247,32841244079;NA;NA
690781810 - HOSPICES CIVILS DE LYON;5-17;44;08;2020;NA;1428;42762,10772275687;NA;NA
690781810 - HOSPICES CIVILS DE LYON;5-17;44;08;2021;NA;1616;42241,69010089576;NA;NA
690781810 - HOSPICES CIVILS DE LYON;5-17;44;08;2022;NA;1644;42241,97388515825;NA;NA
690781810 - HOSPICES CIVILS DE LYON;5-17;44;08;2023;NA;1621;41681,37369367945;NA;NA
690781810 - HOSPICES CIVILS DE LYON;5-17;44;08;2024;NA;1580;41275,07467855256;NA;NA
690781810 - HOSPICES CIVILS DE LYON;5-17;44;08;2025;NA;1666;40882,82744116888;NA;NA
690781810 - HOSPICES CIVILS DE LYON;5-17;76;09;2016;NA;897;21977,08343704677;NA;NA
690781810 - HOSPICES CIVILS DE LYON;5-17;76;09;2017;NA;860;21827,55998535436;NA;NA
690781810 - HOSPICES CIVILS DE LYON;5-17;76;09;2018;NA;822;21563,02174737392;NA;NA
690781810 - HOSPICES CIVILS DE LYON;5-17;76;09;2019;NA;811;21610,59903541590;NA;NA
690781810 - HOSPICES CIVILS DE LYON;5-17;76;09;2020;NA;693;21852,64959888792;NA;NA
690781810 - HOSPICES CIVILS DE LYON;5-17;76;09;2021;NA;672;21812,57147411885;NA;NA
690781810 - HOSPICES CIVILS DE LYON;5-17;76;09;2022;NA;679;21808,20969692646;NA;NA
690781810 - HOSPICES CIVILS DE LYON;5-17;76;09;2023;NA;766;21755,47917120293;NA;NA
690781810 - HOSPICES CIVILS DE LYON;5-17;76;09;2024;NA;808;21745,68797330110;NA;NA
690781810 - HOSPICES CIVILS DE LYON;5-17;76;09;2025;NA;676;21735,97978267124;NA;NA
690781810 - HOSPICES CIVILS DE LYON;5-17;44;10;2016;NA;1973;50455,11827759680;NA;NA
690781810 - HOSPICES CIVILS DE LYON;5-17;44;10;2017;NA;1989;51107,63739673677;NA;NA
690781810 - HOSPICES CIVILS DE LYON;5-17;44;10;2018;NA;1859;51304,03367607416;NA;NA
690781810 - HOSPICES CIVILS DE LYON;5-17;44;10;2019;NA;1878;51190,52623227115;NA;NA
690781810 - HOSPICES CIVILS DE LYON;5-17;44;10;2020;NA;1595;51678,43355555151;NA;NA
690781810 - HOSPICES CIVILS DE LYON;5-17;44;10;2021;NA;1492;51290,01748286717;NA;NA
690781810 - HOSPICES CIVILS DE LYON;5-17;44;10;2022;NA;1516;51019,82924836336;NA;NA
690781810 - HOSPICES CIVILS DE LYON;5-17;44;10;2023;NA;1552;50828,96418660884;NA;NA
690781810 - HOSPICES CIVILS DE LYON;5-17;44;10;2024;NA;1695;50566,29537315253;NA;NA
690781810 - HOSPICES CIVILS DE LYON;5-17;44;10;2025;NA;1530;50433,33752010945;NA;NA
690781810 - HOSPICES CIVILS DE LYON;5-17;76;11;2016;NA;2207;54475,87763298418;NA;NA
690781810 - HOSPICES CIVILS DE LYON;5-17;76;11;2017;NA;2261;55133,15479988101;NA;NA
690781810 - HOSPICES CIVILS DE LYON;5-17;76;11;2018;NA;2072;55618,72008130905;NA;NA
690781810 - HOSPICES CIVILS DE LYON;5-17;76;11;2019;NA;2058;55581,29360183336;NA;NA
690781810 - HOSPICES CIVILS DE LYON;5-17;76;11;2020;NA;1724;54938,59273917207;NA;NA
690781810 - HOSPICES CIVILS DE LYON;5-17;76;11;2021;NA;1703;54248,21584569538;NA;NA
690781810 - HOSPICES CIVILS DE LYON;5-17;76;11;2022;NA;1902;53683,61882836641;NA;NA
690781810 - HOSPICES CIVILS DE LYON;5-17;76;11;2023;NA;1932;53328,24596657530;NA;NA
690781810 - HOSPICES CIVILS DE LYON;5-17;76;11;2024;NA;2107;52965,99556866354;NA;NA
690781810 - HOSPICES CIVILS DE LYON;5-17;76;11;2025;NA;1975;52516,30392413016;NA;NA
690781810 - HOSPICES CIVILS DE LYON;5-17;76;12;2016;NA;1284;39447,31550920932;NA;NA
690781810 - HOSPICES CIVILS DE LYON;5-17;76;12;2017;NA;1247;39295,93461635277;NA;NA
690781810 - HOSPICES CIVILS DE LYON;5-17;76;12;2018;NA;1332;39236,92487273116;NA;NA
690781810 - HOSPICES CIVILS DE LYON;5-17;76;12;2019;NA;1150;39219,00321211993;NA;NA
690781810 - HOSPICES CIVILS DE LYON;5-17;76;12;2020;NA;1045;38758,88560970058;NA;NA
690781810 - HOSPICES CIVILS DE LYON;5-17;76;12;2021;NA;1066;38347,97490326635;NA;NA
690781810 - HOSPICES CIVILS DE LYON;5-17;76;12;2022;NA;1018;38122,86285654995;NA;NA
690781810 - HOSPICES CIVILS DE LYON;5-17;76;12;2023;NA;1052;37916,24423210573;NA;NA
690781810 - HOSPICES CIVILS DE LYON;5-17;76;12;2024;NA;1168;37852,77731702720;NA;NA
690781810 - HOSPICES CIVILS DE LYON;5-17;76;12;2025;NA;1088;37526,44220737092;NA;NA
690781810 - HOSPICES CIVILS DE LYON;5-17;93;13;2023;NA;10725;315763,19693487562;NA;NA
690781810 - HOSPICES CIVILS DE LYON;5-17;93;13;2024;NA;11416;313844,78932487720;NA;NA
690781810 - HOSPICES CIVILS DE LYON;5-17;93;13;2025;NA;10503;312229,35834072146;NA;NA
690781810 - HOSPICES CIVILS DE LYON;5-17;28;14;2016;NA;4645;113634,84977789584;NA;NA
690781810 - HOSPICES CIVILS DE LYON;5-17;28;14;2017;NA;4766;112592,29809377789;NA;NA
690781810 - HOSPICES CIVILS DE LYON;5-17;28;14;2018;NA;4653;112232,78620999448;NA;NA
690781810 - HOSPICES CIVILS DE LYON;5-17;28;14;2019;NA;4460;110534,98397757453;NA;NA
690781810 - HOSPICES CIVILS DE LYON;5-17;28;14;2020;NA;3666;110420,96008399433;NA;NA
690781810 - HOSPICES CIVILS DE LYON;5-17;28;14;2021;NA;3893;109957,16502910218;NA;NA
690781810 - HOSPICES CIVILS DE LYON;5-17;28;14;2022;NA;3937;109495,16223691421;NA;NA
690781810 - HOSPICES CIVILS DE LYON;5-17;28;14;2023;NA;4095;108822,63777996844;NA;NA
690781810 - HOSPICES CIVILS DE LYON;5-17;28;14;2024;NA;4042;108247,64298359408;NA;NA
690781810 - HOSPICES CIVILS DE LYON;5-17;28;14;2025;NA;3752;107428,69537791073;NA;NA
690781810 - HOSPICES CIVILS DE LYON;5-17;84;15;2016;NA;1013;19060,61287950738;NA;NA
690781810 - HOSPICES CIVILS DE LYON;5-17;84;15;2017;NA;902;19103,60630220371;NA;NA
690781810 - HOSPICES CIVILS DE LYON;5-17;84;15;2018;NA;926;18993,58988964914;NA;NA
690781810 - HOSPICES CIVILS DE LYON;5-17;84;15;2020;NA;666;18811,31446593720;NA;NA
690781810 - HOSPICES CIVILS DE LYON;5-17;84;15;2021;NA;755;18528,67773813824;NA;NA
690781810 - HOSPICES CIVILS DE LYON;5-17;84;15;2022;NA;722;18474,81353860321;NA;NA
690781810 - HOSPICES CIVILS DE LYON;5-17;84;15;2023;NA;756;18254,97185252684;NA;NA
690781810 - HOSPICES CIVILS DE LYON;5-17;84;15;2024;NA;784;18250,36912774002;NA;NA
690781810 - HOSPICES CIVILS DE LYON;5-17;84;15;2025;NA;637;18029,16973983960;NA;NA
690781810 - HOSPICES CIVILS DE LYON;5-17;75;16;2016;NA;1711;50645,38345283733;NA;NA
690781810 - HOSPICES CIVILS DE LYON;5-17;75;16;2017;NA;1680;50402,54087736562;NA;NA
690781810 - HOSPICES CIVILS DE LYON;5-17;75;16;2018;NA;1583;50513,50192495860;NA;NA
690781810 - HOSPICES CIVILS DE LYON;5-17;75;16;2019;NA;1543;50481,04668527138;NA;NA
690781810 - HOSPICES CIVILS DE LYON;5-17;75;16;2020;NA;1274;50365,51697075929;NA;NA
690781810 - HOSPICES CIVILS DE LYON;5-17;75;16;2021;NA;1296;49571,58026605922;NA;NA
690781810 - HOSPICES CIVILS DE LYON;5-17;75;16;2022;NA;1227;49022,95262429192;NA;NA
690781810 - HOSPICES CIVILS DE LYON;5-17;75;16;2023;NA;1221;48642,28815087350;NA;NA
690781810 - HOSPICES CIVILS DE LYON;5-17;75;16;2024;NA;1327;48285,93795389784;NA;NA
690781810 - HOSPICES CIVILS DE LYON;5-17;75;16;2025;NA;1189;48062,78252665602;NA;NA
690781810 - HOSPICES CIVILS DE LYON;5-17;75;17;2016;NA;4031;91234,27746576305;NA;NA
690781810 - HOSPICES CIVILS DE LYON;5-17;75;17;2017;NA;3939;91582,87707270189;NA;NA
690781810 - HOSPICES CIVILS DE LYON;5-17;75;17;2018;NA;3543;91241,83421511293;NA;NA
690781810 - HOSPICES CIVILS DE LYON;5-17;75;17;2019;NA;3624;91437,19639965119;NA;NA
690781810 - HOSPICES CIVILS DE LYON;5-17;75;17;2020;NA;3062;91431,24796901095;NA;NA
690781810 - HOSPICES CIVILS DE LYON;5-17;75;17;2021;NA;3054;90598,93080720872;NA;NA
690781810 - HOSPICES CIVILS DE LYON;5-17;75;17;2022;NA;3042;90192,78942436456;NA;NA
690781810 - HOSPICES CIVILS DE LYON;5-17;75;17;2023;NA;3056;89861,45445911295;NA;NA
690781810 - HOSPICES CIVILS DE LYON;5-17;75;17;2024;NA;3074;89507,37737690014;NA;NA
690781810 - HOSPICES CIVILS DE LYON;5-17;75;17;2025;NA;2792;89094,88035542339;NA;NA
690781810 - HOSPICES CIVILS DE LYON;5-17;24;18;2016;NA;1981;44749,39418452317;NA;NA
690781810 - HOSPICES CIVILS DE LYON;5-17;24;18;2017;NA;1725;43871,51380123115;NA;NA
690781810 - HOSPICES CIVILS DE LYON;5-17;24;18;2018;NA;1670;43526,35655092743;NA;NA
690781810 - HOSPICES CIVILS DE LYON;5-17;24;18;2019;NA;1584;43426,38382537685;NA;NA
690781810 - HOSPICES CIVILS DE LYON;5-17;24;18;2020;NA;1291;43394,20273692088;NA;NA
690781810 - HOSPICES CIVILS DE LYON;5-17;24;18;2021;NA;1424;43507,79552271765;NA;NA
690781810 - HOSPICES CIVILS DE LYON;5-17;24;18;2022;NA;1417;43404,34811142419;NA;NA
690781810 - HOSPICES CIVILS DE LYON;5-17;24;18;2023;NA;1585;43061,37837709526;NA;NA
690781810 - HOSPICES CIVILS DE LYON;5-17;24;18;2024;NA;1424;42849,98776300665;NA;NA
690781810 - HOSPICES CIVILS DE LYON;5-17;24;18;2025;NA;1459;42717,54121554974;NA;NA
690781810 - HOSPICES CIVILS DE LYON;5-17;75;19;2016;NA;1563;33466,13657364576;NA;NA
690781810 - HOSPICES CIVILS DE LYON;5-17;75;19;2017;NA;1630;33281,35543147440;NA;NA
690781810 - HOSPICES CIVILS DE LYON;5-17;75;19;2018;NA;1608;33729,73935959939;NA;NA
690781810 - HOSPICES CIVILS DE LYON;5-17;75;19;2019;NA;1488;33394,22133562212;NA;NA
690781810 - HOSPICES CIVILS DE LYON;5-17;75;19;2020;NA;1220;32553,55316346162;NA;NA
690781810 - HOSPICES CIVILS DE LYON;5-17;75;19;2021;NA;1344;32111,95088484629;NA;NA
690781810 - HOSPICES CIVILS DE LYON;5-17;75;19;2022;NA;1311;31706,54209859050;NA;NA
690781810 - HOSPICES CIVILS DE LYON;5-17;75;19;2023;NA;1296;31516,33387122272;NA;NA
690781810 - HOSPICES CIVILS DE LYON;5-17;75;19;2024;NA;1324;31563,91599309613;NA;NA
690781810 - HOSPICES CIVILS DE LYON;5-17;75;19;2025;NA;1255;31288,28456622318;NA;NA
690781810 - HOSPICES CIVILS DE LYON;5-17;53;22;2016;NA;3879;93630,27373361475;NA;NA
690781810 - HOSPICES CIVILS DE LYON;5-17;53;22;2017;NA;3737;93248,09711892721;NA;NA
690781810 - HOSPICES CIVILS DE LYON;5-17;53;22;2018;NA;3631;93568,21987408328;NA;NA
690781810 - HOSPICES CIVILS DE LYON;5-17;53;22;2019;NA;3614;93365,60938186527;NA;NA
690781810 - HOSPICES CIVILS DE LYON;5-17;53;22;2020;NA;3124;92650,30033284113;NA;NA
690781810 - HOSPICES CIVILS DE LYON;5-17;53;22;2021;NA;3481;91667,39739866246;NA;NA
690781810 - HOSPICES CIVILS DE LYON;5-17;53;22;2022;NA;3459;91131,68798697824;NA;NA
690781810 - HOSPICES CIVILS DE LYON;5-17;53;22;2023;NA;3601;90812,83524502801;NA;NA
690781810 - HOSPICES CIVILS DE LYON;5-17;53;22;2024;NA;3508;90942,36907599798;NA;NA
690781810 - HOSPICES CIVILS DE LYON;5-17;53;22;2025;NA;3351;90322,73175324980;NA;NA
690781810 - HOSPICES CIVILS DE LYON;5-17;75;23;2016;NA;795;14936,25795407229;NA;NA
690781810 - HOSPICES CIVILS DE LYON;5-17;75;23;2017;NA;705;15060,13909700451;NA;NA
690781810 - HOSPICES CIVILS DE LYON;5-17;75;23;2018;NA;601;14857,45093432882;NA;NA
690781810 - HOSPICES CIVILS DE LYON;5-17;75;23;2019;NA;622;14715,72419506755;NA;NA
690781810 - HOSPICES CIVILS DE LYON;5-17;75;23;2020;NA;496;14488,80359032644;NA;NA
690781810 - HOSPICES CIVILS DE LYON;5-17;75;23;2021;NA;598;14327,90683992207;NA;NA
690781810 - HOSPICES CIVILS DE LYON;5-17;75;23;2022;NA;533;14156,30360854326;NA;NA
690781810 - HOSPICES CIVILS DE LYON;5-17;75;23;2023;NA;528;14122,66195864317;NA;NA
690781810 - HOSPICES CIVILS DE LYON;5-17;75;23;2024;NA;507;14105,20116197847;NA;NA
690781810 - HOSPICES CIVILS DE LYON;5-17;75;23;2025;NA;485;14023,03115642504;NA;NA
690781810 - HOSPICES CIVILS DE LYON;5-17;75;24;2016;NA;2447;56252,82925811812;NA;NA
690781810 - HOSPICES CIVILS DE LYON;5-17;75;24;2017;NA;2311;55463,10847387812;NA;NA
690781810 - HOSPICES CIVILS DE LYON;5-17;75;24;2018;NA;2279;55351,41005495637;NA;NA
690781810 - HOSPICES CIVILS DE LYON;5-17;75;24;2019;NA;2037;55121,61732159498;NA;NA
690781810 - HOSPICES CIVILS DE LYON;5-17;75;24;2020;NA;1617;54005,73722378437;NA;NA
690781810 - HOSPICES CIVILS DE LYON;5-17;75;24;2021;NA;1755;53475,68526678236;NA;NA
690781810 - HOSPICES CIVILS DE LYON;5-17;75;24;2022;NA;1840;53511,87790808899;NA;NA
690781810 - HOSPICES CIVILS DE LYON;5-17;75;24;2023;NA;1999;53306,76969062909;NA;NA
690781810 - HOSPICES CIVILS DE LYON;5-17;75;24;2024;NA;2143;53179,08980570863;NA;NA
690781810 - HOSPICES CIVILS DE LYON;5-17;75;24;2025;NA;1926;52720,74133165608;NA;NA
690781810 - HOSPICES CIVILS DE LYON;5-17;28;27;2016;NA;4429;106250,81584536628;NA;NA
690781810 - HOSPICES CIVILS DE LYON;5-17;28;27;2017;NA;4103;105829,20914437402;NA;NA
690781810 - HOSPICES CIVILS DE LYON;5-17;28;27;2018;NA;3938;105071,81655257920;NA;NA
690781810 - HOSPICES CIVILS DE LYON;5-17;28;27;2019;NA;3913;105124,11828904838;NA;NA
690781810 - HOSPICES CIVILS DE LYON;5-17;28;27;2020;NA;2970;104104,03538820954;NA;NA
690781810 - HOSPICES CIVILS DE LYON;5-17;28;27;2021;NA;3309;103157,80199009264;NA;NA
690781810 - HOSPICES CIVILS DE LYON;5-17;28;27;2022;NA;3354;103240,30758380970;NA;NA
690781810 - HOSPICES CIVILS DE LYON;5-17;28;27;2023;NA;3458;102459,48023132226;NA;NA
690781810 - HOSPICES CIVILS DE LYON;5-17;28;27;2024;NA;3526;102184,23235503913;NA;NA
690781810 - HOSPICES CIVILS DE LYON;5-17;28;27;2025;NA;3167;101281,56489331721;NA;NA
690781810 - HOSPICES CIVILS DE LYON;5-17;24;28;2016;NA;2908;74011,79863597311;NA;NA
690781810 - HOSPICES CIVILS DE LYON;5-17;24;28;2017;NA;2788;73869,25140621066;NA;NA
690781810 - HOSPICES CIVILS DE LYON;5-17;24;28;2018;NA;2637;74038,58771314920;NA;NA
690781810 - HOSPICES CIVILS DE LYON;5-17;24;28;2019;NA;2639;74347,84245392588;NA;NA
690781810 - HOSPICES CIVILS DE LYON;5-17;24;28;2020;NA;2104;73892,89601949330;NA;NA
690781810 - HOSPICES CIVILS DE LYON;5-17;24;28;2021;NA;2123;73144,87879549715;NA;NA
690781810 - HOSPICES CIVILS DE LYON;5-17;24;28;2022;NA;2214;73368,85937738119;NA;NA
690781810 - HOSPICES CIVILS DE LYON;5-17;24;28;2023;NA;2359;73083,60329514417;NA;NA
690781810 - HOSPICES CIVILS DE LYON;5-17;24;28;2024;NA;2427;72994,51899487384;NA;NA
690781810 - HOSPICES CIVILS DE LYON;5-17;24;28;2025;NA;2246;72613,37513577544;NA;NA
690781810 - HOSPICES CIVILS DE LYON;5-17;53;29;2016;NA;5612;141931,23603336336;NA;NA
690781810 - HOSPICES CIVILS DE LYON;5-17;53;29;2017;NA;5480;141359,64576763770;NA;NA
690781810 - HOSPICES CIVILS DE LYON;5-17;53;29;2018;NA;5387;140572,38394350366;NA;NA
690781810 - HOSPICES CIVILS DE LYON;5-17;53;29;2019;NA;5262;139659,26800342818;NA;NA
690781810 - HOSPICES CIVILS DE LYON;5-17;53;29;2020;NA;4546;138696,36026393945;NA;NA
690781810 - HOSPICES CIVILS DE LYON;5-17;53;29;2021;NA;5122;138318,77478786523;NA;NA
690781810 - HOSPICES CIVILS DE LYON;5-17;53;29;2022;NA;4984;137414,37809777338;NA;NA
690781810 - HOSPICES CIVILS DE LYON;5-17;53;29;2023;NA;5116;136587,62485695226;NA;NA
690781810 - HOSPICES CIVILS DE LYON;5-17;53;29;2024;NA;5302;135533,21083774065;NA;NA
690781810 - HOSPICES CIVILS DE LYON;5-17;53;29;2025;NA;4755;134540,13162584108;NA;NA
690781810 - HOSPICES CIVILS DE LYON;5-17;94;2A;2016;NA;1055;20442,20019880222;NA;NA
690781810 - HOSPICES CIVILS DE LYON;5-17;94;2A;2017;NA;941;20821,65264193689;NA;NA
690781810 - HOSPICES CIVILS DE LYON;5-17;94;2A;2018;NA;1073;21395,07865136570;NA;NA
690781810 - HOSPICES CIVILS DE LYON;5-17;94;2A;2020;NA;654;21608,39498776308;NA;NA
690781810 - HOSPICES CIVILS DE LYON;5-17;94;2A;2021;NA;641;21888,32339005550;NA;NA
690781810 - HOSPICES CIVILS DE LYON;5-17;94;2A;2022;NA;691;22783,93553972510;NA;NA
690781810 - HOSPICES CIVILS DE LYON;5-17;94;2A;2023;NA;758;23432,68596953816;NA;NA
690781810 - HOSPICES CIVILS DE LYON;5-17;94;2A;2024;NA;970;24250,04979062952;NA;NA
690781810 - HOSPICES CIVILS DE LYON;5-17;94;2A;2025;NA;851;24958,04035539403;NA;NA
690781810 - HOSPICES CIVILS DE LYON;5-17;94;2B;2016;NA;1002;24584,87444416378;NA;NA
690781810 - HOSPICES CIVILS DE LYON;5-17;94;2B;2017;NA;977;24527,93452939426;NA;NA
690781810 - HOSPICES CIVILS DE LYON;5-17;94;2B;2018;NA;871;25037,29145509748;NA;NA
690781810 - HOSPICES CIVILS DE LYON;5-17;94;2B;2019;NA;818;24880,37254802648;NA;NA
690781810 - HOSPICES CIVILS DE LYON;5-17;94;2B;2020;NA;644;24508,35690960089;NA;NA
690781810 - HOSPICES CIVILS DE LYON;5-17;94;2B;2021;NA;671;25344,84955595387;NA;NA
690781810 - HOSPICES CIVILS DE LYON;5-17;94;2B;2022;NA;643;24790,74909778313;NA;NA
690781810 - HOSPICES CIVILS DE LYON;5-17;94;2B;2023;NA;675;24736,43874150786;NA;NA
690781810 - HOSPICES CIVILS DE LYON;5-17;94;2B;2024;NA;753;24435,02488422718;NA;NA
690781810 - HOSPICES CIVILS DE LYON;5-17;94;2B;2025;NA;666;24025,69161729823;NA;NA
690781810 - HOSPICES CIVILS DE LYON;5-17;76;30;2020;NA;3269;116171,71975853748;NA;NA
690781810 - HOSPICES CIVILS DE LYON;5-17;76;30;2021;NA;3568;116631,49955270790;NA;NA
690781810 - HOSPICES CIVILS DE LYON;5-17;76;30;2022;NA;3777;116870,01967854166;NA;NA
690781810 - HOSPICES CIVILS DE LYON;5-17;76;30;2023;NA;3787;116868,84575251321;NA;NA
690781810 - HOSPICES CIVILS DE LYON;5-17;76;30;2024;NA;4210;116877,14054247837;NA;NA
690781810 - HOSPICES CIVILS DE LYON;5-17;76;30;2025;NA;3913;116942,60960820348;NA;NA
690781810 - HOSPICES CIVILS DE LYON;5-17;76;31;2016;NA;7039;214520,90007629112;NA;NA
690781810 - HOSPICES CIVILS DE LYON;5-17;76;31;2017;NA;6846;216945,10972791139;NA;NA
690781810 - HOSPICES CIVILS DE LYON;5-17;76;31;2018;NA;6760;219509,04744664126;NA;NA
690781810 - HOSPICES CIVILS DE LYON;5-17;76;31;2019;NA;6574;218109,46501785828;NA;NA
690781810 - HOSPICES CIVILS DE LYON;5-17;76;31;2020;NA;5962;220084,23974982192;NA;NA
690781810 - HOSPICES CIVILS DE LYON;5-17;76;31;2021;NA;6334;224770,29963933394;NA;NA
690781810 - HOSPICES CIVILS DE LYON;5-17;76;31;2022;NA;6427;230403,94199872247;NA;NA
690781810 - HOSPICES CIVILS DE LYON;5-17;76;31;2023;NA;6801;232264,91584268177;NA;NA
690781810 - HOSPICES CIVILS DE LYON;5-17;76;31;2024;NA;7551;233680,88849219988;NA;NA
690781810 - HOSPICES CIVILS DE LYON;5-17;76;31;2025;NA;6750;233967,83912225952;NA;NA
690781810 - HOSPICES CIVILS DE LYON;5-17;76;32;2016;NA;1145;26795,32815700257;NA;NA
690781810 - HOSPICES CIVILS DE LYON;5-17;76;32;2017;NA;1103;26635,54457081398;NA;NA
690781810 - HOSPICES CIVILS DE LYON;5-17;76;32;2018;NA;1167;26822,95395861629;NA;NA
690781810 - HOSPICES CIVILS DE LYON;5-17;76;32;2019;NA;1060;26898,71504324535;NA;NA
690781810 - HOSPICES CIVILS DE LYON;5-17;76;32;2020;NA;840;26880,04559457303;NA;NA
690781810 - HOSPICES CIVILS DE LYON;5-17;76;32;2021;NA;942;26683,13393722571;NA;NA
690781810 - HOSPICES CIVILS DE LYON;5-17;76;32;2022;NA;897;26465,09248493062;NA;NA
690781810 - HOSPICES CIVILS DE LYON;5-17;76;32;2023;NA;874;26339,09837857669;NA;NA
690781810 - HOSPICES CIVILS DE LYON;5-17;76;32;2024;NA;944;26296,78904399183;NA;NA
690781810 - HOSPICES CIVILS DE LYON;5-17;76;32;2025;NA;877;26011,56627235524;NA;NA
690781810 - HOSPICES CIVILS DE LYON;5-17;75;33;2016;NA;9165;247031,95163997757;NA;NA
690781810 - HOSPICES CIVILS DE LYON;5-17;75;33;2017;NA;9183;248773,29908693564;NA;NA
690781810 - HOSPICES CIVILS DE LYON;5-17;75;33;2018;NA;9202;251303,16123246701;NA;NA
690781810 - HOSPICES CIVILS DE LYON;5-17;75;33;2019;NA;8868;251618,12778244211;NA;NA
690781810 - HOSPICES CIVILS DE LYON;5-17;75;33;2020;NA;7523;252239,53189538454;NA;NA
690781810 - HOSPICES CIVILS DE LYON;5-17;75;33;2021;NA;8057;254549,93708834777;NA;NA
690781810 - HOSPICES CIVILS DE LYON;5-17;75;33;2022;NA;7650;256207,80899914724;NA;NA
690781810 - HOSPICES CIVILS DE LYON;5-17;75;33;2023;NA;7860;257047,90819689733;NA;NA
690781810 - HOSPICES CIVILS DE LYON;5-17;75;33;2024;NA;8742;257548,99590129097;NA;NA
690781810 - HOSPICES CIVILS DE LYON;5-17;75;33;2025;NA;8112;257031,36453942038;NA;NA
690781810 - HOSPICES CIVILS DE LYON;5-17;76;34;2016;NA;6003;173957,52374455554;NA;NA
690781810 - HOSPICES CIVILS DE LYON;5-17;76;34;2017;NA;6096;176235,53025469690;NA;NA
690781810 - HOSPICES CIVILS DE LYON;5-17;76;34;2018;NA;6208;178057,44919670434;NA;NA
690781810 - HOSPICES CIVILS DE LYON;5-17;76;34;2019;NA;6172;178626,03283602942;NA;NA
690781810 - HOSPICES CIVILS DE LYON;5-17;76;34;2020;NA;4988;179862,64600272785;NA;NA
690781810 - HOSPICES CIVILS DE LYON;5-17;76;34;2021;NA;5573;181061,91269996238;NA;NA
690781810 - HOSPICES CIVILS DE LYON;5-17;76;34;2022;NA;5538;183505,94277367246;NA;NA
690781810 - HOSPICES CIVILS DE LYON;5-17;76;34;2023;NA;5766;184251,29670913110;NA;NA
690781810 - HOSPICES CIVILS DE LYON;5-17;76;34;2024;NA;6329;185011,85728065993;NA;NA
690781810 - HOSPICES CIVILS DE LYON;5-17;76;34;2025;NA;6215;185007,72935479516;NA;NA
690781810 - HOSPICES CIVILS DE LYON;5-17;53;35;2016;NA;5134;181684,02210011208;NA;NA
690781810 - HOSPICES CIVILS DE LYON;5-17;53;35;2017;NA;5007;183986,61904849083;NA;NA
690781810 - HOSPICES CIVILS DE LYON;5-17;53;35;2018;NA;5228;185109,03927696089;NA;NA
690781810 - HOSPICES CIVILS DE LYON;5-17;53;35;2019;NA;4932;184696,31155442502;NA;NA
690781810 - HOSPICES CIVILS DE LYON;5-17;53;35;2020;NA;4530;184600,65904837503;NA;NA
690781810 - HOSPICES CIVILS DE LYON;5-17;53;35;2021;NA;4890;185228,24501706078;NA;NA
690781810 - HOSPICES CIVILS DE LYON;5-17;53;35;2022;NA;4857;186332,10179081539;NA;NA
690781810 - HOSPICES CIVILS DE LYON;5-17;53;35;2023;NA;4723;186333,36291103548;NA;NA
690781810 - HOSPICES CIVILS DE LYON;5-17;53;35;2024;NA;4948;186519,11949085828;NA;NA
690781810 - HOSPICES CIVILS DE LYON;5-17;53;35;2025;NA;4852;185614,28112853604;NA;NA
690781810 - HOSPICES CIVILS DE LYON;5-17;24;36;2016;NA;1130;31359,60079653970;NA;NA
690781810 - HOSPICES CIVILS DE LYON;5-17;24;36;2017;NA;1068;31021,39016911142;NA;NA
690781810 - HOSPICES CIVILS DE LYON;5-17;24;36;2018;NA;1060;30680,47999805616;NA;NA
690781810 - HOSPICES CIVILS DE LYON;5-17;24;36;2019;NA;995;30423,54340166843;NA;NA
690781810 - HOSPICES CIVILS DE LYON;5-17;24;36;2020;NA;811;29964,10583729700;NA;NA
690781810 - HOSPICES CIVILS DE LYON;5-17;24;36;2021;NA;823;29286,24166656849;NA;NA
690781810 - HOSPICES CIVILS DE LYON;5-17;24;36;2022;NA;761;29184,84779204104;NA;NA
690781810 - HOSPICES CIVILS DE LYON;5-17;24;36;2023;NA;844;28849,15812903976;NA;NA
690781810 - HOSPICES CIVILS DE LYON;5-17;24;36;2024;NA;865;28625,60935496151;NA;NA
690781810 - HOSPICES CIVILS DE LYON;5-17;24;36;2025;NA;714;28333,31962197184;NA;NA
690781810 - HOSPICES CIVILS DE LYON;5-17;24;37;2016;NA;3279;97167,17823509796;NA;NA
690781810 - HOSPICES CIVILS DE LYON;5-17;24;37;2017;NA;3099;96732,52965514085;NA;NA
690781810 - HOSPICES CIVILS DE LYON;5-17;24;37;2018;NA;3274;96995,89128755432;NA;NA
690781810 - HOSPICES CIVILS DE LYON;5-17;24;37;2019;NA;3278;96017,85294334129;NA;NA
690781810 - HOSPICES CIVILS DE LYON;5-17;24;37;2020;NA;2476;95611,36948780958;NA;NA
690781810 - HOSPICES CIVILS DE LYON;5-17;24;37;2021;NA;2796;94634,68796131306;NA;NA
690781810 - HOSPICES CIVILS DE LYON;5-17;24;37;2022;NA;2806;95265,70715645235;NA;NA
690781810 - HOSPICES CIVILS DE LYON;5-17;24;37;2023;NA;2947;94655,08420081668;NA;NA
690781810 - HOSPICES CIVILS DE LYON;5-17;24;37;2024;NA;2891;94238,82512297975;NA;NA
690781810 - HOSPICES CIVILS DE LYON;5-17;24;37;2025;NA;2876;93302,66616123957;NA;NA
690781810 - HOSPICES CIVILS DE LYON;5-17;75;40;2016;NA;2480;59257,68514160692;NA;NA
690781810 - HOSPICES CIVILS DE LYON;5-17;75;40;2017;NA;2595;59645,42122245360;NA;NA
690781810 - HOSPICES CIVILS DE LYON;5-17;75;40;2018;NA;2474;60032,31515512724;NA;NA
690781810 - HOSPICES CIVILS DE LYON;5-17;75;40;2019;NA;2295;60753,43936381362;NA;NA
690781810 - HOSPICES CIVILS DE LYON;5-17;75;40;2020;NA;2011;60515,76248839818;NA;NA
690781810 - HOSPICES CIVILS DE LYON;5-17;75;40;2021;NA;2080;60539,92464287442;NA;NA
690781810 - HOSPICES CIVILS DE LYON;5-17;75;40;2022;NA;2002;60425,99647543668;NA;NA
690781810 - HOSPICES CIVILS DE LYON;5-17;75;40;2023;NA;2258;60392,00928629734;NA;NA
690781810 - HOSPICES CIVILS DE LYON;5-17;75;40;2024;NA;2412;60783,89107191035;NA;NA
690781810 - HOSPICES CIVILS DE LYON;5-17;75;40;2025;NA;2236;60578,56429296962;NA;NA
690781810 - HOSPICES CIVILS DE LYON;5-17;24;41;2016;NA;2180;51676,96161335886;NA;NA
690781810 - HOSPICES CIVILS DE LYON;5-17;24;41;2017;NA;2036;51596,27059200440;NA;NA
690781810 - HOSPICES CIVILS DE LYON;5-17;24;41;2018;NA;2007;51164,19225766295;NA;NA
690781810 - HOSPICES CIVILS DE LYON;5-17;24;41;2019;NA;1969;51186,31072357530;NA;NA
690781810 - HOSPICES CIVILS DE LYON;5-17;24;41;2020;NA;1584;50750,19467678561;NA;NA
690781810 - HOSPICES CIVILS DE LYON;5-17;24;41;2021;NA;1683;49943,79929556195;NA;NA
690781810 - HOSPICES CIVILS DE LYON;5-17;24;41;2022;NA;1713;49521,86900751280;NA;NA
690781810 - HOSPICES CIVILS DE LYON;5-17;24;41;2023;NA;1700;49083,43636624401;NA;NA
690781810 - HOSPICES CIVILS DE LYON;5-17;24;41;2024;NA;1823;48699,05514223519;NA;NA
690781810 - HOSPICES CIVILS DE LYON;5-17;24;41;2025;NA;1690;48241,69449720523;NA;NA
690781810 - HOSPICES CIVILS DE LYON;5-17;52;44;2016;NA;7586;237193,27251131891;NA;NA
690781810 - HOSPICES CIVILS DE LYON;5-17;52;44;2017;NA;7427;238512,73515641090;NA;NA
690781810 - HOSPICES CIVILS DE LYON;5-17;52;44;2018;NA;7285;242010,09899801438;NA;NA
690781810 - HOSPICES CIVILS DE LYON;5-17;52;44;2019;NA;7003;243498,73401730813;NA;NA
690781810 - HOSPICES CIVILS DE LYON;5-17;52;44;2020;NA;6031;243702,28325226496;NA;NA
690781810 - HOSPICES CIVILS DE LYON;5-17;52;44;2021;NA;6743;244810,81478974014;NA;NA
690781810 - HOSPICES CIVILS DE LYON;5-17;52;44;2022;NA;6445;244067,82822698579;NA;NA
690781810 - HOSPICES CIVILS DE LYON;5-17;52;44;2023;NA;6411;243868,90061822481;NA;NA
690781810 - HOSPICES CIVILS DE LYON;5-17;52;44;2024;NA;6637;243796,14533231326;NA;NA
690781810 - HOSPICES CIVILS DE LYON;5-17;52;44;2025;NA;5843;242981,11048964289;NA;NA
690781810 - HOSPICES CIVILS DE LYON;5-17;24;45;2016;NA;4698;113883,12816575519;NA;NA
690781810 - HOSPICES CIVILS DE LYON;5-17;24;45;2017;NA;4734;115855,92738506602;NA;NA
690781810 - HOSPICES CIVILS DE LYON;5-17;24;45;2018;NA;4645;115639,99563592122;NA;NA
690781810 - HOSPICES CIVILS DE LYON;5-17;24;45;2019;NA;4225;115554,51654351543;NA;NA
690781810 - HOSPICES CIVILS DE LYON;5-17;24;45;2020;NA;3344;115317,24262101608;NA;NA
690781810 - HOSPICES CIVILS DE LYON;5-17;24;45;2021;NA;3464;116138,74019209623;NA;NA
690781810 - HOSPICES CIVILS DE LYON;5-17;24;45;2022;NA;3607;115913,61734980076;NA;NA
690781810 - HOSPICES CIVILS DE LYON;5-17;24;45;2023;NA;3731;115442,30621018649;NA;NA
690781810 - HOSPICES CIVILS DE LYON;5-17;24;45;2024;NA;3925;115044,92032834023;NA;NA
690781810 - HOSPICES CIVILS DE LYON;5-17;24;45;2025;NA;3635;114169,59474996771;NA;NA
690781810 - HOSPICES CIVILS DE LYON;5-17;76;46;2016;NA;886;22914,03020038128;NA;NA
690781810 - HOSPICES CIVILS DE LYON;5-17;76;46;2017;NA;795;22834,01173024554;NA;NA
690781810 - HOSPICES CIVILS DE LYON;5-17;76;46;2018;NA;779;22558,62056913308;NA;NA
690781810 - HOSPICES CIVILS DE LYON;5-17;76;46;2019;NA;717;22508,81323670859;NA;NA
690781810 - HOSPICES CIVILS DE LYON;5-17;76;46;2020;NA;583;22532,37429532090;NA;NA
690781810 - HOSPICES CIVILS DE LYON;5-17;76;46;2021;NA;672;22249,84347558868;NA;NA
690781810 - HOSPICES CIVILS DE LYON;5-17;76;46;2022;NA;641;21987,87042122909;NA;NA
690781810 - HOSPICES CIVILS DE LYON;5-17;76;46;2023;NA;642;21768,82832057213;NA;NA
690781810 - HOSPICES CIVILS DE LYON;5-17;76;46;2024;NA;722;21730,19480879467;NA;NA
690781810 - HOSPICES CIVILS DE LYON;5-17;76;46;2025;NA;644;21520,16392057798;NA;NA
690781810 - HOSPICES CIVILS DE LYON;5-17;75;47;2016;NA;1940;48706,10798917234;NA;NA
690781810 - HOSPICES CIVILS DE LYON;5-17;75;47;2017;NA;1896;48719,94239685118;NA;NA
690781810 - HOSPICES CIVILS DE LYON;5-17;75;47;2018;NA;1808;48785,71562633293;NA;NA
690781810 - HOSPICES CIVILS DE LYON;5-17;75;47;2019;NA;1882;48772,30161940845;NA;NA
690781810 - HOSPICES CIVILS DE LYON;5-17;75;47;2020;NA;1518;48399,32611575073;NA;NA
690781810 - HOSPICES CIVILS DE LYON;5-17;75;47;2021;NA;1656;48117,06941060963;NA;NA
690781810 - HOSPICES CIVILS DE LYON;5-17;75;47;2022;NA;1487;47711,28710437831;NA;NA
690781810 - HOSPICES CIVILS DE LYON;5-17;75;47;2023;NA;1597;47624,00461630392;NA;NA
690781810 - HOSPICES CIVILS DE LYON;5-17;75;47;2024;NA;1607;47644,41305303929;NA;NA
690781810 - HOSPICES CIVILS DE LYON;5-17;75;47;2025;NA;1452;47567,89527310678;NA;NA
690781810 - HOSPICES CIVILS DE LYON;5-17;76;48;2016;NA;481;11124,19126165961;NA;NA
690781810 - HOSPICES CIVILS DE LYON;5-17;76;48;2017;NA;495;11007,30895443832;NA;NA
690781810 - HOSPICES CIVILS DE LYON;5-17;76;48;2018;NA;424;10921,87137978111;NA;NA
690781810 - HOSPICES CIVILS DE LYON;5-17;76;48;2019;NA;457;10811,92149542970;NA;NA
690781810 - HOSPICES CIVILS DE LYON;5-17;76;48;2020;NA;357;10915,08302729616;NA;NA
690781810 - HOSPICES CIVILS DE LYON;5-17;76;48;2021;NA;367;10955,26528093428;NA;NA
690781810 - HOSPICES CIVILS DE LYON;5-17;76;48;2022;NA;402;10906,21176886387;NA;NA
690781810 - HOSPICES CIVILS DE LYON;5-17;76;48;2023;NA;388;10819,47039818728;NA;NA
690781810 - HOSPICES CIVILS DE LYON;5-17;76;48;2024;NA;397;10690,27098786649;NA;NA
690781810 - HOSPICES CIVILS DE LYON;5-17;76;48;2025;NA;375;10563,64382287838;NA;NA
690781810 - HOSPICES CIVILS DE LYON;5-17;52;49;2016;NA;5135;143382,10672388118;NA;NA
690781810 - HOSPICES CIVILS DE LYON;5-17;52;49;2017;NA;4867;144168,29057873177;NA;NA
690781810 - HOSPICES CIVILS DE LYON;5-17;52;49;2018;NA;4657;143582,78279895274;NA;NA
690781810 - HOSPICES CIVILS DE LYON;5-17;52;49;2019;NA;4393;141732,56811208738;NA;NA
690781810 - HOSPICES CIVILS DE LYON;5-17;52;49;2020;NA;3575;141518,58403035684;NA;NA
690781810 - HOSPICES CIVILS DE LYON;5-17;52;49;2021;NA;4128;141419,62666838447;NA;NA
690781810 - HOSPICES CIVILS DE LYON;5-17;52;49;2022;NA;3908;141255,99288602397;NA;NA
690781810 - HOSPICES CIVILS DE LYON;5-17;52;49;2023;NA;3963;140396,96461935627;NA;NA
690781810 - HOSPICES CIVILS DE LYON;5-17;52;49;2024;NA;4005;139340,87587083707;NA;NA
690781810 - HOSPICES CIVILS DE LYON;5-17;52;49;2025;NA;3633;138259,60342932044;NA;NA
690781810 - HOSPICES CIVILS DE LYON;5-17;28;50;2016;NA;3254;76185,57031745654;NA;NA
690781810 - HOSPICES CIVILS DE LYON;5-17;28;50;2017;NA;3149;75403,00435250235;NA;NA
690781810 - HOSPICES CIVILS DE LYON;5-17;28;50;2018;NA;3085;74984,54400563614;NA;NA
690781810 - HOSPICES CIVILS DE LYON;5-17;28;50;2019;NA;3067;74544,67564799417;NA;NA
690781810 - HOSPICES CIVILS DE LYON;5-17;28;50;2020;NA;2499;73772,52012166863;NA;NA
690781810 - HOSPICES CIVILS DE LYON;5-17;28;50;2021;NA;2528;72913,14670403751;NA;NA
690781810 - HOSPICES CIVILS DE LYON;5-17;28;50;2022;NA;2867;72286,08829566125;NA;NA
690781810 - HOSPICES CIVILS DE LYON;5-17;28;50;2023;NA;2955;71686,14459207404;NA;NA
690781810 - HOSPICES CIVILS DE LYON;5-17;28;50;2024;NA;2918;71223,63422810110;NA;NA
690781810 - HOSPICES CIVILS DE LYON;5-17;28;50;2025;NA;2655;70655,42327000083;NA;NA
690781810 - HOSPICES CIVILS DE LYON;5-17;44;51;2016;NA;3323;92644,38180135595;NA;NA
690781810 - HOSPICES CIVILS DE LYON;5-17;44;51;2017;NA;3322;92536,76900615575;NA;NA
690781810 - HOSPICES CIVILS DE LYON;5-17;44;51;2018;NA;2989;92396,80424266413;NA;NA
690781810 - HOSPICES CIVILS DE LYON;5-17;44;51;2019;NA;2996;91206,39313288980;NA;NA
690781810 - HOSPICES CIVILS DE LYON;5-17;44;51;2020;NA;2496;91332,10389773893;NA;NA
690781810 - HOSPICES CIVILS DE LYON;5-17;44;51;2021;NA;2927;90764,28609850252;NA;NA
690781810 - HOSPICES CIVILS DE LYON;5-17;44;51;2022;NA;2872;89856,47687633550;NA;NA
690781810 - HOSPICES CIVILS DE LYON;5-17;44;51;2023;NA;2790;88795,09358778186;NA;NA
690781810 - HOSPICES CIVILS DE LYON;5-17;44;51;2024;NA;2882;87866,59026584323;NA;NA
690781810 - HOSPICES CIVILS DE LYON;5-17;44;51;2025;NA;2606;86710,05205483272;NA;NA
690781810 - HOSPICES CIVILS DE LYON;5-17;44;52;2016;NA;1386;25785,59389706867;NA;NA
690781810 - HOSPICES CIVILS DE LYON;5-17;44;52;2017;NA;1131;25381,40170713289;NA;NA
690781810 - HOSPICES CIVILS DE LYON;5-17;44;52;2018;NA;990;25037,31214745812;NA;NA
690781810 - HOSPICES CIVILS DE LYON;5-17;44;52;2019;NA;1075;24758,88332973631;NA;NA
690781810 - HOSPICES CIVILS DE LYON;5-17;44;52;2020;NA;825;24649,24202967524;NA;NA
690781810 - HOSPICES CIVILS DE LYON;5-17;44;52;2021;NA;792;24689,17117764527;NA;NA
690781810 - HOSPICES CIVILS DE LYON;5-17;44;52;2022;NA;929;24096,34882800974;NA;NA
690781810 - HOSPICES CIVILS DE LYON;5-17;44;52;2023;NA;875;23778,34559989580;NA;NA
690781810 - HOSPICES CIVILS DE LYON;5-17;44;52;2024;NA;995;23571,34373348413;NA;NA
690781810 - HOSPICES CIVILS DE LYON;5-17;44;52;2025;NA;879;23203,56789211945;NA;NA
690781810 - HOSPICES CIVILS DE LYON;5-17;52;53;2016;NA;1877;53467,83004457439;NA;NA
690781810 - HOSPICES CIVILS DE LYON;5-17;52;53;2017;NA;1865;53153,91153115632;NA;NA
690781810 - HOSPICES CIVILS DE LYON;5-17;52;53;2018;NA;1894;52953,47427530156;NA;NA
690781810 - HOSPICES CIVILS DE LYON;5-17;52;53;2019;NA;1781;53039,93102375407;NA;NA
690781810 - HOSPICES CIVILS DE LYON;5-17;52;53;2020;NA;1474;52291,77344191535;NA;NA
690781810 - HOSPICES CIVILS DE LYON;5-17;52;53;2021;NA;1595;51808,64425351849;NA;NA
690781810 - HOSPICES CIVILS DE LYON;5-17;52;53;2022;NA;1605;51008,07393476801;NA;NA
690781810 - HOSPICES CIVILS DE LYON;5-17;52;53;2023;NA;1632;50202,22194896911;NA;NA
690781810 - HOSPICES CIVILS DE LYON;5-17;52;53;2024;NA;1823;49725,65670262739;NA;NA
690781810 - HOSPICES CIVILS DE LYON;5-17;52;53;2025;NA;1617;48729,84341936847;NA;NA
690781810 - HOSPICES CIVILS DE LYON;5-17;44;54;2016;NA;4121;116791,18029426722;NA;NA
690781810 - HOSPICES CIVILS DE LYON;5-17;44;54;2017;NA;4021;116337,51824526877;NA;NA
690781810 - HOSPICES CIVILS DE LYON;5-17;44;54;2018;NA;3990;116645,13440063412;NA;NA
690781810 - HOSPICES CIVILS DE LYON;5-17;44;54;2019;NA;3903;114216,81643136320;NA;NA
690781810 - HOSPICES CIVILS DE LYON;5-17;44;54;2020;NA;3498;114363,26003216475;NA;NA
690781810 - HOSPICES CIVILS DE LYON;5-17;44;54;2021;NA;3772;114196,77857775400;NA;NA
690781810 - HOSPICES CIVILS DE LYON;5-17;44;54;2022;NA;3937;115120,17455829472;NA;NA
690781810 - HOSPICES CIVILS DE LYON;5-17;44;54;2023;NA;4038;114797,26987009126;NA;NA
690781810 - HOSPICES CIVILS DE LYON;5-17;44;54;2024;NA;4497;114342,50332812217;NA;NA
690781810 - HOSPICES CIVILS DE LYON;5-17;44;54;2025;NA;4065;113032,61282791602;NA;NA
690781810 - HOSPICES CIVILS DE LYON;5-17;44;55;2016;NA;1613;29764,97730691066;NA;NA
690781810 - HOSPICES CIVILS DE LYON;5-17;44;55;2017;NA;1435;29342,14691411703;NA;NA
690781810 - HOSPICES CIVILS DE LYON;5-17;44;55;2018;NA;1434;28876,09130925889;NA;NA
690781810 - HOSPICES CIVILS DE LYON;5-17;44;55;2019;NA;1253;28746,95769128568;NA;NA
690781810 - HOSPICES CIVILS DE LYON;5-17;44;55;2020;NA;958;28121,52851885821;NA;NA
690781810 - HOSPICES CIVILS DE LYON;5-17;44;55;2021;NA;1018;27540,57986200494;NA;NA
690781810 - HOSPICES CIVILS DE LYON;5-17;44;55;2022;NA;984;27233,45163371778;NA;NA
690781810 - HOSPICES CIVILS DE LYON;5-17;44;55;2023;NA;1063;26855,76387327087;NA;NA
690781810 - HOSPICES CIVILS DE LYON;5-17;44;55;2024;NA;1029;26597,34177837404;NA;NA
690781810 - HOSPICES CIVILS DE LYON;5-17;44;55;2025;NA;883;26152,61634633450;NA;NA
690781810 - HOSPICES CIVILS DE LYON;5-17;53;56;2016;NA;4104;117032,12907377564;NA;NA
690781810 - HOSPICES CIVILS DE LYON;5-17;53;56;2017;NA;3870;117145,19381221538;NA;NA
690781810 - HOSPICES CIVILS DE LYON;5-17;53;56;2018;NA;3792;116805,78532343081;NA;NA
690781810 - HOSPICES CIVILS DE LYON;5-17;53;56;2019;NA;3680;117239,62845597931;NA;NA
690781810 - HOSPICES CIVILS DE LYON;5-17;53;56;2020;NA;3317;116491,23662758217;NA;NA
690781810 - HOSPICES CIVILS DE LYON;5-17;53;56;2021;NA;3264;115208,01492218571;NA;NA
690781810 - HOSPICES CIVILS DE LYON;5-17;53;56;2022;NA;3229;114534,24312353480;NA;NA
690781810 - HOSPICES CIVILS DE LYON;5-17;53;56;2023;NA;3438;113850,90316797957;NA;NA
690781810 - HOSPICES CIVILS DE LYON;5-17;53;56;2024;NA;3341;113186,97306457037;NA;NA
690781810 - HOSPICES CIVILS DE LYON;5-17;53;56;2025;NA;3163;112307,15088320084;NA;NA
690781810 - HOSPICES CIVILS DE LYON;5-17;44;57;2016;NA;7070;157657,16437908472;NA;NA
690781810 - HOSPICES CIVILS DE LYON;5-17;44;57;2017;NA;6580;156897,37941371655;NA;NA
690781810 - HOSPICES CIVILS DE LYON;5-17;44;57;2018;NA;6469;157325,26566946509;NA;NA
690781810 - HOSPICES CIVILS DE LYON;5-17;44;57;2019;NA;5929;157336,73208240131;NA;NA
690781810 - HOSPICES CIVILS DE LYON;5-17;44;57;2020;NA;4827;157416,12306396328;NA;NA
690781810 - HOSPICES CIVILS DE LYON;5-17;44;57;2021;NA;5093;156945,98846114223;NA;NA
690781810 - HOSPICES CIVILS DE LYON;5-17;44;57;2022;NA;5384;157052,69884924791;NA;NA
690781810 - HOSPICES CIVILS DE LYON;5-17;44;57;2023;NA;5807;156824,18840346276;NA;NA
690781810 - HOSPICES CIVILS DE LYON;5-17;44;57;2024;NA;6150;156941,67127910029;NA;NA
690781810 - HOSPICES CIVILS DE LYON;5-17;44;57;2025;NA;5385;156501,28376771687;NA;NA
690781810 - HOSPICES CIVILS DE LYON;5-17;27;58;2016;NA;1328;28041,82120749828;NA;NA
690781810 - HOSPICES CIVILS DE LYON;5-17;27;58;2017;NA;1327;27815,74922080597;NA;NA
690781810 - HOSPICES CIVILS DE LYON;5-17;27;58;2018;NA;1292;27627,47518402302;NA;NA
690781810 - HOSPICES CIVILS DE LYON;5-17;27;58;2019;NA;1189;27368,31526056370;NA;NA
690781810 - HOSPICES CIVILS DE LYON;5-17;27;58;2020;NA;985;26671,67362348092;NA;NA
690781810 - HOSPICES CIVILS DE LYON;5-17;27;58;2021;NA;1015;26419,80444976054;NA;NA
690781810 - HOSPICES CIVILS DE LYON;5-17;27;58;2022;NA;1058;26471,79981647628;NA;NA
690781810 - HOSPICES CIVILS DE LYON;5-17;27;58;2023;NA;1170;26260,79081968973;NA;NA
690781810 - HOSPICES CIVILS DE LYON;5-17;27;58;2024;NA;1079;26244,81492240541;NA;NA
690781810 - HOSPICES CIVILS DE LYON;5-17;27;58;2025;NA;979;25869,68757779565;NA;NA
690781810 - HOSPICES CIVILS DE LYON;5-17;32;59;2016;NA;21630;457505,90051289846;NA;NA
690781810 - HOSPICES CIVILS DE LYON;5-17;32;59;2017;NA;21512;457370,81009634084;NA;NA
690781810 - HOSPICES CIVILS DE LYON;5-17;32;59;2018;NA;21400;458713,59293508728;NA;NA
690781810 - HOSPICES CIVILS DE LYON;5-17;32;59;2019;NA;20550;454209,55978637433;NA;NA
690781810 - HOSPICES CIVILS DE LYON;5-17;32;59;2020;NA;15929;454482,81817141554;NA;NA
690781810 - HOSPICES CIVILS DE LYON;5-17;32;59;2021;NA;17938;455280,05946967122;NA;NA
690781810 - HOSPICES CIVILS DE LYON;5-17;32;59;2022;NA;17722;452881,61468773405;NA;NA
690781810 - HOSPICES CIVILS DE LYON;5-17;32;59;2023;NA;18696;449142,29337093589;NA;NA
690781810 - HOSPICES CIVILS DE LYON;5-17;32;59;2024;NA;19058;444314,74185894383;NA;NA
690781810 - HOSPICES CIVILS DE LYON;5-17;32;59;2025;NA;17321;439542,29113041487;NA;NA
690781810 - HOSPICES CIVILS DE LYON;5-17;32;60;2016;NA;6009;146067,07099680838;NA;NA
690781810 - HOSPICES CIVILS DE LYON;5-17;32;60;2017;NA;6187;146253,50283988193;NA;NA
690781810 - HOSPICES CIVILS DE LYON;5-17;32;60;2018;NA;5946;146342,81188483787;NA;NA
690781810 - HOSPICES CIVILS DE LYON;5-17;32;60;2019;NA;6026;147074,49226997874;NA;NA
690781810 - HOSPICES CIVILS DE LYON;5-17;32;60;2020;NA;5034;146974,20666041254;NA;NA
690781810 - HOSPICES CIVILS DE LYON;5-17;32;60;2021;NA;5289;146322,05308877188;NA;NA
690781810 - HOSPICES CIVILS DE LYON;5-17;32;60;2022;NA;5387;146670,72903014522;NA;NA
690781810 - HOSPICES CIVILS DE LYON;5-17;32;60;2023;NA;5674;146332,75960246893;NA;NA
690781810 - HOSPICES CIVILS DE LYON;5-17;32;60;2024;NA;5837;145907,23818341078;NA;NA
690781810 - HOSPICES CIVILS DE LYON;5-17;32;60;2025;NA;5294;145215,12080710789;NA;NA
690781810 - HOSPICES CIVILS DE LYON;5-17;28;61;2016;NA;2491;44265,09227412288;NA;NA
690781810 - HOSPICES CIVILS DE LYON;5-17;28;61;2017;NA;2543;43754,69526991464;NA;NA
690781810 - HOSPICES CIVILS DE LYON;5-17;28;61;2018;NA;2596;42935,27039260091;NA;NA
690781810 - HOSPICES CIVILS DE LYON;5-17;28;61;2019;NA;2351;42300,77746501012;NA;NA
690781810 - HOSPICES CIVILS DE LYON;5-17;28;61;2020;NA;1970;41727,76804306317;NA;NA
690781810 - HOSPICES CIVILS DE LYON;5-17;28;61;2021;NA;2098;41157,75178083414;NA;NA
690781810 - HOSPICES CIVILS DE LYON;5-17;28;61;2022;NA;2136;40765,66545506425;NA;NA
690781810 - HOSPICES CIVILS DE LYON;5-17;28;61;2023;NA;2257;40114,63145603972;NA;NA
690781810 - HOSPICES CIVILS DE LYON;5-17;28;61;2024;NA;2398;39706,30221788575;NA;NA
690781810 - HOSPICES CIVILS DE LYON;5-17;28;61;2025;NA;2062;39043,13078476732;NA;NA
690781810 - HOSPICES CIVILS DE LYON;5-17;32;62;2016;NA;11553;256893,26416049953;NA;NA
690781810 - HOSPICES CIVILS DE LYON;5-17;32;62;2017;NA;11397;256253,47272019956;NA;NA
690781810 - HOSPICES CIVILS DE LYON;5-17;32;62;2018;NA;10998;255477,93256148664;NA;NA
690781810 - HOSPICES CIVILS DE LYON;5-17;32;62;2019;NA;10932;254332,34146426659;NA;NA
690781810 - HOSPICES CIVILS DE LYON;5-17;32;62;2020;NA;8451;252594,26235315265;NA;NA
690781810 - HOSPICES CIVILS DE LYON;5-17;32;62;2021;NA;9079;251073,25977130828;NA;NA
690781810 - HOSPICES CIVILS DE LYON;5-17;32;62;2022;NA;9164;249144,69800944856;NA;NA
690781810 - HOSPICES CIVILS DE LYON;5-17;32;62;2023;NA;9748;246990,03712505579;NA;NA
690781810 - HOSPICES CIVILS DE LYON;5-17;32;62;2024;NA;10082;244824,70588343995;NA;NA
690781810 - HOSPICES CIVILS DE LYON;5-17;32;62;2025;NA;9023;241701,45034875939;NA;NA
690781810 - HOSPICES CIVILS DE LYON;5-17;75;64;2016;NA;3453;98316,79595490711;NA;NA
690781810 - HOSPICES CIVILS DE LYON;5-17;75;64;2017;NA;3442;98667,19372068011;NA;NA
690781810 - HOSPICES CIVILS DE LYON;5-17;75;64;2018;NA;3324;98547,60267167634;NA;NA
690781810 - HOSPICES CIVILS DE LYON;5-17;75;64;2019;NA;3291;98088,18559411369;NA;NA
690781810 - HOSPICES CIVILS DE LYON;5-17;75;64;2020;NA;2652;97874,36886779917;NA;NA
690781810 - HOSPICES CIVILS DE LYON;5-17;75;64;2021;NA;2910;97899,29354317754;NA;NA
690781810 - HOSPICES CIVILS DE LYON;5-17;75;64;2022;NA;2792;98033,13005541379;NA;NA
690781810 - HOSPICES CIVILS DE LYON;5-17;75;64;2023;NA;2844;97748,70986634294;NA;NA
690781810 - HOSPICES CIVILS DE LYON;5-17;75;64;2024;NA;2940;97537,59416867167;NA;NA
690781810 - HOSPICES CIVILS DE LYON;5-17;75;64;2025;NA;2980;97158,07789179652;NA;NA
690781810 - HOSPICES CIVILS DE LYON;5-17;76;65;2016;NA;1269;31271,31030421500;NA;NA
690781810 - HOSPICES CIVILS DE LYON;5-17;76;65;2017;NA;1144;31532,96934025950;NA;NA
690781810 - HOSPICES CIVILS DE LYON;5-17;76;65;2018;NA;1133;31890,25238208905;NA;NA
690781810 - HOSPICES CIVILS DE LYON;5-17;76;65;2019;NA;1139;31650,49504521644;NA;NA
690781810 - HOSPICES CIVILS DE LYON;5-17;76;65;2020;NA;929;31225,13378862257;NA;NA
690781810 - HOSPICES CIVILS DE LYON;5-17;76;65;2021;NA;1097;31079,02221596701;NA;NA
690781810 - HOSPICES CIVILS DE LYON;5-17;76;65;2022;NA;1010;30821,77239167723;NA;NA
690781810 - HOSPICES CIVILS DE LYON;5-17;76;65;2023;NA;1101;30757,86404000664;NA;NA
690781810 - HOSPICES CIVILS DE LYON;5-17;76;65;2024;NA;1202;30735,66696972721;NA;NA
690781810 - HOSPICES CIVILS DE LYON;5-17;76;65;2025;NA;1046;30666,14016354701;NA;NA
690781810 - HOSPICES CIVILS DE LYON;5-17;76;66;2016;NA;2270;71154,45377733179;NA;NA
690781810 - HOSPICES CIVILS DE LYON;5-17;76;66;2017;NA;2281;69948,85374493696;NA;NA
690781810 - HOSPICES CIVILS DE LYON;5-17;76;66;2018;NA;2188;70728,07094271858;NA;NA
690781810 - HOSPICES CIVILS DE LYON;5-17;76;66;2019;NA;1977;71274,80581644709;NA;NA
690781810 - HOSPICES CIVILS DE LYON;5-17;76;66;2020;NA;1673;71623,34458567873;NA;NA
690781810 - HOSPICES CIVILS DE LYON;5-17;76;66;2021;NA;1729;71858,95799239165;NA;NA
690781810 - HOSPICES CIVILS DE LYON;5-17;76;66;2022;NA;1864;71932,75107893141;NA;NA
690781810 - HOSPICES CIVILS DE LYON;5-17;76;66;2023;NA;2225;71991,27288614940;NA;NA
690781810 - HOSPICES CIVILS DE LYON;5-17;76;66;2024;NA;2410;72343,65278131964;NA;NA
690781810 - HOSPICES CIVILS DE LYON;5-17;76;66;2025;NA;2529;72582,01799868481;NA;NA
690781810 - HOSPICES CIVILS DE LYON;5-17;44;67;2016;NA;5940;173881,05883527183;NA;NA
690781810 - HOSPICES CIVILS DE LYON;5-17;44;67;2017;NA;5408;174096,85454129387;NA;NA
690781810 - HOSPICES CIVILS DE LYON;5-17;44;67;2018;NA;5531;175326,59404322886;NA;NA
690781810 - HOSPICES CIVILS DE LYON;5-17;44;67;2019;NA;5311;173673,77829585984;NA;NA
690781810 - HOSPICES CIVILS DE LYON;5-17;44;67;2020;NA;4711;174666,84884460425;NA;NA
690781810 - HOSPICES CIVILS DE LYON;5-17;44;67;2021;NA;5108;174892,24806576560;NA;NA
690781810 - HOSPICES CIVILS DE LYON;5-17;44;67;2022;NA;4956;175534,32182148914;NA;NA
690781810 - HOSPICES CIVILS DE LYON;5-17;44;67;2023;NA;5246;175565,13972745612;NA;NA
690781810 - HOSPICES CIVILS DE LYON;5-17;44;67;2024;NA;5340;175147,50035665050;NA;NA
690781810 - HOSPICES CIVILS DE LYON;5-17;44;67;2025;NA;4992;174453,43878949963;NA;NA
690781810 - HOSPICES CIVILS DE LYON;5-17;44;68;2017;NA;4359;120680,42162520882;NA;NA
690781810 - HOSPICES CIVILS DE LYON;5-17;44;68;2018;NA;4499;120245,28246759297;NA;NA
690781810 - HOSPICES CIVILS DE LYON;5-17;44;68;2020;NA;3334;119564,56078158706;NA;NA
690781810 - HOSPICES CIVILS DE LYON;5-17;44;68;2021;NA;3813;119103,06002837904;NA;NA
690781810 - HOSPICES CIVILS DE LYON;5-17;44;68;2022;NA;3801;118295,65573414353;NA;NA
690781810 - HOSPICES CIVILS DE LYON;5-17;44;68;2023;NA;3909;117387,19139267615;NA;NA
690781810 - HOSPICES CIVILS DE LYON;5-17;44;68;2024;NA;4084;116712,99357289899;NA;NA
690781810 - HOSPICES CIVILS DE LYON;5-17;44;68;2025;NA;3616;115171,72187466973;NA;NA
690781810 - HOSPICES CIVILS DE LYON;5-17;27;70;2016;NA;2267;37962,40604586015;NA;NA
690781810 - HOSPICES CIVILS DE LYON;5-17;27;70;2017;NA;2029;37728,34772878098;NA;NA
690781810 - HOSPICES CIVILS DE LYON;5-17;27;70;2018;NA;1872;37488,87528509279;NA;NA
690781810 - HOSPICES CIVILS DE LYON;5-17;27;70;2019;NA;1735;37450,56997388936;NA;NA
690781810 - HOSPICES CIVILS DE LYON;5-17;27;70;2020;NA;1396;37121,50183298211;NA;NA
690781810 - HOSPICES CIVILS DE LYON;5-17;27;70;2021;NA;1502;36290,93021817176;NA;NA
690781810 - HOSPICES CIVILS DE LYON;5-17;27;70;2023;NA;1326;35682,26708221356;NA;NA
690781810 - HOSPICES CIVILS DE LYON;5-17;27;70;2025;NA;1129;35042,85603767658;NA;NA
690781810 - HOSPICES CIVILS DE LYON;5-17;52;72;2016;NA;3911;95034,18918841450;NA;NA
690781810 - HOSPICES CIVILS DE LYON;5-17;52;72;2017;NA;3704;94979,82302112176;NA;NA
690781810 - HOSPICES CIVILS DE LYON;5-17;52;72;2018;NA;3826;94287,78070000508;NA;NA
690781810 - HOSPICES CIVILS DE LYON;5-17;52;72;2019;NA;3629;94000,73414754943;NA;NA
690781810 - HOSPICES CIVILS DE LYON;5-17;52;72;2020;NA;2995;93415,41169937448;NA;NA
690781810 - HOSPICES CIVILS DE LYON;5-17;52;72;2021;NA;3196;92686,87647093178;NA;NA
690781810 - HOSPICES CIVILS DE LYON;5-17;52;72;2022;NA;3151;91759,72842380361;NA;NA
690781810 - HOSPICES CIVILS DE LYON;5-17;52;72;2023;NA;3227;91005,29159967905;NA;NA
690781810 - HOSPICES CIVILS DE LYON;5-17;52;72;2024;NA;3220;90122,06097060682;NA;NA
690781810 - HOSPICES CIVILS DE LYON;5-17;52;72;2025;NA;2775;89040,65632229124;NA;NA
690781810 - HOSPICES CIVILS DE LYON;5-17;11;75;2016;NA;7819;271023,42720237828;NA;NA
690781810 - HOSPICES CIVILS DE LYON;5-17;11;75;2017;NA;7597;269017,74333966454;NA;NA
690781810 - HOSPICES CIVILS DE LYON;5-17;11;75;2018;NA;7530;265964,69599125168;NA;NA
690781810 - HOSPICES CIVILS DE LYON;5-17;11;75;2019;NA;7129;259520,20209633614;NA;NA
690781810 - HOSPICES CIVILS DE LYON;5-17;11;75;2020;NA;6513;259128,14465613107;NA;NA
690781810 - HOSPICES CIVILS DE LYON;5-17;11;75;2021;NA;6862;257636,15295108763;NA;NA
690781810 - HOSPICES CIVILS DE LYON;5-17;11;75;2022;NA;6676;252440,18592963193;NA;NA
690781810 - HOSPICES CIVILS DE LYON;5-17;11;75;2023;NA;6734;245131,33875249431;NA;NA
690781810 - HOSPICES CIVILS DE LYON;5-17;11;75;2024;NA;7386;238212,32890199687;NA;NA
690781810 - HOSPICES CIVILS DE LYON;5-17;11;75;2025;NA;6461;231235,46548735307;NA;NA
690781810 - HOSPICES CIVILS DE LYON;5-17;28;76;2016;NA;9344;206932,67296599454;NA;NA
690781810 - HOSPICES CIVILS DE LYON;5-17;28;76;2017;NA;9184;206175,57671800270;NA;NA
690781810 - HOSPICES CIVILS DE LYON;5-17;28;76;2018;NA;8991;207018,53765566481;NA;NA
690781810 - HOSPICES CIVILS DE LYON;5-17;28;76;2019;NA;8915;204882,93624862615;NA;NA
690781810 - HOSPICES CIVILS DE LYON;5-17;28;76;2020;NA;7348;203142,18237505120;NA;NA
690781810 - HOSPICES CIVILS DE LYON;5-17;28;76;2021;NA;7940;203691,57438646790;NA;NA
690781810 - HOSPICES CIVILS DE LYON;5-17;28;76;2022;NA;7940;203194,56989627343;NA;NA
690781810 - HOSPICES CIVILS DE LYON;5-17;28;76;2023;NA;8133;202202,56031569434;NA;NA
690781810 - HOSPICES CIVILS DE LYON;5-17;28;76;2024;NA;8423;201464,98959984921;NA;NA
690781810 - HOSPICES CIVILS DE LYON;5-17;28;76;2025;NA;7264;200009,98536414237;NA;NA
690781810 - HOSPICES CIVILS DE LYON;5-17;11;77;2016;NA;9519;259133,72239194287;NA;NA
690781810 - HOSPICES CIVILS DE LYON;5-17;11;77;2017;NA;9130;260686,03639900227;NA;NA
690781810 - HOSPICES CIVILS DE LYON;5-17;11;77;2018;NA;8879;262462,69353324705;NA;NA
690781810 - HOSPICES CIVILS DE LYON;5-17;11;77;2019;NA;8410;263221,20014396403;NA;NA
690781810 - HOSPICES CIVILS DE LYON;5-17;11;77;2020;NA;6848;262668,28968446783;NA;NA
690781810 - HOSPICES CIVILS DE LYON;5-17;11;77;2021;NA;7369;263340,73758028133;NA;NA
690781810 - HOSPICES CIVILS DE LYON;5-17;11;77;2022;NA;7275;264012,32102059940;NA;NA
690781810 - HOSPICES CIVILS DE LYON;5-17;11;77;2023;NA;7687;263326,34466380917;NA;NA
690781810 - HOSPICES CIVILS DE LYON;5-17;11;77;2024;NA;8010;263424,15899960452;NA;NA
690781810 - HOSPICES CIVILS DE LYON;5-17;11;77;2025;NA;7382;263659,57567388652;NA;NA
690781810 - HOSPICES CIVILS DE LYON;5-17;11;78;2016;NA;7697;256656,53724329805;NA;NA
690781810 - HOSPICES CIVILS DE LYON;5-17;11;78;2017;NA;7727;258038,55762374424;NA;NA
690781810 - HOSPICES CIVILS DE LYON;5-17;11;78;2018;NA;7655;258854,86442475085;NA;NA
690781810 - HOSPICES CIVILS DE LYON;5-17;11;78;2019;NA;7477;260024,65812754416;NA;NA
690781810 - HOSPICES CIVILS DE LYON;5-17;11;78;2020;NA;6683;258795,69828703118;NA;NA
690781810 - HOSPICES CIVILS DE LYON;5-17;11;78;2021;NA;6935;259903,18434725809;NA;NA
690781810 - HOSPICES CIVILS DE LYON;5-17;11;78;2022;NA;6753;261340,56914077824;NA;NA
690781810 - HOSPICES CIVILS DE LYON;5-17;11;78;2023;NA;6343;260211,88128403443;NA;NA
690781810 - HOSPICES CIVILS DE LYON;5-17;11;78;2024;NA;7429;260072,39044915792;NA;NA
690781810 - HOSPICES CIVILS DE LYON;5-17;11;78;2025;NA;6831;259330,15652411958;NA;NA
690781810 - HOSPICES CIVILS DE LYON;5-17;75;79;2016;NA;2452;60457,79964406008;NA;NA
690781810 - HOSPICES CIVILS DE LYON;5-17;75;79;2017;NA;2412;59872,12392045584;NA;NA
690781810 - HOSPICES CIVILS DE LYON;5-17;75;79;2018;NA;2338;59866,23274474168;NA;NA
690781810 - HOSPICES CIVILS DE LYON;5-17;75;79;2019;NA;2001;60022,88972378613;NA;NA
690781810 - HOSPICES CIVILS DE LYON;5-17;75;79;2020;NA;1613;59321,33027458209;NA;NA
690781810 - HOSPICES CIVILS DE LYON;5-17;75;79;2021;NA;1827;58515,86296293604;NA;NA
690781810 - HOSPICES CIVILS DE LYON;5-17;75;79;2022;NA;1844;58400,95329548292;NA;NA
690781810 - HOSPICES CIVILS DE LYON;5-17;75;79;2023;NA;2002;57822,41467692335;NA;NA
690781810 - HOSPICES CIVILS DE LYON;5-17;75;79;2024;NA;1915;57476,48482294982;NA;NA
690781810 - HOSPICES CIVILS DE LYON;5-17;75;79;2025;NA;1859;56668,29406536596;NA;NA
690781810 - HOSPICES CIVILS DE LYON;5-17;32;80;2016;NA;4594;94597,71423383472;NA;NA
690781810 - HOSPICES CIVILS DE LYON;5-17;32;80;2017;NA;4371;95024,76902446280;NA;NA
690781810 - HOSPICES CIVILS DE LYON;5-17;32;80;2018;NA;4462;94396,62140030226;NA;NA
690781810 - HOSPICES CIVILS DE LYON;5-17;32;80;2019;NA;4020;92815,04336037545;NA;NA
690781810 - HOSPICES CIVILS DE LYON;5-17;32;80;2020;NA;3355;92605,22438318687;NA;NA
690781810 - HOSPICES CIVILS DE LYON;5-17;32;80;2021;NA;3641;91216,31378875331;NA;NA
690781810 - HOSPICES CIVILS DE LYON;5-17;32;80;2022;NA;3745;90347,81271825866;NA;NA
690781810 - HOSPICES CIVILS DE LYON;5-17;32;80;2023;NA;3608;89239,61379591821;NA;NA
690781810 - HOSPICES CIVILS DE LYON;5-17;32;80;2024;NA;3886;88043,85198449217;NA;NA
690781810 - HOSPICES CIVILS DE LYON;5-17;32;80;2025;NA;3471;86829,18175926796;NA;NA
690781810 - HOSPICES CIVILS DE LYON;5-17;76;81;2016;NA;2199;58432,59460495609;NA;NA
690781810 - HOSPICES CIVILS DE LYON;5-17;76;81;2017;NA;2110;58941,54479049864;NA;NA
690781810 - HOSPICES CIVILS DE LYON;5-17;76;81;2018;NA;2076;58897,35297143608;NA;NA
690781810 - HOSPICES CIVILS DE LYON;5-17;76;81;2019;NA;2141;58985,70266183792;NA;NA
690781810 - HOSPICES CIVILS DE LYON;5-17;76;81;2020;NA;1713;58526,39196399702;NA;NA
690781810 - HOSPICES CIVILS DE LYON;5-17;76;81;2021;NA;1975;58897,80547694071;NA;NA
690781810 - HOSPICES CIVILS DE LYON;5-17;76;81;2022;NA;1924;58981,42073623491;NA;NA
690781810 - HOSPICES CIVILS DE LYON;5-17;76;81;2023;NA;2017;58690,56113097955;NA;NA
690781810 - HOSPICES CIVILS DE LYON;5-17;76;81;2024;NA;2032;58484,50240046124;NA;NA
690781810 - HOSPICES CIVILS DE LYON;5-17;76;81;2025;NA;1959;58016,25255037635;NA;NA
690781810 - HOSPICES CIVILS DE LYON;5-17;76;82;2016;NA;1701;42465,56813672311;NA;NA
690781810 - HOSPICES CIVILS DE LYON;5-17;76;82;2017;NA;1621;43137,96164671960;NA;NA
690781810 - HOSPICES CIVILS DE LYON;5-17;76;82;2018;NA;1510;43304,18477285992;NA;NA
690781810 - HOSPICES CIVILS DE LYON;5-17;76;82;2019;NA;1532;43888,24307219785;NA;NA
690781810 - HOSPICES CIVILS DE LYON;5-17;76;82;2020;NA;1256;43743,41490438203;NA;NA
690781810 - HOSPICES CIVILS DE LYON;5-17;76;82;2021;NA;1294;43574,91007360956;NA;NA
690781810 - HOSPICES CIVILS DE LYON;5-17;76;82;2022;NA;1224;43589,53248791370;NA;NA
690781810 - HOSPICES CIVILS DE LYON;5-17;76;82;2023;NA;1279;43562,32448425754;NA;NA
690781810 - HOSPICES CIVILS DE LYON;5-17;76;82;2024;NA;1454;43567,11764662401;NA;NA
690781810 - HOSPICES CIVILS DE LYON;5-17;76;82;2025;NA;1343;43382,45948534506;NA;NA
690781810 - HOSPICES CIVILS DE LYON;5-17;93;83;2020;NA;4872;151649,66083212028;NA;NA
690781810 - HOSPICES CIVILS DE LYON;5-17;93;83;2023;NA;5725;152230,14154917115;NA;NA
690781810 - HOSPICES CIVILS DE LYON;5-17;93;83;2025;NA;5331;152680,11368807172;NA;NA
690781810 - HOSPICES CIVILS DE LYON;5-17;93;84;2019;NA;3128;89360,53484715983;NA;NA
690781810 - HOSPICES CIVILS DE LYON;5-17;93;84;2020;NA;2498;88595,37586915512;NA;NA
690781810 - HOSPICES CIVILS DE LYON;5-17;93;84;2021;NA;2796;89071,85790975102;NA;NA
690781810 - HOSPICES CIVILS DE LYON;5-17;93;84;2022;NA;2762;89330,88607910974;NA;NA
690781810 - HOSPICES CIVILS DE LYON;5-17;93;84;2023;NA;3151;89100,77550127612;NA;NA
690781810 - HOSPICES CIVILS DE LYON;5-17;93;84;2024;NA;3298;88791,99652219549;NA;NA
690781810 - HOSPICES CIVILS DE LYON;5-17;93;84;2025;NA;2952;88271,40241269273;NA;NA
690781810 - HOSPICES CIVILS DE LYON;5-17;52;85;2016;NA;4328;108116,40429431226;NA;NA
690781810 - HOSPICES CIVILS DE LYON;5-17;52;85;2017;NA;4111;108160,22072358635;NA;NA
690781810 - HOSPICES CIVILS DE LYON;5-17;52;85;2018;NA;4124;108471,84223850149;NA;NA
690781810 - HOSPICES CIVILS DE LYON;5-17;52;85;2019;NA;3912;109706,54743191336;NA;NA
690781810 - HOSPICES CIVILS DE LYON;5-17;52;85;2020;NA;3117;110030,15401362626;NA;NA
690781810 - HOSPICES CIVILS DE LYON;5-17;52;85;2021;NA;3392;109872,98534551277;NA;NA
690781810 - HOSPICES CIVILS DE LYON;5-17;52;85;2022;NA;3195;109323,23353879775;NA;NA
690781810 - HOSPICES CIVILS DE LYON;5-17;52;85;2023;NA;3516;108660,67646177157;NA;NA
690781810 - HOSPICES CIVILS DE LYON;5-17;52;85;2024;NA;3341;108437,18009927082;NA;NA
690781810 - HOSPICES CIVILS DE LYON;5-17;52;85;2025;NA;3023;107259,76968890546;NA;NA
690781810 - HOSPICES CIVILS DE LYON;5-17;75;86;2016;NA;2554;69574,64356614537;NA;NA
690781810 - HOSPICES CIVILS DE LYON;5-17;75;86;2017;NA;2492;69294,83835328040;NA;NA
690781810 - HOSPICES CIVILS DE LYON;5-17;75;86;2018;NA;2760;69342,99423292981;NA;NA
690781810 - HOSPICES CIVILS DE LYON;5-17;75;86;2019;NA;2328;68238,25708985528;NA;NA
690781810 - HOSPICES CIVILS DE LYON;5-17;75;86;2020;NA;1836;68266,75941377479;NA;NA
690781810 - HOSPICES CIVILS DE LYON;5-17;75;86;2021;NA;2112;68849,86053735710;NA;NA
690781810 - HOSPICES CIVILS DE LYON;5-17;75;86;2022;NA;2129;68876,52831161419;NA;NA
690781810 - HOSPICES CIVILS DE LYON;5-17;75;86;2023;NA;2067;68307,74387815264;NA;NA
690781810 - HOSPICES CIVILS DE LYON;5-17;75;86;2024;NA;2259;67763,09125448586;NA;NA
690781810 - HOSPICES CIVILS DE LYON;5-17;75;86;2025;NA;2046;66976,40759197500;NA;NA
690781810 - HOSPICES CIVILS DE LYON;5-17;75;87;2016;NA;2137;54372,93155603942;NA;NA
690781810 - HOSPICES CIVILS DE LYON;5-17;75;87;2017;NA;2047;54427,39808233598;NA;NA
690781810 - HOSPICES CIVILS DE LYON;5-17;75;87;2018;NA;2150;54130,80712619923;NA;NA
690781810 - HOSPICES CIVILS DE LYON;5-17;75;87;2019;NA;1947;53231,44960222758;NA;NA
690781810 - HOSPICES CIVILS DE LYON;5-17;75;87;2020;NA;1699;52904,87881501477;NA;NA
690781810 - HOSPICES CIVILS DE LYON;5-17;75;87;2021;NA;1762;52890,08755069164;NA;NA
690781810 - HOSPICES CIVILS DE LYON;5-17;75;87;2022;NA;1894;53000,76480754328;NA;NA
690781810 - HOSPICES CIVILS DE LYON;5-17;75;87;2023;NA;1885;52596,54531270662;NA;NA
690781810 - HOSPICES CIVILS DE LYON;5-17;75;87;2024;NA;1910;52111,66255687005;NA;NA
690781810 - HOSPICES CIVILS DE LYON;5-17;75;87;2025;NA;1664;51538,81934234784;NA;NA
690781810 - HOSPICES CIVILS DE LYON;5-17;44;88;2016;NA;2892;56293,90871988823;NA;NA
690781810 - HOSPICES CIVILS DE LYON;5-17;44;88;2017;NA;2891;56001,27836792604;NA;NA
690781810 - HOSPICES CIVILS DE LYON;5-17;44;88;2018;NA;2689;55507,59414293894;NA;NA
690781810 - HOSPICES CIVILS DE LYON;5-17;44;88;2019;NA;2518;54953,91185432934;NA;NA
690781810 - HOSPICES CIVILS DE LYON;5-17;44;88;2020;NA;2006;53748,44536117787;NA;NA
690781810 - HOSPICES CIVILS DE LYON;5-17;44;88;2021;NA;2163;53057,80401161731;NA;NA
690781810 - HOSPICES CIVILS DE LYON;5-17;44;88;2022;NA;2282;51985,90943785322;NA;NA
690781810 - HOSPICES CIVILS DE LYON;5-17;44;88;2023;NA;2204;51191,82007426055;NA;NA
690781810 - HOSPICES CIVILS DE LYON;5-17;44;88;2024;NA;2152;50712,23922194750;NA;NA
690781810 - HOSPICES CIVILS DE LYON;5-17;44;88;2025;NA;1993;50045,76814840475;NA;NA
690781810 - HOSPICES CIVILS DE LYON;5-17;27;89;2016;NA;2260;53299,76651948444;NA;NA
690781810 - HOSPICES CIVILS DE LYON;5-17;27;89;2017;NA;2245;52779,59492436898;NA;NA
690781810 - HOSPICES CIVILS DE LYON;5-17;27;89;2018;NA;2174;52478,58112598873;NA;NA
690781810 - HOSPICES CIVILS DE LYON;5-17;27;89;2019;NA;2041;52602,28580506968;NA;NA
690781810 - HOSPICES CIVILS DE LYON;5-17;27;89;2020;NA;1569;51578,35551376724;NA;NA
690781810 - HOSPICES CIVILS DE LYON;5-17;27;89;2021;NA;1903;51447,67918641716;NA;NA
690781810 - HOSPICES CIVILS DE LYON;5-17;27;89;2022;NA;1814;51077,46804709361;NA;NA
690781810 - HOSPICES CIVILS DE LYON;5-17;27;89;2023;NA;1800;50581,89623681251;NA;NA
690781810 - HOSPICES CIVILS DE LYON;5-17;27;89;2024;NA;2051;50534,08102064877;NA;NA
690781810 - HOSPICES CIVILS DE LYON;5-17;27;89;2025;NA;1966;50021,12350573633;NA;NA
690781810 - HOSPICES CIVILS DE LYON;5-17;27;90;2016;NA;998;23335,21704350283;NA;NA
690781810 - HOSPICES CIVILS DE LYON;5-17;27;90;2017;NA;874;22919,44029840500;NA;NA
690781810 - HOSPICES CIVILS DE LYON;5-17;27;90;2018;NA;920;23229,49801964692;NA;NA
690781810 - HOSPICES CIVILS DE LYON;5-17;27;90;2019;NA;757;22963,73848119173;NA;NA
690781810 - HOSPICES CIVILS DE LYON;5-17;27;90;2020;NA;578;22771,00170421839;NA;NA
690781810 - HOSPICES CIVILS DE LYON;5-17;27;90;2021;NA;649;22512,23097116150;NA;NA
690781810 - HOSPICES CIVILS DE LYON;5-17;27;90;2022;NA;662;22633,05342291193;NA;NA
690781810 - HOSPICES CIVILS DE LYON;5-17;27;90;2023;NA;750;22617,87049815914;NA;NA
690781810 - HOSPICES CIVILS DE LYON;5-17;27;90;2024;NA;780;22615,71482742181;NA;NA
690781810 - HOSPICES CIVILS DE LYON;5-17;27;90;2025;NA;599;22534,02823688629;NA;NA
690781810 - HOSPICES CIVILS DE LYON;5-17;11;91;2016;NA;7734;231508,10487226676;NA;NA
690781810 - HOSPICES CIVILS DE LYON;5-17;11;91;2017;NA;7800;233147,91270280784;NA;NA
690781810 - HOSPICES CIVILS DE LYON;5-17;11;91;2018;NA;7659;233990,35712501581;NA;NA
690781810 - HOSPICES CIVILS DE LYON;5-17;11;91;2019;NA;7304;234008,94382457843;NA;NA
690781810 - HOSPICES CIVILS DE LYON;5-17;11;91;2020;NA;6143;233191,23021756706;NA;NA
690781810 - HOSPICES CIVILS DE LYON;5-17;11;91;2021;NA;6530;234987,65189896739;NA;NA
690781810 - HOSPICES CIVILS DE LYON;5-17;11;91;2022;NA;6475;235930,59386135853;NA;NA
690781810 - HOSPICES CIVILS DE LYON;5-17;11;91;2023;NA;6826;235857,85261656839;NA;NA
690781810 - HOSPICES CIVILS DE LYON;5-17;11;91;2024;NA;7503;236246,69759362537;NA;NA
690781810 - HOSPICES CIVILS DE LYON;5-17;11;91;2025;NA;6807;236018,92331183434;NA;NA
690781810 - HOSPICES CIVILS DE LYON;5-17;11;92;2016;NA;7388;257914,09946713943;NA;NA
690781810 - HOSPICES CIVILS DE LYON;5-17;11;92;2017;NA;7291;258483,69278015516;NA;NA
690781810 - HOSPICES CIVILS DE LYON;5-17;11;92;2018;NA;7143;260342,18746805374;NA;NA
690781810 - HOSPICES CIVILS DE LYON;5-17;11;92;2019;NA;6877;261616,08840465624;NA;NA
690781810 - HOSPICES CIVILS DE LYON;5-17;11;92;2020;NA;5840;260409,25759973953;NA;NA
690781810 - HOSPICES CIVILS DE LYON;5-17;11;92;2021;NA;6142;261747,85401759541;NA;NA
690781810 - HOSPICES CIVILS DE LYON;5-17;11;92;2022;NA;6205;261546,05782294177;NA;NA
690781810 - HOSPICES CIVILS DE LYON;5-17;11;92;2023;NA;6449;259154,69263896885;NA;NA
690781810 - HOSPICES CIVILS DE LYON;5-17;11;92;2024;NA;6912;257046,55743551650;NA;NA
690781810 - HOSPICES CIVILS DE LYON;5-17;11;92;2025;NA;5964;254411,54643739946;NA;NA
690781810 - HOSPICES CIVILS DE LYON;5-17;11;93;2016;NA;10215;295951,19262778509;NA;NA
690781810 - HOSPICES CIVILS DE LYON;5-17;11;93;2017;NA;9833;300574,53464381339;NA;NA
690781810 - HOSPICES CIVILS DE LYON;5-17;11;93;2019;NA;8803;308288,30808656308;NA;NA
690781810 - HOSPICES CIVILS DE LYON;5-17;11;93;2020;NA;7805;310917,55201867362;NA;NA
690781810 - HOSPICES CIVILS DE LYON;5-17;11;93;2021;NA;8305;314687,31816642574;NA;NA
690781810 - HOSPICES CIVILS DE LYON;5-17;11;93;2022;NA;8630;313753,76371483138;NA;NA
690781810 - HOSPICES CIVILS DE LYON;5-17;11;93;2023;NA;8835;312482,10674892098;NA;NA
690781810 - HOSPICES CIVILS DE LYON;5-17;11;93;2024;NA;9637;310791,50222675584;NA;NA
690781810 - HOSPICES CIVILS DE LYON;5-17;11;93;2025;NA;8824;308710,73923484306;NA;NA
690781810 - HOSPICES CIVILS DE LYON;5-17;11;94;2016;NA;8078;226649,72519457308;NA;NA
690781810 - HOSPICES CIVILS DE LYON;5-17;11;94;2017;NA;8050;230373,22932332547;NA;NA
690781810 - HOSPICES CIVILS DE LYON;5-17;11;94;2018;NA;7895;232428,74777754780;NA;NA
690781810 - HOSPICES CIVILS DE LYON;5-17;11;94;2019;NA;7692;233643,58625530041;NA;NA
690781810 - HOSPICES CIVILS DE LYON;5-17;11;94;2020;NA;6489;233383,30536596943;NA;NA
690781810 - HOSPICES CIVILS DE LYON;5-17;11;94;2021;NA;7055;235660,68199775263;NA;NA
690781810 - HOSPICES CIVILS DE LYON;5-17;11;94;2022;NA;7025;233798,08322119794;NA;NA
690781810 - HOSPICES CIVILS DE LYON;5-17;11;94;2023;NA;6987;231596,87838206650;NA;NA
690781810 - HOSPICES CIVILS DE LYON;5-17;11;94;2024;NA;7219;229157,94075535992;NA;NA
690781810 - HOSPICES CIVILS DE LYON;5-17;11;94;2025;NA;6658;226910,42581157014;NA;NA
690781810 - HOSPICES CIVILS DE LYON;5-17;11;95;2016;NA;7936;226088,96345831922;NA;NA
690781810 - HOSPICES CIVILS DE LYON;5-17;11;95;2017;NA;7719;228243,17517105656;NA;NA
690781810 - HOSPICES CIVILS DE LYON;5-17;11;95;2018;NA;7602;232986,94168420407;NA;NA
690781810 - HOSPICES CIVILS DE LYON;5-17;11;95;2019;NA;7281;235403,66641358600;NA;NA
690781810 - HOSPICES CIVILS DE LYON;5-17;11;95;2020;NA;6084;234271,28216805699;NA;NA
690781810 - HOSPICES CIVILS DE LYON;5-17;11;95;2021;NA;6759;235046,25286579007;NA;NA
690781810 - HOSPICES CIVILS DE LYON;5-17;11;95;2022;NA;7103;236611,69872603408;NA;NA
690781810 - HOSPICES CIVILS DE LYON;5-17;11;95;2025;NA;7648;236309,63886597424;NA;NA
690781810 - HOSPICES CIVILS DE LYON;5-17;NA;NA;2016;NA;NA;NA;NA;NA
690781810 - HOSPICES CIVILS DE LYON;5-17;NA;NA;2017;NA;NA;NA;NA;NA
690781810 - HOSPICES CIVILS DE LYON;5-17;NA;NA;2018;NA;NA;NA;NA;NA
690781810 - HOSPICES CIVILS DE LYON;5-17;NA;NA;2019;NA;NA;NA;NA;NA
690781810 - HOSPICES CIVILS DE LYON;5-17;NA;NA;2020;NA;NA;NA;NA;NA
690781810 - HOSPICES CIVILS DE LYON;5-17;NA;NA;2021;NA;NA;NA;NA;NA
690781810 - HOSPICES CIVILS DE LYON;5-17;NA;NA;2022;NA;NA;NA;NA;NA
690781810 - HOSPICES CIVILS DE LYON;5-17;NA;NA;2023;NA;NA;NA;NA;NA
690781810 - HOSPICES CIVILS DE LYON;5-17;NA;NA;2024;NA;NA;NA;NA;NA
690781810 - HOSPICES CIVILS DE LYON;5-17;NA;NA;2025;NA;NA;NA;NA;NA
690781810 - HOSPICES CIVILS DE LYON;18-64;32;02;2017;NA;42738;307164,83725485706;NA;NA
690781810 - HOSPICES CIVILS DE LYON;18-64;32;02;2018;NA;41910;304182,61440750305;NA;NA
690781810 - HOSPICES CIVILS DE LYON;18-64;32;02;2019;NA;40085;301930,00625582435;NA;NA
690781810 - HOSPICES CIVILS DE LYON;18-64;32;02;2020;NA;34318;300026,12816091254;NA;NA
690781810 - HOSPICES CIVILS DE LYON;18-64;32;02;2021;NA;35098;297974,54427314468;NA;NA
690781810 - HOSPICES CIVILS DE LYON;18-64;32;02;2022;NA;34891;296239,83496159298;NA;NA
690781810 - HOSPICES CIVILS DE LYON;18-64;32;02;2023;NA;34810;294595,22684043180;NA;NA
690781810 - HOSPICES CIVILS DE LYON;18-64;32;02;2024;NA;34847;292392,27056653844;NA;NA
690781810 - HOSPICES CIVILS DE LYON;18-64;32;02;2025;NA;32666;290534,17939750938;NA;NA
690781810 - HOSPICES CIVILS DE LYON;18-64;93;04;2021;NA;10254;90494,13995066627;NA;NA
690781810 - HOSPICES CIVILS DE LYON;18-64;44;08;2016;NA;22630;160586,27429101852;NA;NA
690781810 - HOSPICES CIVILS DE LYON;18-64;44;08;2017;NA;21871;158422,64836266276;NA;NA
690781810 - HOSPICES CIVILS DE LYON;18-64;44;08;2018;NA;20559;156665,91547958789;NA;NA
690781810 - HOSPICES CIVILS DE LYON;18-64;44;08;2019;NA;20088;155123,67158755922;NA;NA
690781810 - HOSPICES CIVILS DE LYON;18-64;44;08;2020;NA;16467;153632,89227724311;NA;NA
690781810 - HOSPICES CIVILS DE LYON;18-64;44;08;2021;NA;17124;152330,30989910424;NA;NA
690781810 - HOSPICES CIVILS DE LYON;18-64;44;08;2022;NA;16940;150900,02611484175;NA;NA
690781810 - HOSPICES CIVILS DE LYON;18-64;44;08;2023;NA;16634;149655,62630632054;NA;NA
690781810 - HOSPICES CIVILS DE LYON;18-64;44;08;2024;NA;16520;148316,92532144743;NA;NA
690781810 - HOSPICES CIVILS DE LYON;18-64;44;08;2025;NA;14716;146844,17255883114;NA;NA
690781810 - HOSPICES CIVILS DE LYON;18-64;76;09;2016;NA;10877;86018,91656295322;NA;NA
690781810 - HOSPICES CIVILS DE LYON;18-64;76;09;2017;NA;10457;85306,44001464565;NA;NA
690781810 - HOSPICES CIVILS DE LYON;18-64;76;09;2018;NA;10455;84875,97825262608;NA;NA
690781810 - HOSPICES CIVILS DE LYON;18-64;76;09;2019;NA;10190;84564,40096458410;NA;NA
690781810 - HOSPICES CIVILS DE LYON;18-64;76;09;2020;NA;8864;84462,35040111208;NA;NA
690781810 - HOSPICES CIVILS DE LYON;18-64;76;09;2021;NA;8927;84598,42852588116;NA;NA
690781810 - HOSPICES CIVILS DE LYON;18-64;76;09;2022;NA;8773;84971,79030307353;NA;NA
690781810 - HOSPICES CIVILS DE LYON;18-64;76;09;2023;NA;9068;85064,52082879706;NA;NA
690781810 - HOSPICES CIVILS DE LYON;18-64;76;09;2024;NA;9286;85135,31202669890;NA;NA
690781810 - HOSPICES CIVILS DE LYON;18-64;76;09;2025;NA;8352;85277,02021732875;NA;NA
690781810 - HOSPICES CIVILS DE LYON;18-64;44;10;2020;NA;17937;174699,56644444849;NA;NA
690781810 - HOSPICES CIVILS DE LYON;18-64;44;10;2022;NA;17202;174196,17075163664;NA;NA
690781810 - HOSPICES CIVILS DE LYON;18-64;44;10;2024;NA;16257;173604,70462684747;NA;NA
690781810 - HOSPICES CIVILS DE LYON;18-64;76;11;2020;NA;22512;203238,40726082792;NA;NA
690781810 - HOSPICES CIVILS DE LYON;18-64;76;12;2017;NA;17042;152709,06538364722;NA;NA
690781810 - HOSPICES CIVILS DE LYON;18-64;76;12;2018;NA;16205;151966,07512726885;NA;NA
690781810 - HOSPICES CIVILS DE LYON;18-64;76;12;2020;NA;13845;150945,11439029942;NA;NA
690781810 - HOSPICES CIVILS DE LYON;18-64;76;12;2023;NA;14136;151054,75576789427;NA;NA
690781810 - HOSPICES CIVILS DE LYON;18-64;76;12;2024;NA;14059;150526,22268297279;NA;NA
690781810 - HOSPICES CIVILS DE LYON;18-64;76;12;2025;NA;13304;150127,55779262909;NA;NA
690781810 - HOSPICES CIVILS DE LYON;18-64;28;14;2016;NA;46648;403651,15022210416;NA;NA
690781810 - HOSPICES CIVILS DE LYON;18-64;28;14;2017;NA;45521;401843,70190622209;NA;NA
690781810 - HOSPICES CIVILS DE LYON;18-64;28;14;2020;NA;38713;397923,03991600568;NA;NA
690781810 - HOSPICES CIVILS DE LYON;18-64;28;14;2021;NA;40369;398002,83497089782;NA;NA
690781810 - HOSPICES CIVILS DE LYON;18-64;28;14;2022;NA;39415;399220,83776308579;NA;NA
690781810 - HOSPICES CIVILS DE LYON;18-64;28;14;2025;NA;35332;400530,30462208926;NA;NA
690781810 - HOSPICES CIVILS DE LYON;18-64;75;16;2016;NA;23375;201333,61654716267;NA;NA
690781810 - HOSPICES CIVILS DE LYON;18-64;75;16;2017;NA;22582;199258,45912263438;NA;NA
690781810 - HOSPICES CIVILS DE LYON;18-64;75;16;2020;NA;18526;195409,48302924071;NA;NA
690781810 - HOSPICES CIVILS DE LYON;18-64;75;16;2023;NA;18538;193395,71184912650;NA;NA
690781810 - HOSPICES CIVILS DE LYON;18-64;75;16;2024;NA;18610;192419,06204610216;NA;NA
690781810 - HOSPICES CIVILS DE LYON;18-64;75;16;2025;NA;16903;191729,21747334398;NA;NA
690781810 - HOSPICES CIVILS DE LYON;18-64;75;17;2016;NA;41973;355522,72253423696;NA;NA
690781810 - HOSPICES CIVILS DE LYON;18-64;75;17;2019;NA;37893;351954,80360034882;NA;NA
690781810 - HOSPICES CIVILS DE LYON;18-64;75;17;2020;NA;33543;352504,75203098904;NA;NA
690781810 - HOSPICES CIVILS DE LYON;18-64;75;17;2021;NA;33934;354078,06919279130;NA;NA
690781810 - HOSPICES CIVILS DE LYON;18-64;75;17;2022;NA;32696;357105,21057563543;NA;NA
690781810 - HOSPICES CIVILS DE LYON;18-64;75;17;2023;NA;31574;358099,54554088705;NA;NA
690781810 - HOSPICES CIVILS DE LYON;18-64;53;22;2016;NA;40577;327346,72626638523;NA;NA
690781810 - HOSPICES CIVILS DE LYON;18-64;53;22;2017;NA;39515;325298,90288107278;NA;NA
690781810 - HOSPICES CIVILS DE LYON;18-64;53;22;2018;NA;39162;323867,78012591670;NA;NA
690781810 - HOSPICES CIVILS DE LYON;18-64;53;22;2019;NA;38388;322731,39061813470;NA;NA
690781810 - HOSPICES CIVILS DE LYON;18-64;53;22;2020;NA;34369;323663,69966715889;NA;NA
690781810 - HOSPICES CIVILS DE LYON;18-64;53;22;2021;NA;35706;323951,60260133754;NA;NA
690781810 - HOSPICES CIVILS DE LYON;18-64;53;22;2022;NA;34239;325417,31201302173;NA;NA
690781810 - HOSPICES CIVILS DE LYON;18-64;53;22;2023;NA;34721;325708,16475497198;NA;NA
690781810 - HOSPICES CIVILS DE LYON;18-64;53;22;2024;NA;35103;325778,63092400203;NA;NA
690781810 - HOSPICES CIVILS DE LYON;18-64;53;22;2025;NA;32445;326255,26824675017;NA;NA
690781810 - HOSPICES CIVILS DE LYON;18-64;75;23;2020;NA;7593;61563,19640967356;NA;NA
690781810 - HOSPICES CIVILS DE LYON;18-64;75;23;2022;NA;7557;60757,69639145675;NA;NA
690781810 - HOSPICES CIVILS DE LYON;18-64;75;23;2025;NA;7076;58807,96884357496;NA;NA
690781810 - HOSPICES CIVILS DE LYON;18-64;75;24;2016;NA;27298;227384,17074188188;NA;NA
690781810 - HOSPICES CIVILS DE LYON;18-64;75;24;2018;NA;25099;223546,58994504361;NA;NA
690781810 - HOSPICES CIVILS DE LYON;18-64;75;24;2019;NA;24429;221831,38267840500;NA;NA
690781810 - HOSPICES CIVILS DE LYON;18-64;75;24;2020;NA;22093;221009,26277621562;NA;NA
690781810 - HOSPICES CIVILS DE LYON;18-64;75;24;2021;NA;22785;220626,31473321764;NA;NA
690781810 - HOSPICES CIVILS DE LYON;18-64;75;24;2023;NA;21786;220753,23030937091;NA;NA
690781810 - HOSPICES CIVILS DE LYON;18-64;75;24;2024;NA;22154;220065,91019429138;NA;NA
690781810 - HOSPICES CIVILS DE LYON;18-64;75;24;2025;NA;20421;219357,25866834391;NA;NA
690781810 - HOSPICES CIVILS DE LYON;18-64;28;27;2016;NA;45634;351841,18415463372;NA;NA
690781810 - HOSPICES CIVILS DE LYON;18-64;28;27;2019;NA;40516;343969,88171095162;NA;NA
690781810 - HOSPICES CIVILS DE LYON;18-64;28;27;2020;NA;35529;343098,96461179049;NA;NA
690781810 - HOSPICES CIVILS DE LYON;18-64;28;27;2021;NA;36760;341286,19800990733;NA;NA
690781810 - HOSPICES CIVILS DE LYON;18-64;28;27;2022;NA;35842;342293,69241619029;NA;NA
690781810 - HOSPICES CIVILS DE LYON;18-64;28;27;2023;NA;35193;341607,51976867771;NA;NA
690781810 - HOSPICES CIVILS DE LYON;18-64;28;27;2024;NA;34794;340680,76764496090;NA;NA
690781810 - HOSPICES CIVILS DE LYON;18-64;28;27;2025;NA;31642;340026,43510668277;NA;NA
690781810 - HOSPICES CIVILS DE LYON;18-64;24;28;2016;NA;32881;249889,20136402687;NA;NA
690781810 - HOSPICES CIVILS DE LYON;18-64;24;28;2017;NA;31547;247681,74859378932;NA;NA
690781810 - HOSPICES CIVILS DE LYON;18-64;24;28;2018;NA;30126;245293,41228685080;NA;NA
690781810 - HOSPICES CIVILS DE LYON;18-64;24;28;2019;NA;30071;244102,15754607410;NA;NA
690781810 - HOSPICES CIVILS DE LYON;18-64;24;28;2020;NA;25675;243446,10398050668;NA;NA
690781810 - HOSPICES CIVILS DE LYON;18-64;24;28;2021;NA;25830;242693,12120450285;NA;NA
690781810 - HOSPICES CIVILS DE LYON;18-64;24;28;2022;NA;25562;243332,14062261881;NA;NA
690781810 - HOSPICES CIVILS DE LYON;18-64;24;28;2023;NA;25550;242837,39670485581;NA;NA
690781810 - HOSPICES CIVILS DE LYON;18-64;24;28;2024;NA;25754;242532,48100512614;NA;NA
690781810 - HOSPICES CIVILS DE LYON;18-64;24;28;2025;NA;23631;242262,62486422458;NA;NA
690781810 - HOSPICES CIVILS DE LYON;18-64;53;29;2018;NA;59225;519921,61605649634;NA;NA
690781810 - HOSPICES CIVILS DE LYON;18-64;53;29;2022;NA;52619;521987,62190222659;NA;NA
690781810 - HOSPICES CIVILS DE LYON;18-64;53;29;2023;NA;52369;521881,37514304777;NA;NA
690781810 - HOSPICES CIVILS DE LYON;18-64;53;29;2025;NA;46624;522390,86837415892;NA;NA
690781810 - HOSPICES CIVILS DE LYON;18-64;94;2A;2025;NA;9585;96755,95964460597;NA;NA
690781810 - HOSPICES CIVILS DE LYON;18-64;94;2B;2020;NA;9768;106954,64309039911;NA;NA
690781810 - HOSPICES CIVILS DE LYON;18-64;94;2B;2022;NA;9598;107123,25090221687;NA;NA
690781810 - HOSPICES CIVILS DE LYON;18-64;76;32;2016;NA;12937;105287,67184299743;NA;NA
690781810 - HOSPICES CIVILS DE LYON;18-64;76;32;2017;NA;12877;104554,45542918603;NA;NA
690781810 - HOSPICES CIVILS DE LYON;18-64;76;32;2018;NA;12351;104112,04604138371;NA;NA
690781810 - HOSPICES CIVILS DE LYON;18-64;76;32;2019;NA;11994;103555,28495675465;NA;NA
690781810 - HOSPICES CIVILS DE LYON;18-64;76;32;2020;NA;10719;103235,95440542696;NA;NA
690781810 - HOSPICES CIVILS DE LYON;18-64;76;32;2021;NA;10593;103695,86606277429;NA;NA
690781810 - HOSPICES CIVILS DE LYON;18-64;76;32;2022;NA;10148;103413,90751506937;NA;NA
690781810 - HOSPICES CIVILS DE LYON;18-64;76;32;2023;NA;9999;103211,90162142331;NA;NA
690781810 - HOSPICES CIVILS DE LYON;18-64;76;32;2024;NA;10166;102969,21095600817;NA;NA
690781810 - HOSPICES CIVILS DE LYON;18-64;76;32;2025;NA;9139;102753,43372764476;NA;NA
690781810 - HOSPICES CIVILS DE LYON;18-64;53;35;2023;NA;58542;662503,63708896446;NA;NA
690781810 - HOSPICES CIVILS DE LYON;18-64;24;36;2016;NA;16262;123110,39920346030;NA;NA
690781810 - HOSPICES CIVILS DE LYON;18-64;24;36;2017;NA;15291;121166,60983088858;NA;NA
690781810 - HOSPICES CIVILS DE LYON;18-64;24;36;2018;NA;15268;119435,52000194383;NA;NA
690781810 - HOSPICES CIVILS DE LYON;18-64;24;36;2019;NA;14498;117963,45659833157;NA;NA
690781810 - HOSPICES CIVILS DE LYON;18-64;24;36;2020;NA;12257;117201,89416270300;NA;NA
690781810 - HOSPICES CIVILS DE LYON;18-64;24;36;2022;NA;11407;115553,15220795896;NA;NA
690781810 - HOSPICES CIVILS DE LYON;18-64;24;36;2023;NA;11133;114529,84187096024;NA;NA
690781810 - HOSPICES CIVILS DE LYON;18-64;24;36;2024;NA;11584;113465,39064503850;NA;NA
690781810 - HOSPICES CIVILS DE LYON;18-64;24;36;2025;NA;10299;112382,68037802816;NA;NA
690781810 - HOSPICES CIVILS DE LYON;18-64;24;37;2016;NA;40928;351494,82176490204;NA;NA
690781810 - HOSPICES CIVILS DE LYON;18-64;24;37;2017;NA;39827;349674,47034485918;NA;NA
690781810 - HOSPICES CIVILS DE LYON;18-64;24;37;2018;NA;39388;348988,10871244565;NA;NA
690781810 - HOSPICES CIVILS DE LYON;18-64;24;37;2019;NA;38461;350539,14705665869;NA;NA
690781810 - HOSPICES CIVILS DE LYON;18-64;24;37;2020;NA;33675;350861,63051219040;NA;NA
690781810 - HOSPICES CIVILS DE LYON;18-64;24;37;2021;NA;34034;350158,31203868694;NA;NA
690781810 - HOSPICES CIVILS DE LYON;18-64;24;37;2023;NA;33356;351772,91579918331;NA;NA
690781810 - HOSPICES CIVILS DE LYON;18-64;24;37;2024;NA;33170;352192,17487702024;NA;NA
690781810 - HOSPICES CIVILS DE LYON;18-64;75;40;2017;NA;26323;229498,57877754641;NA;NA
690781810 - HOSPICES CIVILS DE LYON;18-64;75;40;2019;NA;24730;229998,56063618636;NA;NA
690781810 - HOSPICES CIVILS DE LYON;18-64;75;40;2020;NA;21880;231295,23751160182;NA;NA
690781810 - HOSPICES CIVILS DE LYON;18-64;75;40;2021;NA;22502;233916,07535712558;NA;NA
690781810 - HOSPICES CIVILS DE LYON;18-64;75;40;2022;NA;22460;236689,00352456333;NA;NA
690781810 - HOSPICES CIVILS DE LYON;18-64;75;40;2023;NA;22959;238413,99071370266;NA;NA
690781810 - HOSPICES CIVILS DE LYON;18-64;75;40;2024;NA;22800;239972,10892808964;NA;NA
690781810 - HOSPICES CIVILS DE LYON;18-64;75;40;2025;NA;20568;241540,43570703038;NA;NA
690781810 - HOSPICES CIVILS DE LYON;18-64;24;41;2018;NA;20965;181589,80774233706;NA;NA
690781810 - HOSPICES CIVILS DE LYON;18-64;24;41;2019;NA;20141;180320,68927642470;NA;NA
690781810 - HOSPICES CIVILS DE LYON;18-64;24;41;2020;NA;17250;179619,80532321439;NA;NA
690781810 - HOSPICES CIVILS DE LYON;18-64;24;41;2023;NA;17028;178100,56363375598;NA;NA
690781810 - HOSPICES CIVILS DE LYON;18-64;24;41;2024;NA;16996;177325,94485776481;NA;NA
690781810 - HOSPICES CIVILS DE LYON;18-64;24;41;2025;NA;15024;176535,30550279477;NA;NA
690781810 - HOSPICES CIVILS DE LYON;18-64;52;44;2025;NA;65883;891399,88951035705;NA;NA
690781810 - HOSPICES CIVILS DE LYON;18-64;24;45;2016;NA;46501;390088,87183424481;NA;NA
690781810 - HOSPICES CIVILS DE LYON;18-64;24;45;2018;NA;44576;388801,00436407881;NA;NA
690781810 - HOSPICES CIVILS DE LYON;18-64;24;45;2020;NA;37023;388122,75737898389;NA;NA
690781810 - HOSPICES CIVILS DE LYON;18-64;24;45;2024;NA;36681;389980,07967165980;NA;NA
690781810 - HOSPICES CIVILS DE LYON;18-64;76;46;2016;NA;12182;94331,96979961872;NA;NA
690781810 - HOSPICES CIVILS DE LYON;18-64;76;46;2017;NA;12079;93989,98826975445;NA;NA
690781810 - HOSPICES CIVILS DE LYON;18-64;76;46;2018;NA;11670;93591,37943086692;NA;NA
690781810 - HOSPICES CIVILS DE LYON;18-64;76;46;2019;NA;11146;92847,18676329141;NA;NA
690781810 - HOSPICES CIVILS DE LYON;18-64;76;46;2020;NA;9499;92547,62570467910;NA;NA
690781810 - HOSPICES CIVILS DE LYON;18-64;76;46;2021;NA;9640;91906,15652441132;NA;NA
690781810 - HOSPICES CIVILS DE LYON;18-64;76;46;2022;NA;9040;91799,12957877091;NA;NA
690781810 - HOSPICES CIVILS DE LYON;18-64;76;46;2023;NA;9220;91514,17167942786;NA;NA
690781810 - HOSPICES CIVILS DE LYON;18-64;76;46;2024;NA;9505;91179,80519120533;NA;NA
690781810 - HOSPICES CIVILS DE LYON;18-64;76;46;2025;NA;8730;90753,83607942202;NA;NA
690781810 - HOSPICES CIVILS DE LYON;18-64;75;47;2016;NA;23521;184241,89201082767;NA;NA
690781810 - HOSPICES CIVILS DE LYON;18-64;75;47;2017;NA;22907;182817,05760314880;NA;NA
690781810 - HOSPICES CIVILS DE LYON;18-64;75;47;2018;NA;21956;181043,28437366706;NA;NA
690781810 - HOSPICES CIVILS DE LYON;18-64;75;47;2019;NA;21594;179790,69838059155;NA;NA
690781810 - HOSPICES CIVILS DE LYON;18-64;75;47;2020;NA;18226;178473,67388424926;NA;NA
690781810 - HOSPICES CIVILS DE LYON;18-64;75;47;2021;NA;18615;177970,93058939037;NA;NA
690781810 - HOSPICES CIVILS DE LYON;18-64;75;47;2022;NA;18086;178597,71289562169;NA;NA
690781810 - HOSPICES CIVILS DE LYON;18-64;75;47;2023;NA;18159;178005,99538369608;NA;NA
690781810 - HOSPICES CIVILS DE LYON;18-64;75;47;2024;NA;18214;177487,58694696071;NA;NA
690781810 - HOSPICES CIVILS DE LYON;18-64;75;47;2025;NA;16296;176867,10472689322;NA;NA
690781810 - HOSPICES CIVILS DE LYON;18-64;76;48;2016;NA;5673;43363,80873834040;NA;NA
690781810 - HOSPICES CIVILS DE LYON;18-64;76;48;2017;NA;5236;43265,69104556168;NA;NA
690781810 - HOSPICES CIVILS DE LYON;18-64;76;48;2018;NA;4870;42894,12862021889;NA;NA
690781810 - HOSPICES CIVILS DE LYON;18-64;76;48;2020;NA;3994;42654,91697270384;NA;NA
690781810 - HOSPICES CIVILS DE LYON;18-64;76;48;2021;NA;4257;42302,73471906572;NA;NA
690781810 - HOSPICES CIVILS DE LYON;18-64;76;48;2022;NA;4296;42095,78823113613;NA;NA
690781810 - HOSPICES CIVILS DE LYON;18-64;76;48;2025;NA;3710;41565,35617712162;NA;NA
690781810 - HOSPICES CIVILS DE LYON;18-64;52;49;2016;NA;54099;466621,89327611885;NA;NA
690781810 - HOSPICES CIVILS DE LYON;18-64;52;49;2017;NA;51653;464909,70942126820;NA;NA
690781810 - HOSPICES CIVILS DE LYON;18-64;52;49;2018;NA;49299;465285,21720104723;NA;NA
690781810 - HOSPICES CIVILS DE LYON;18-64;52;49;2019;NA;48016;468059,43188791262;NA;NA
690781810 - HOSPICES CIVILS DE LYON;18-64;52;49;2020;NA;43164;467789,41596964316;NA;NA
690781810 - HOSPICES CIVILS DE LYON;18-64;52;49;2022;NA;41611;470615,00711397600;NA;NA
690781810 - HOSPICES CIVILS DE LYON;18-64;52;49;2023;NA;41331;472321,03538064373;NA;NA
690781810 - HOSPICES CIVILS DE LYON;18-64;52;49;2024;NA;41510;474032,12412916293;NA;NA
690781810 - HOSPICES CIVILS DE LYON;18-64;28;50;2016;NA;33625;280189,42968254344;NA;NA
690781810 - HOSPICES CIVILS DE LYON;18-64;28;50;2017;NA;32983;277325,99564749765;NA;NA
690781810 - HOSPICES CIVILS DE LYON;18-64;28;50;2018;NA;31981;275804,45599436387;NA;NA
690781810 - HOSPICES CIVILS DE LYON;18-64;28;50;2019;NA;30235;274058,32435200585;NA;NA
690781810 - HOSPICES CIVILS DE LYON;18-64;28;50;2020;NA;26751;273622,47987833136;NA;NA
690781810 - HOSPICES CIVILS DE LYON;18-64;28;50;2021;NA;27486;272880,85329596250;NA;NA
690781810 - HOSPICES CIVILS DE LYON;18-64;28;50;2022;NA;26855;272146,91170433874;NA;NA
690781810 - HOSPICES CIVILS DE LYON;18-64;28;50;2023;NA;26869;271051,85540792596;NA;NA
690781810 - HOSPICES CIVILS DE LYON;18-64;28;50;2024;NA;27659;269960,36577189888;NA;NA
690781810 - HOSPICES CIVILS DE LYON;18-64;44;51;2018;NA;38003;334161,19575733587;NA;NA
690781810 - HOSPICES CIVILS DE LYON;18-64;44;51;2019;NA;38387;333790,60686711018;NA;NA
690781810 - HOSPICES CIVILS DE LYON;18-64;44;51;2021;NA;34396;330065,71390149748;NA;NA
690781810 - HOSPICES CIVILS DE LYON;18-64;44;51;2022;NA;32805;328379,52312366449;NA;NA
690781810 - HOSPICES CIVILS DE LYON;18-64;44;51;2023;NA;32129;326731,90641221812;NA;NA
690781810 - HOSPICES CIVILS DE LYON;18-64;44;51;2024;NA;32468;324962,40973415680;NA;NA
690781810 - HOSPICES CIVILS DE LYON;18-64;44;51;2025;NA;29965;323357,94794516725;NA;NA
690781810 - HOSPICES CIVILS DE LYON;18-64;44;52;2020;NA;11363;95674,75797032476;NA;NA
690781810 - HOSPICES CIVILS DE LYON;18-64;44;52;2023;NA;10661;92682,65440010419;NA;NA
690781810 - HOSPICES CIVILS DE LYON;18-64;44;52;2024;NA;10958;91571,65626651587;NA;NA
690781810 - HOSPICES CIVILS DE LYON;18-64;52;53;2016;NA;20279;172164,16995542560;NA;NA
690781810 - HOSPICES CIVILS DE LYON;18-64;52;53;2017;NA;19929;171111,08846884369;NA;NA
690781810 - HOSPICES CIVILS DE LYON;18-64;52;53;2018;NA;19708;170313,52572469844;NA;NA
690781810 - HOSPICES CIVILS DE LYON;18-64;52;53;2019;NA;19143;170216,06897624594;NA;NA
690781810 - HOSPICES CIVILS DE LYON;18-64;52;53;2020;NA;16527;169439,22655808466;NA;NA
690781810 - HOSPICES CIVILS DE LYON;18-64;52;53;2021;NA;16988;169033,35574648151;NA;NA
690781810 - HOSPICES CIVILS DE LYON;18-64;52;53;2022;NA;16795;168751,92606523199;NA;NA
690781810 - HOSPICES CIVILS DE LYON;18-64;52;53;2023;NA;16817;168169,77805103088;NA;NA
690781810 - HOSPICES CIVILS DE LYON;18-64;52;53;2024;NA;16690;167458,34329737260;NA;NA
690781810 - HOSPICES CIVILS DE LYON;18-64;52;53;2025;NA;16060;166807,15658063153;NA;NA
690781810 - HOSPICES CIVILS DE LYON;18-64;44;55;2016;NA;16228;109510,02269308934;NA;NA
690781810 - HOSPICES CIVILS DE LYON;18-64;44;55;2017;NA;15503;107585,85308588298;NA;NA
690781810 - HOSPICES CIVILS DE LYON;18-64;44;55;2018;NA;15100;105831,90869074111;NA;NA
690781810 - HOSPICES CIVILS DE LYON;18-64;44;55;2020;NA;11906;103190,47148114178;NA;NA
690781810 - HOSPICES CIVILS DE LYON;18-64;44;55;2021;NA;12161;102197,42013799507;NA;NA
690781810 - HOSPICES CIVILS DE LYON;18-64;44;55;2022;NA;11754;100948,54836628222;NA;NA
690781810 - HOSPICES CIVILS DE LYON;18-64;44;55;2023;NA;11393;99666,23612672913;NA;NA
690781810 - HOSPICES CIVILS DE LYON;18-64;44;55;2024;NA;10908;98416,65822162596;NA;NA
690781810 - HOSPICES CIVILS DE LYON;18-64;44;55;2025;NA;10023;97184,38365366550;NA;NA
690781810 - HOSPICES CIVILS DE LYON;18-64;53;56;2016;NA;49938;420809,87092622439;NA;NA
690781810 - HOSPICES CIVILS DE LYON;18-64;53;56;2017;NA;48790;419923,80618778459;NA;NA
690781810 - HOSPICES CIVILS DE LYON;18-64;53;56;2020;NA;42342;421265,76337241783;NA;NA
690781810 - HOSPICES CIVILS DE LYON;18-64;53;56;2021;NA;43658;422739,98507781432;NA;NA
690781810 - HOSPICES CIVILS DE LYON;18-64;53;56;2022;NA;41506;425098,75687646517;NA;NA
690781810 - HOSPICES CIVILS DE LYON;18-64;53;56;2023;NA;41247;425963,09683202044;NA;NA
690781810 - HOSPICES CIVILS DE LYON;18-64;32;60;2019;NA;57701;489547,50773002126;NA;NA
690781810 - HOSPICES CIVILS DE LYON;18-64;32;60;2020;NA;49402;487521,79333958746;NA;NA
690781810 - HOSPICES CIVILS DE LYON;18-64;32;60;2025;NA;44626;482434,87919289211;NA;NA
690781810 - HOSPICES CIVILS DE LYON;18-64;28;61;2016;NA;22270;157695,90772587713;NA;NA
690781810 - HOSPICES CIVILS DE LYON;18-64;28;61;2017;NA;21011;155354,30473008537;NA;NA
690781810 - HOSPICES CIVILS DE LYON;18-64;28;61;2018;NA;20513;153576,72960739909;NA;NA
690781810 - HOSPICES CIVILS DE LYON;18-64;28;61;2019;NA;20098;152040,22253498988;NA;NA
690781810 - HOSPICES CIVILS DE LYON;18-64;28;61;2020;NA;17275;150215,23195693683;NA;NA
690781810 - HOSPICES CIVILS DE LYON;18-64;28;61;2021;NA;17656;148742,24821916586;NA;NA
690781810 - HOSPICES CIVILS DE LYON;18-64;28;61;2022;NA;17140;147962,33454493576;NA;NA
690781810 - HOSPICES CIVILS DE LYON;18-64;28;61;2023;NA;17006;146699,36854396027;NA;NA
690781810 - HOSPICES CIVILS DE LYON;18-64;28;61;2024;NA;16964;145406,69778211426;NA;NA
690781810 - HOSPICES CIVILS DE LYON;18-64;28;61;2025;NA;15517;144125,86921523267;NA;NA
690781810 - HOSPICES CIVILS DE LYON;18-64;32;62;2016;NA;121487;865854,73583950044;NA;NA
690781810 - HOSPICES CIVILS DE LYON;18-64;32;62;2019;NA;115945;849938,65853573335;NA;NA
690781810 - HOSPICES CIVILS DE LYON;18-64;32;62;2022;NA;100486;839844,30199055141;NA;NA
690781810 - HOSPICES CIVILS DE LYON;18-64;32;62;2023;NA;101241;836143,96287494421;NA;NA
690781810 - HOSPICES CIVILS DE LYON;18-64;32;62;2025;NA;91688;827544,54965124058;NA;NA
690781810 - HOSPICES CIVILS DE LYON;18-64;75;64;2016;NA;42477;388857,20404509292;NA;NA
690781810 - HOSPICES CIVILS DE LYON;18-64;75;64;2018;NA;40512;387871,39732832363;NA;NA
690781810 - HOSPICES CIVILS DE LYON;18-64;75;64;2020;NA;35326;389504,63113220083;NA;NA
690781810 - HOSPICES CIVILS DE LYON;18-64;75;64;2021;NA;35983;392299,70645682246;NA;NA
690781810 - HOSPICES CIVILS DE LYON;18-64;75;64;2024;NA;35816;398927,40583132830;NA;NA
690781810 - HOSPICES CIVILS DE LYON;18-64;76;65;2016;NA;15606;127462,68969578500;NA;NA
690781810 - HOSPICES CIVILS DE LYON;18-64;76;65;2017;NA;15506;126959,03065974050;NA;NA
690781810 - HOSPICES CIVILS DE LYON;18-64;76;65;2018;NA;14477;126870,74761791095;NA;NA
690781810 - HOSPICES CIVILS DE LYON;18-64;76;65;2019;NA;14006;126498,50495478357;NA;NA
690781810 - HOSPICES CIVILS DE LYON;18-64;76;65;2020;NA;12166;126178,86621137743;NA;NA
690781810 - HOSPICES CIVILS DE LYON;18-64;76;65;2022;NA;12295;127127,22760832276;NA;NA
690781810 - HOSPICES CIVILS DE LYON;18-64;76;65;2023;NA;12047;127089,13595999335;NA;NA
690781810 - HOSPICES CIVILS DE LYON;18-64;76;65;2024;NA;12541;127014,33303027278;NA;NA
690781810 - HOSPICES CIVILS DE LYON;18-64;76;65;2025;NA;11308;126976,85983645299;NA;NA
690781810 - HOSPICES CIVILS DE LYON;18-64;52;72;2019;NA;38722;317247,26585245057;NA;NA
690781810 - HOSPICES CIVILS DE LYON;18-64;52;72;2020;NA;34055;316758,58830062550;NA;NA
690781810 - HOSPICES CIVILS DE LYON;18-64;52;72;2021;NA;34828;315850,12352906819;NA;NA
690781810 - HOSPICES CIVILS DE LYON;18-64;52;72;2022;NA;32946;315365,27157619636;NA;NA
690781810 - HOSPICES CIVILS DE LYON;18-64;52;72;2023;NA;32827;314604,70840032096;NA;NA
690781810 - HOSPICES CIVILS DE LYON;18-64;52;72;2024;NA;33470;313870,93902939319;NA;NA
690781810 - HOSPICES CIVILS DE LYON;18-64;52;72;2025;NA;31463;313256,34367770876;NA;NA
690781810 - HOSPICES CIVILS DE LYON;18-64;75;79;2016;NA;25905;211728,20035593992;NA;NA
690781810 - HOSPICES CIVILS DE LYON;18-64;75;79;2017;NA;25537;210476,87607954416;NA;NA
690781810 - HOSPICES CIVILS DE LYON;18-64;75;79;2018;NA;25008;209792,76725525831;NA;NA
690781810 - HOSPICES CIVILS DE LYON;18-64;75;79;2019;NA;24085;208981,11027621388;NA;NA
690781810 - HOSPICES CIVILS DE LYON;18-64;75;79;2020;NA;20613;208586,66972541792;NA;NA
690781810 - HOSPICES CIVILS DE LYON;18-64;75;79;2021;NA;21880;208206,13703706395;NA;NA
690781810 - HOSPICES CIVILS DE LYON;18-64;75;79;2022;NA;20447;208368,04670451707;NA;NA
690781810 - HOSPICES CIVILS DE LYON;18-64;75;79;2023;NA;21227;208035,58532307664;NA;NA
690781810 - HOSPICES CIVILS DE LYON;18-64;75;79;2024;NA;21212;207631,51517705020;NA;NA
690781810 - HOSPICES CIVILS DE LYON;18-64;75;79;2025;NA;20110;207248,70593463405;NA;NA
690781810 - HOSPICES CIVILS DE LYON;18-64;32;80;2016;NA;44974;338941,28576616530;NA;NA
690781810 - HOSPICES CIVILS DE LYON;18-64;32;80;2017;NA;44337;336304,23097553721;NA;NA
690781810 - HOSPICES CIVILS DE LYON;18-64;32;80;2018;NA;42324;333523,37859969772;NA;NA
690781810 - HOSPICES CIVILS DE LYON;18-64;32;80;2020;NA;36582;330679,77561681310;NA;NA
690781810 - HOSPICES CIVILS DE LYON;18-64;32;80;2021;NA;37759;328921,68621124671;NA;NA
690781810 - HOSPICES CIVILS DE LYON;18-64;32;80;2022;NA;36097;327840,18728174135;NA;NA
690781810 - HOSPICES CIVILS DE LYON;18-64;32;80;2023;NA;36134;325893,38620408182;NA;NA
690781810 - HOSPICES CIVILS DE LYON;18-64;32;80;2024;NA;35457;324312,14801550785;NA;NA
690781810 - HOSPICES CIVILS DE LYON;18-64;32;80;2025;NA;32300;322371,81824073207;NA;NA
690781810 - HOSPICES CIVILS DE LYON;18-64;76;81;2017;NA;25554;215168,45520950135;NA;NA
690781810 - HOSPICES CIVILS DE LYON;18-64;76;81;2020;NA;21620;214019,60803600299;NA;NA
690781810 - HOSPICES CIVILS DE LYON;18-64;76;81;2022;NA;21543;215955,57926376510;NA;NA
690781810 - HOSPICES CIVILS DE LYON;18-64;76;81;2023;NA;22144;216532,43886902047;NA;NA
690781810 - HOSPICES CIVILS DE LYON;18-64;76;81;2024;NA;21968;217088,49759953876;NA;NA
690781810 - HOSPICES CIVILS DE LYON;18-64;76;81;2025;NA;20656;217342,74744962365;NA;NA
690781810 - HOSPICES CIVILS DE LYON;18-64;76;82;2016;NA;19496;145349,43186327690;NA;NA
690781810 - HOSPICES CIVILS DE LYON;18-64;76;82;2017;NA;18780;145531,03835328040;NA;NA
690781810 - HOSPICES CIVILS DE LYON;18-64;76;82;2018;NA;18307;145089,81522714009;NA;NA
690781810 - HOSPICES CIVILS DE LYON;18-64;76;82;2019;NA;18152;145434,75692780214;NA;NA
690781810 - HOSPICES CIVILS DE LYON;18-64;76;82;2020;NA;15953;145991,58509561798;NA;NA
690781810 - HOSPICES CIVILS DE LYON;18-64;76;82;2021;NA;15906;146109,08992639044;NA;NA
690781810 - HOSPICES CIVILS DE LYON;18-64;76;82;2022;NA;14764;146824,46751208630;NA;NA
690781810 - HOSPICES CIVILS DE LYON;18-64;76;82;2023;NA;14453;147223,67551574245;NA;NA
690781810 - HOSPICES CIVILS DE LYON;18-64;76;82;2024;NA;14484;147583,88235337599;NA;NA
690781810 - HOSPICES CIVILS DE LYON;18-64;76;82;2025;NA;13666;147891,54051465495;NA;NA
690781810 - HOSPICES CIVILS DE LYON;18-64;52;85;2016;NA;44403;373813,59570568777;NA;NA
690781810 - HOSPICES CIVILS DE LYON;18-64;52;85;2017;NA;43549;374193,77927641367;NA;NA
690781810 - HOSPICES CIVILS DE LYON;18-64;52;85;2018;NA;41912;374104,15776149853;NA;NA
690781810 - HOSPICES CIVILS DE LYON;18-64;52;85;2019;NA;41086;374401,45256808662;NA;NA
690781810 - HOSPICES CIVILS DE LYON;18-64;52;85;2020;NA;36969;375933,84598637372;NA;NA
690781810 - HOSPICES CIVILS DE LYON;18-64;52;85;2022;NA;36971;382258,76646120223;NA;NA
690781810 - HOSPICES CIVILS DE LYON;18-64;52;85;2023;NA;36947;384440,32353822840;NA;NA
690781810 - HOSPICES CIVILS DE LYON;18-64;52;85;2024;NA;37922;386514,81990072917;NA;NA
690781810 - HOSPICES CIVILS DE LYON;18-64;52;85;2025;NA;34586;388501,23031109455;NA;NA
690781810 - HOSPICES CIVILS DE LYON;18-64;75;86;2016;NA;31149;252742,35643385461;NA;NA
690781810 - HOSPICES CIVILS DE LYON;18-64;75;86;2017;NA;29431;251788,16164671961;NA;NA
690781810 - HOSPICES CIVILS DE LYON;18-64;75;86;2018;NA;28203;251251,00576707019;NA;NA
690781810 - HOSPICES CIVILS DE LYON;18-64;75;86;2019;NA;27313;251979,74291014473;NA;NA
690781810 - HOSPICES CIVILS DE LYON;18-64;75;86;2020;NA;24834;251414,24058622521;NA;NA
690781810 - HOSPICES CIVILS DE LYON;18-64;75;86;2021;NA;25068;250321,13946264290;NA;NA
690781810 - HOSPICES CIVILS DE LYON;18-64;75;86;2022;NA;24261;248943,47168838579;NA;NA
690781810 - HOSPICES CIVILS DE LYON;18-64;75;86;2023;NA;23498;248409,25612184737;NA;NA
690781810 - HOSPICES CIVILS DE LYON;18-64;75;86;2024;NA;23647;248094,90874551414;NA;NA
690781810 - HOSPICES CIVILS DE LYON;18-64;75;86;2025;NA;21936;247649,59240802500;NA;NA
690781810 - HOSPICES CIVILS DE LYON;18-64;75;87;2017;NA;25885;211962,60191766403;NA;NA
690781810 - HOSPICES CIVILS DE LYON;18-64;75;87;2018;NA;25104;210008,19287380076;NA;NA
690781810 - HOSPICES CIVILS DE LYON;18-64;75;87;2019;NA;24291;209229,55039777243;NA;NA
690781810 - HOSPICES CIVILS DE LYON;18-64;75;87;2020;NA;21855;208550,12118498521;NA;NA
690781810 - HOSPICES CIVILS DE LYON;18-64;75;87;2021;NA;22609;207014,91244930835;NA;NA
690781810 - HOSPICES CIVILS DE LYON;18-64;75;87;2022;NA;21757;207026,23519245672;NA;NA
690781810 - HOSPICES CIVILS DE LYON;18-64;75;87;2024;NA;21963;205958,33744312995;NA;NA
690781810 - HOSPICES CIVILS DE LYON;18-64;75;87;2025;NA;20003;205345,18065765215;NA;NA
690781810 - HOSPICES CIVILS DE LYON;18-64;44;88;2017;NA;29133;208881,72163207395;NA;NA
690781810 - HOSPICES CIVILS DE LYON;18-64;44;88;2019;NA;27212;204875,08814567066;NA;NA
690781810 - HOSPICES CIVILS DE LYON;18-64;44;88;2020;NA;23132;202395,55463882213;NA;NA
690781810 - HOSPICES CIVILS DE LYON;18-64;44;88;2023;NA;22651;197481,17992573945;NA;NA
690781810 - HOSPICES CIVILS DE LYON;18-64;27;90;2017;NA;9402;84588,55970159500;NA;NA
690781810 - HOSPICES CIVILS DE LYON;18-64;11;91;2023;NA;74835;799236,14738343155;NA;NA
690781810 - HOSPICES CIVILS DE LYON;18-64;11;94;2020;NA;80581;868562,69463403057;NA;NA
690781810 - HOSPICES CIVILS DE LYON;18-64;NA;NA;2016;NA;23;NA;NA;NA
690781810 - HOSPICES CIVILS DE LYON;18-64;NA;NA;2017;NA;NA;NA;NA;NA
690781810 - HOSPICES CIVILS DE LYON;18-64;NA;NA;2018;NA;NA;NA;NA;NA
690781810 - HOSPICES CIVILS DE LYON;18-64;NA;NA;2019;NA;NA;NA;NA;NA
690781810 - HOSPICES CIVILS DE LYON;18-64;NA;NA;2020;NA;NA;NA;NA;NA
690781810 - HOSPICES CIVILS DE LYON;18-64;NA;NA;2021;NA;NA;NA;NA;NA
690781810 - HOSPICES CIVILS DE LYON;18-64;NA;NA;2022;NA;NA;NA;NA;NA
690781810 - HOSPICES CIVILS DE LYON;18-64;NA;NA;2023;NA;NA;NA;NA;NA
690781810 - HOSPICES CIVILS DE LYON;18-64;NA;NA;2024;NA;NA;NA;NA;NA
690781810 - HOSPICES CIVILS DE LYON;18-64;NA;NA;2025;NA;NA;NA;NA;NA
690781810 - HOSPICES CIVILS DE LYON;65-79;32;02;2016;NA;22628;70252,00000000000;NA;NA
690781810 - HOSPICES CIVILS DE LYON;65-79;32;02;2017;NA;23557;72681,00000000000;NA;NA
690781810 - HOSPICES CIVILS DE LYON;65-79;32;02;2018;NA;24266;75268,00000000000;NA;NA
690781810 - HOSPICES CIVILS DE LYON;65-79;32;02;2019;NA;24711;77137,00000000000;NA;NA
690781810 - HOSPICES CIVILS DE LYON;65-79;32;02;2020;NA;22026;79140,00000000000;NA;NA
690781810 - HOSPICES CIVILS DE LYON;65-79;32;02;2021;NA;22662;81180,00000000000;NA;NA
690781810 - HOSPICES CIVILS DE LYON;65-79;32;02;2022;NA;24271;83392,00000000000;NA;NA
690781810 - HOSPICES CIVILS DE LYON;65-79;32;02;2023;NA;24653;84955,00000000000;NA;NA
690781810 - HOSPICES CIVILS DE LYON;65-79;32;02;2024;NA;25628;86718,00000000000;NA;NA
690781810 - HOSPICES CIVILS DE LYON;65-79;32;02;2025;NA;24764;88285,00000000000;NA;NA
690781810 - HOSPICES CIVILS DE LYON;65-79;93;04;2019;NA;8846;30113,00000000000;NA;NA
690781810 - HOSPICES CIVILS DE LYON;65-79;44;08;2016;NA;11617;38089,00000000000;NA;NA
690781810 - HOSPICES CIVILS DE LYON;65-79;44;08;2017;NA;11703;39019,00000000000;NA;NA
690781810 - HOSPICES CIVILS DE LYON;65-79;44;08;2018;NA;11843;39884,00000000000;NA;NA
690781810 - HOSPICES CIVILS DE LYON;65-79;44;08;2019;NA;11904;40549,00000000000;NA;NA
690781810 - HOSPICES CIVILS DE LYON;65-79;44;08;2020;NA;10541;41708,00000000000;NA;NA
690781810 - HOSPICES CIVILS DE LYON;65-79;44;08;2021;NA;11078;43211,00000000000;NA;NA
690781810 - HOSPICES CIVILS DE LYON;65-79;44;08;2022;NA;11882;44210,00000000000;NA;NA
690781810 - HOSPICES CIVILS DE LYON;65-79;44;08;2023;NA;12351;45239,00000000000;NA;NA
690781810 - HOSPICES CIVILS DE LYON;65-79;44;08;2024;NA;12765;46067,00000000000;NA;NA
690781810 - HOSPICES CIVILS DE LYON;65-79;44;08;2025;NA;11994;47119,00000000000;NA;NA
690781810 - HOSPICES CIVILS DE LYON;65-79;76;09;2016;NA;6991;24988,00000000000;NA;NA
690781810 - HOSPICES CIVILS DE LYON;65-79;76;09;2017;NA;7132;25654,00000000000;NA;NA
690781810 - HOSPICES CIVILS DE LYON;65-79;76;09;2018;NA;7218;26428,00000000000;NA;NA
690781810 - HOSPICES CIVILS DE LYON;65-79;76;09;2019;NA;7078;27135,00000000000;NA;NA
690781810 - HOSPICES CIVILS DE LYON;65-79;76;09;2020;NA;6648;27997,00000000000;NA;NA
690781810 - HOSPICES CIVILS DE LYON;65-79;76;09;2021;NA;7019;28948,00000000000;NA;NA
690781810 - HOSPICES CIVILS DE LYON;65-79;76;09;2022;NA;7370;29796,00000000000;NA;NA
690781810 - HOSPICES CIVILS DE LYON;65-79;76;09;2023;NA;7596;30518,00000000000;NA;NA
690781810 - HOSPICES CIVILS DE LYON;65-79;76;09;2024;NA;8114;31099,00000000000;NA;NA
690781810 - HOSPICES CIVILS DE LYON;65-79;76;09;2025;NA;7632;31786,00000000000;NA;NA
690781810 - HOSPICES CIVILS DE LYON;65-79;44;10;2016;NA;11907;43292,00000000000;NA;NA
690781810 - HOSPICES CIVILS DE LYON;65-79;44;10;2017;NA;12034;44454,00000000000;NA;NA
690781810 - HOSPICES CIVILS DE LYON;65-79;44;10;2018;NA;12193;45504,00000000000;NA;NA
690781810 - HOSPICES CIVILS DE LYON;65-79;44;10;2019;NA;12413;46562,00000000000;NA;NA
690781810 - HOSPICES CIVILS DE LYON;65-79;44;10;2020;NA;11532;47448,00000000000;NA;NA
690781810 - HOSPICES CIVILS DE LYON;65-79;44;10;2021;NA;11487;48567,00000000000;NA;NA
690781810 - HOSPICES CIVILS DE LYON;65-79;44;10;2022;NA;11532;49910,00000000000;NA;NA
690781810 - HOSPICES CIVILS DE LYON;65-79;44;10;2023;NA;11456;50701,00000000000;NA;NA
690781810 - HOSPICES CIVILS DE LYON;65-79;44;10;2024;NA;12173;51585,00000000000;NA;NA
690781810 - HOSPICES CIVILS DE LYON;65-79;44;10;2025;NA;11970;52039,00000000000;NA;NA
690781810 - HOSPICES CIVILS DE LYON;65-79;76;11;2016;NA;16859;61870,00000000000;NA;NA
690781810 - HOSPICES CIVILS DE LYON;65-79;76;11;2017;NA;17107;63865,00000000000;NA;NA
690781810 - HOSPICES CIVILS DE LYON;65-79;76;11;2018;NA;17970;66159,00000000000;NA;NA
690781810 - HOSPICES CIVILS DE LYON;65-79;76;11;2019;NA;18516;68450,00000000000;NA;NA
690781810 - HOSPICES CIVILS DE LYON;65-79;76;11;2021;NA;17854;72510,00000000000;NA;NA
690781810 - HOSPICES CIVILS DE LYON;65-79;76;11;2023;NA;19584;75729,00000000000;NA;NA
690781810 - HOSPICES CIVILS DE LYON;65-79;76;11;2024;NA;20063;76639,00000000000;NA;NA
690781810 - HOSPICES CIVILS DE LYON;65-79;76;11;2025;NA;18885;77700,00000000000;NA;NA
690781810 - HOSPICES CIVILS DE LYON;65-79;76;12;2016;NA;12130;47201,00000000000;NA;NA
690781810 - HOSPICES CIVILS DE LYON;65-79;76;12;2017;NA;12120;48440,00000000000;NA;NA
690781810 - HOSPICES CIVILS DE LYON;65-79;76;12;2018;NA;12017;49447,00000000000;NA;NA
690781810 - HOSPICES CIVILS DE LYON;65-79;76;12;2019;NA;12260;50618,00000000000;NA;NA
690781810 - HOSPICES CIVILS DE LYON;65-79;76;12;2020;NA;10749;51601,00000000000;NA;NA
690781810 - HOSPICES CIVILS DE LYON;65-79;76;12;2021;NA;11401;52864,00000000000;NA;NA
690781810 - HOSPICES CIVILS DE LYON;65-79;76;12;2022;NA;12170;53497,00000000000;NA;NA
690781810 - HOSPICES CIVILS DE LYON;65-79;76;12;2023;NA;12945;54598,00000000000;NA;NA
690781810 - HOSPICES CIVILS DE LYON;65-79;76;12;2024;NA;12890;55507,00000000000;NA;NA
690781810 - HOSPICES CIVILS DE LYON;65-79;76;12;2025;NA;12262;56417,00000000000;NA;NA
690781810 - HOSPICES CIVILS DE LYON;65-79;28;14;2016;NA;25516;95503,00000000000;NA;NA
690781810 - HOSPICES CIVILS DE LYON;65-79;28;14;2018;NA;26282;102482,00000000000;NA;NA
690781810 - HOSPICES CIVILS DE LYON;65-79;28;14;2019;NA;26485;105469,00000000000;NA;NA
690781810 - HOSPICES CIVILS DE LYON;65-79;28;14;2020;NA;24152;108831,00000000000;NA;NA
690781810 - HOSPICES CIVILS DE LYON;65-79;28;14;2021;NA;25842;112868,00000000000;NA;NA
690781810 - HOSPICES CIVILS DE LYON;65-79;28;14;2022;NA;26856;116913,00000000000;NA;NA
690781810 - HOSPICES CIVILS DE LYON;65-79;28;14;2023;NA;27853;120229,00000000000;NA;NA
690781810 - HOSPICES CIVILS DE LYON;65-79;28;14;2024;NA;27460;122960,00000000000;NA;NA
690781810 - HOSPICES CIVILS DE LYON;65-79;28;14;2025;NA;25887;125735,00000000000;NA;NA
690781810 - HOSPICES CIVILS DE LYON;65-79;84;15;2016;NA;8607;25556,00000000000;NA;NA
690781810 - HOSPICES CIVILS DE LYON;65-79;84;15;2017;NA;8533;26134,00000000000;NA;NA
690781810 - HOSPICES CIVILS DE LYON;65-79;84;15;2018;NA;8430;26509,00000000000;NA;NA
690781810 - HOSPICES CIVILS DE LYON;65-79;75;16;2016;NA;13927;55830,00000000000;NA;NA
690781810 - HOSPICES CIVILS DE LYON;65-79;75;16;2017;NA;14192;57223,00000000000;NA;NA
690781810 - HOSPICES CIVILS DE LYON;65-79;75;16;2018;NA;14359;58794,00000000000;NA;NA
690781810 - HOSPICES CIVILS DE LYON;65-79;75;16;2019;NA;14666;60385,00000000000;NA;NA
690781810 - HOSPICES CIVILS DE LYON;65-79;75;16;2020;NA;13114;61843,00000000000;NA;NA
690781810 - HOSPICES CIVILS DE LYON;65-79;75;16;2021;NA;14042;63578,00000000000;NA;NA
690781810 - HOSPICES CIVILS DE LYON;65-79;75;16;2022;NA;13993;65267,00000000000;NA;NA
690781810 - HOSPICES CIVILS DE LYON;65-79;75;16;2023;NA;14856;66822,00000000000;NA;NA
690781810 - HOSPICES CIVILS DE LYON;65-79;75;16;2024;NA;15160;67985,00000000000;NA;NA
690781810 - HOSPICES CIVILS DE LYON;65-79;75;16;2025;NA;14330;68902,00000000000;NA;NA
690781810 - HOSPICES CIVILS DE LYON;65-79;75;17;2016;NA;30013;113975,00000000000;NA;NA
690781810 - HOSPICES CIVILS DE LYON;65-79;75;17;2017;NA;30411;117884,00000000000;NA;NA
690781810 - HOSPICES CIVILS DE LYON;65-79;75;17;2019;NA;30786;125837,00000000000;NA;NA
690781810 - HOSPICES CIVILS DE LYON;65-79;75;17;2020;NA;28318;130335,00000000000;NA;NA
690781810 - HOSPICES CIVILS DE LYON;65-79;75;17;2021;NA;29276;135578,00000000000;NA;NA
690781810 - HOSPICES CIVILS DE LYON;65-79;75;17;2022;NA;29359;140124,00000000000;NA;NA
690781810 - HOSPICES CIVILS DE LYON;65-79;75;17;2023;NA;29398;143936,00000000000;NA;NA
690781810 - HOSPICES CIVILS DE LYON;65-79;75;17;2024;NA;30188;146879,00000000000;NA;NA
690781810 - HOSPICES CIVILS DE LYON;65-79;75;17;2025;NA;28075;149948,00000000000;NA;NA
690781810 - HOSPICES CIVILS DE LYON;65-79;24;18;2016;NA;13500;50536,00000000000;NA;NA
690781810 - HOSPICES CIVILS DE LYON;65-79;24;18;2018;NA;13591;52581,00000000000;NA;NA
690781810 - HOSPICES CIVILS DE LYON;65-79;24;18;2021;NA;12600;55192,00000000000;NA;NA
690781810 - HOSPICES CIVILS DE LYON;65-79;24;18;2022;NA;12951;56380,00000000000;NA;NA
690781810 - HOSPICES CIVILS DE LYON;65-79;24;18;2024;NA;14004;57591,00000000000;NA;NA
690781810 - HOSPICES CIVILS DE LYON;65-79;75;19;2016;NA;11210;40604,00000000000;NA;NA
690781810 - HOSPICES CIVILS DE LYON;65-79;75;19;2017;NA;10839;41742,00000000000;NA;NA
690781810 - HOSPICES CIVILS DE LYON;65-79;75;19;2018;NA;11490;43113,00000000000;NA;NA
690781810 - HOSPICES CIVILS DE LYON;65-79;75;19;2019;NA;11424;44011,00000000000;NA;NA
690781810 - HOSPICES CIVILS DE LYON;65-79;75;19;2020;NA;10033;44752,00000000000;NA;NA
690781810 - HOSPICES CIVILS DE LYON;65-79;75;19;2021;NA;10992;45814,00000000000;NA;NA
690781810 - HOSPICES CIVILS DE LYON;65-79;75;19;2022;NA;11440;47305,00000000000;NA;NA
690781810 - HOSPICES CIVILS DE LYON;65-79;75;19;2024;NA;11737;49031,00000000000;NA;NA
690781810 - HOSPICES CIVILS DE LYON;65-79;75;19;2025;NA;11385;49807,00000000000;NA;NA
690781810 - HOSPICES CIVILS DE LYON;65-79;53;22;2016;NA;27434;99723,00000000000;NA;NA
690781810 - HOSPICES CIVILS DE LYON;65-79;53;22;2017;NA;27700;102125,00000000000;NA;NA
690781810 - HOSPICES CIVILS DE LYON;65-79;53;22;2018;NA;27568;104758,00000000000;NA;NA
690781810 - HOSPICES CIVILS DE LYON;65-79;53;22;2019;NA;28223;107208,00000000000;NA;NA
690781810 - HOSPICES CIVILS DE LYON;65-79;53;22;2020;NA;25590;109820,00000000000;NA;NA
690781810 - HOSPICES CIVILS DE LYON;65-79;53;22;2021;NA;26883;113309,00000000000;NA;NA
690781810 - HOSPICES CIVILS DE LYON;65-79;53;22;2022;NA;27986;117392,00000000000;NA;NA
690781810 - HOSPICES CIVILS DE LYON;65-79;53;22;2023;NA;28672;120400,00000000000;NA;NA
690781810 - HOSPICES CIVILS DE LYON;65-79;53;22;2024;NA;29670;123267,00000000000;NA;NA
690781810 - HOSPICES CIVILS DE LYON;65-79;53;22;2025;NA;27689;126000,00000000000;NA;NA
690781810 - HOSPICES CIVILS DE LYON;65-79;75;23;2018;NA;7327;22920,00000000000;NA;NA
690781810 - HOSPICES CIVILS DE LYON;65-79;75;23;2019;NA;7036;23285,00000000000;NA;NA
690781810 - HOSPICES CIVILS DE LYON;65-79;75;23;2020;NA;6394;23793,00000000000;NA;NA
690781810 - HOSPICES CIVILS DE LYON;65-79;75;23;2021;NA;6646;24455,00000000000;NA;NA
690781810 - HOSPICES CIVILS DE LYON;65-79;75;23;2022;NA;6835;25092,00000000000;NA;NA
690781810 - HOSPICES CIVILS DE LYON;65-79;75;23;2023;NA;7123;25621,00000000000;NA;NA
690781810 - HOSPICES CIVILS DE LYON;65-79;75;23;2024;NA;7393;26209,00000000000;NA;NA
690781810 - HOSPICES CIVILS DE LYON;65-79;75;23;2025;NA;6998;26704,00000000000;NA;NA
690781810 - HOSPICES CIVILS DE LYON;65-79;75;24;2016;NA;19441;76167,00000000000;NA;NA
690781810 - HOSPICES CIVILS DE LYON;65-79;75;24;2017;NA;19419;77785,00000000000;NA;NA
690781810 - HOSPICES CIVILS DE LYON;65-79;75;24;2018;NA;19804;79703,00000000000;NA;NA
690781810 - HOSPICES CIVILS DE LYON;65-79;75;24;2019;NA;19808;81836,00000000000;NA;NA
690781810 - HOSPICES CIVILS DE LYON;65-79;75;24;2020;NA;17707;83711,00000000000;NA;NA
690781810 - HOSPICES CIVILS DE LYON;65-79;75;24;2021;NA;19311;86033,00000000000;NA;NA
690781810 - HOSPICES CIVILS DE LYON;65-79;75;24;2022;NA;19601;88885,00000000000;NA;NA
690781810 - HOSPICES CIVILS DE LYON;65-79;75;24;2023;NA;20024;91017,00000000000;NA;NA
690781810 - HOSPICES CIVILS DE LYON;65-79;75;24;2024;NA;21461;92737,00000000000;NA;NA
690781810 - HOSPICES CIVILS DE LYON;65-79;75;24;2025;NA;20106;94594,00000000000;NA;NA
690781810 - HOSPICES CIVILS DE LYON;65-79;28;27;2016;NA;22301;76591,00000000000;NA;NA
690781810 - HOSPICES CIVILS DE LYON;65-79;28;27;2017;NA;22794;79018,00000000000;NA;NA
690781810 - HOSPICES CIVILS DE LYON;65-79;28;27;2018;NA;23509;81514,00000000000;NA;NA
690781810 - HOSPICES CIVILS DE LYON;65-79;28;27;2019;NA;23014;84022,00000000000;NA;NA
690781810 - HOSPICES CIVILS DE LYON;65-79;28;27;2020;NA;21346;85985,00000000000;NA;NA
690781810 - HOSPICES CIVILS DE LYON;65-79;28;27;2021;NA;22127;88567,00000000000;NA;NA
690781810 - HOSPICES CIVILS DE LYON;65-79;28;27;2022;NA;23098;91157,00000000000;NA;NA
690781810 - HOSPICES CIVILS DE LYON;65-79;28;27;2023;NA;23837;93382,00000000000;NA;NA
690781810 - HOSPICES CIVILS DE LYON;65-79;28;27;2024;NA;24058;95355,00000000000;NA;NA
690781810 - HOSPICES CIVILS DE LYON;65-79;28;27;2025;NA;22684;97338,00000000000;NA;NA
690781810 - HOSPICES CIVILS DE LYON;65-79;24;28;2016;NA;17639;56913,00000000000;NA;NA
690781810 - HOSPICES CIVILS DE LYON;65-79;24;28;2017;NA;17613;58332,00000000000;NA;NA
690781810 - HOSPICES CIVILS DE LYON;65-79;24;28;2018;NA;17862;60078,00000000000;NA;NA
690781810 - HOSPICES CIVILS DE LYON;65-79;24;28;2019;NA;18359;61503,00000000000;NA;NA
690781810 - HOSPICES CIVILS DE LYON;65-79;24;28;2020;NA;15995;63155,00000000000;NA;NA
690781810 - HOSPICES CIVILS DE LYON;65-79;24;28;2021;NA;15748;64832,00000000000;NA;NA
690781810 - HOSPICES CIVILS DE LYON;65-79;24;28;2022;NA;16459;66653,00000000000;NA;NA
690781810 - HOSPICES CIVILS DE LYON;65-79;24;28;2023;NA;17268;68170,00000000000;NA;NA
690781810 - HOSPICES CIVILS DE LYON;65-79;24;28;2024;NA;17606;69464,00000000000;NA;NA
690781810 - HOSPICES CIVILS DE LYON;65-79;24;28;2025;NA;16609;70751,00000000000;NA;NA
690781810 - HOSPICES CIVILS DE LYON;65-79;53;29;2016;NA;38972;134005,00000000000;NA;NA
690781810 - HOSPICES CIVILS DE LYON;65-79;53;29;2017;NA;39161;137183,00000000000;NA;NA
690781810 - HOSPICES CIVILS DE LYON;65-79;53;29;2018;NA;39338;141924,00000000000;NA;NA
690781810 - HOSPICES CIVILS DE LYON;65-79;53;29;2019;NA;38709;146029,00000000000;NA;NA
690781810 - HOSPICES CIVILS DE LYON;65-79;53;29;2020;NA;37148;150057,00000000000;NA;NA
690781810 - HOSPICES CIVILS DE LYON;65-79;53;29;2021;NA;40019;155263,00000000000;NA;NA
690781810 - HOSPICES CIVILS DE LYON;65-79;53;29;2022;NA;40737;161235,00000000000;NA;NA
690781810 - HOSPICES CIVILS DE LYON;65-79;53;29;2023;NA;42027;166457,00000000000;NA;NA
690781810 - HOSPICES CIVILS DE LYON;65-79;53;29;2024;NA;43075;170545,00000000000;NA;NA
690781810 - HOSPICES CIVILS DE LYON;65-79;53;29;2025;NA;39977;174840,00000000000;NA;NA
690781810 - HOSPICES CIVILS DE LYON;65-79;94;2A;2016;NA;6690;24824,00000000000;NA;NA
690781810 - HOSPICES CIVILS DE LYON;65-79;94;2A;2017;NA;6848;25849,00000000000;NA;NA
690781810 - HOSPICES CIVILS DE LYON;65-79;94;2A;2018;NA;7026;26176,00000000000;NA;NA
690781810 - HOSPICES CIVILS DE LYON;65-79;94;2A;2019;NA;7002;26779,00000000000;NA;NA
690781810 - HOSPICES CIVILS DE LYON;65-79;94;2A;2020;NA;5986;27611,00000000000;NA;NA
690781810 - HOSPICES CIVILS DE LYON;65-79;94;2A;2021;NA;6713;28216,00000000000;NA;NA
690781810 - HOSPICES CIVILS DE LYON;65-79;94;2A;2022;NA;6728;28855,00000000000;NA;NA
690781810 - HOSPICES CIVILS DE LYON;65-79;94;2A;2023;NA;6701;29290,00000000000;NA;NA
690781810 - HOSPICES CIVILS DE LYON;65-79;94;2A;2024;NA;7322;29935,00000000000;NA;NA
690781810 - HOSPICES CIVILS DE LYON;65-79;94;2A;2025;NA;6942;30580,00000000000;NA;NA
690781810 - HOSPICES CIVILS DE LYON;65-79;94;2B;2016;NA;7124;27362,00000000000;NA;NA
690781810 - HOSPICES CIVILS DE LYON;65-79;94;2B;2017;NA;7461;28372,00000000000;NA;NA
690781810 - HOSPICES CIVILS DE LYON;65-79;94;2B;2018;NA;7552;29474,00000000000;NA;NA
690781810 - HOSPICES CIVILS DE LYON;65-79;94;2B;2020;NA;6514;30921,00000000000;NA;NA
690781810 - HOSPICES CIVILS DE LYON;65-79;94;2B;2021;NA;7136;31588,00000000000;NA;NA
690781810 - HOSPICES CIVILS DE LYON;65-79;94;2B;2023;NA;7585;33036,00000000000;NA;NA
690781810 - HOSPICES CIVILS DE LYON;65-79;94;2B;2025;NA;7441;34306,00000000000;NA;NA
690781810 - HOSPICES CIVILS DE LYON;65-79;76;31;2016;NA;41135;146621,00000000000;NA;NA
690781810 - HOSPICES CIVILS DE LYON;65-79;76;31;2017;NA;41742;151869,00000000000;NA;NA
690781810 - HOSPICES CIVILS DE LYON;65-79;76;31;2018;NA;43316;156720,00000000000;NA;NA
690781810 - HOSPICES CIVILS DE LYON;65-79;76;31;2019;NA;43447;162537,00000000000;NA;NA
690781810 - HOSPICES CIVILS DE LYON;65-79;76;31;2020;NA;39394;167406,00000000000;NA;NA
690781810 - HOSPICES CIVILS DE LYON;65-79;76;31;2021;NA;40160;171802,00000000000;NA;NA
690781810 - HOSPICES CIVILS DE LYON;65-79;76;31;2022;NA;40545;176584,00000000000;NA;NA
690781810 - HOSPICES CIVILS DE LYON;65-79;76;31;2023;NA;42569;180862,00000000000;NA;NA
690781810 - HOSPICES CIVILS DE LYON;65-79;76;31;2024;NA;44219;184771,00000000000;NA;NA
690781810 - HOSPICES CIVILS DE LYON;65-79;76;31;2025;NA;40979;189142,00000000000;NA;NA
690781810 - HOSPICES CIVILS DE LYON;65-79;76;32;2016;NA;9613;32826,00000000000;NA;NA
690781810 - HOSPICES CIVILS DE LYON;65-79;76;32;2017;NA;9671;33592,00000000000;NA;NA
690781810 - HOSPICES CIVILS DE LYON;65-79;76;32;2018;NA;9518;34534,00000000000;NA;NA
690781810 - HOSPICES CIVILS DE LYON;65-79;76;32;2019;NA;9637;35376,00000000000;NA;NA
690781810 - HOSPICES CIVILS DE LYON;65-79;76;32;2020;NA;8439;36313,00000000000;NA;NA
690781810 - HOSPICES CIVILS DE LYON;65-79;76;32;2021;NA;9081;37256,00000000000;NA;NA
690781810 - HOSPICES CIVILS DE LYON;65-79;76;32;2022;NA;9253;38163,00000000000;NA;NA
690781810 - HOSPICES CIVILS DE LYON;65-79;76;32;2023;NA;9382;38950,00000000000;NA;NA
690781810 - HOSPICES CIVILS DE LYON;65-79;76;32;2024;NA;9823;39683,00000000000;NA;NA
690781810 - HOSPICES CIVILS DE LYON;65-79;76;32;2025;NA;9263;40381,00000000000;NA;NA
690781810 - HOSPICES CIVILS DE LYON;65-79;75;33;2016;NA;54954;196835,00000000000;NA;NA
690781810 - HOSPICES CIVILS DE LYON;65-79;75;33;2017;NA;56550;204049,00000000000;NA;NA
690781810 - HOSPICES CIVILS DE LYON;65-79;75;33;2018;NA;56418;211647,00000000000;NA;NA
690781810 - HOSPICES CIVILS DE LYON;65-79;75;33;2019;NA;57112;219716,00000000000;NA;NA
690781810 - HOSPICES CIVILS DE LYON;65-79;75;33;2020;NA;53337;225903,00000000000;NA;NA
690781810 - HOSPICES CIVILS DE LYON;65-79;75;33;2021;NA;55963;233663,00000000000;NA;NA
690781810 - HOSPICES CIVILS DE LYON;65-79;75;33;2022;NA;54466;240538,00000000000;NA;NA
690781810 - HOSPICES CIVILS DE LYON;65-79;75;33;2023;NA;54569;246420,00000000000;NA;NA
690781810 - HOSPICES CIVILS DE LYON;65-79;75;33;2024;NA;57308;250353,00000000000;NA;NA
690781810 - HOSPICES CIVILS DE LYON;65-79;75;33;2025;NA;55048;254727,00000000000;NA;NA
690781810 - HOSPICES CIVILS DE LYON;65-79;53;35;2016;NA;29123;122321,00000000000;NA;NA
690781810 - HOSPICES CIVILS DE LYON;65-79;53;35;2017;NA;29323;126117,00000000000;NA;NA
690781810 - HOSPICES CIVILS DE LYON;65-79;53;35;2018;NA;29791;129585,00000000000;NA;NA
690781810 - HOSPICES CIVILS DE LYON;65-79;53;35;2019;NA;29592;133265,00000000000;NA;NA
690781810 - HOSPICES CIVILS DE LYON;65-79;53;35;2020;NA;28099;136847,00000000000;NA;NA
690781810 - HOSPICES CIVILS DE LYON;65-79;53;35;2021;NA;29744;140030,00000000000;NA;NA
690781810 - HOSPICES CIVILS DE LYON;65-79;53;35;2022;NA;30311;144973,00000000000;NA;NA
690781810 - HOSPICES CIVILS DE LYON;65-79;53;35;2023;NA;31381;148875,00000000000;NA;NA
690781810 - HOSPICES CIVILS DE LYON;65-79;53;35;2024;NA;32521;152372,00000000000;NA;NA
690781810 - HOSPICES CIVILS DE LYON;65-79;53;35;2025;NA;31668;156467,00000000000;NA;NA
690781810 - HOSPICES CIVILS DE LYON;65-79;24;36;2017;NA;10880;39770,00000000000;NA;NA
690781810 - HOSPICES CIVILS DE LYON;65-79;24;36;2018;NA;11051;40631,00000000000;NA;NA
690781810 - HOSPICES CIVILS DE LYON;65-79;24;36;2019;NA;10833;41287,00000000000;NA;NA
690781810 - HOSPICES CIVILS DE LYON;65-79;24;36;2020;NA;9434;41989,00000000000;NA;NA
690781810 - HOSPICES CIVILS DE LYON;65-79;24;36;2021;NA;9910;42709,00000000000;NA;NA
690781810 - HOSPICES CIVILS DE LYON;65-79;24;36;2022;NA;9671;43515,00000000000;NA;NA
690781810 - HOSPICES CIVILS DE LYON;65-79;24;36;2023;NA;9743;44042,00000000000;NA;NA
690781810 - HOSPICES CIVILS DE LYON;65-79;24;36;2024;NA;9999;44463,00000000000;NA;NA
690781810 - HOSPICES CIVILS DE LYON;65-79;24;36;2025;NA;9060;45076,00000000000;NA;NA
690781810 - HOSPICES CIVILS DE LYON;65-79;24;37;2016;NA;22459;83685,00000000000;NA;NA
690781810 - HOSPICES CIVILS DE LYON;65-79;24;37;2017;NA;22583;85273,00000000000;NA;NA
690781810 - HOSPICES CIVILS DE LYON;65-79;24;37;2018;NA;22323;87829,00000000000;NA;NA
690781810 - HOSPICES CIVILS DE LYON;65-79;24;37;2019;NA;22379;90086,00000000000;NA;NA
690781810 - HOSPICES CIVILS DE LYON;65-79;24;37;2020;NA;20559;92372,00000000000;NA;NA
690781810 - HOSPICES CIVILS DE LYON;65-79;24;37;2021;NA;21194;95037,00000000000;NA;NA
690781810 - HOSPICES CIVILS DE LYON;65-79;24;37;2022;NA;21880;97670,00000000000;NA;NA
690781810 - HOSPICES CIVILS DE LYON;65-79;24;37;2023;NA;22288;99635,00000000000;NA;NA
690781810 - HOSPICES CIVILS DE LYON;65-79;24;37;2024;NA;22907;101239,00000000000;NA;NA
690781810 - HOSPICES CIVILS DE LYON;65-79;24;37;2025;NA;20874;103039,00000000000;NA;NA
690781810 - HOSPICES CIVILS DE LYON;65-79;75;40;2016;NA;17460;66434,00000000000;NA;NA
690781810 - HOSPICES CIVILS DE LYON;65-79;75;40;2017;NA;17396;68356,00000000000;NA;NA
690781810 - HOSPICES CIVILS DE LYON;65-79;75;40;2018;NA;17986;70821,00000000000;NA;NA
690781810 - HOSPICES CIVILS DE LYON;65-79;75;40;2019;NA;18115;73195,00000000000;NA;NA
690781810 - HOSPICES CIVILS DE LYON;65-79;75;40;2020;NA;16610;75974,00000000000;NA;NA
690781810 - HOSPICES CIVILS DE LYON;65-79;75;40;2021;NA;17154;78496,00000000000;NA;NA
690781810 - HOSPICES CIVILS DE LYON;65-79;75;40;2022;NA;17855;81460,00000000000;NA;NA
690781810 - HOSPICES CIVILS DE LYON;65-79;75;40;2023;NA;18279;83935,00000000000;NA;NA
690781810 - HOSPICES CIVILS DE LYON;65-79;75;40;2024;NA;19141;86005,00000000000;NA;NA
690781810 - HOSPICES CIVILS DE LYON;65-79;75;40;2025;NA;18071;88291,00000000000;NA;NA
690781810 - HOSPICES CIVILS DE LYON;65-79;24;41;2016;NA;13785;51368,00000000000;NA;NA
690781810 - HOSPICES CIVILS DE LYON;65-79;24;41;2017;NA;13822;52626,00000000000;NA;NA
690781810 - HOSPICES CIVILS DE LYON;65-79;24;41;2018;NA;13667;53974,00000000000;NA;NA
690781810 - HOSPICES CIVILS DE LYON;65-79;24;41;2019;NA;13811;55001,00000000000;NA;NA
690781810 - HOSPICES CIVILS DE LYON;65-79;24;41;2020;NA;11865;56075,00000000000;NA;NA
690781810 - HOSPICES CIVILS DE LYON;65-79;24;41;2021;NA;12291;57661,00000000000;NA;NA
690781810 - HOSPICES CIVILS DE LYON;65-79;24;41;2022;NA;12952;59113,00000000000;NA;NA
690781810 - HOSPICES CIVILS DE LYON;65-79;24;41;2023;NA;13340;60317,00000000000;NA;NA
690781810 - HOSPICES CIVILS DE LYON;65-79;24;41;2024;NA;13954;61362,00000000000;NA;NA
690781810 - HOSPICES CIVILS DE LYON;65-79;24;41;2025;NA;12615;62475,00000000000;NA;NA
690781810 - HOSPICES CIVILS DE LYON;65-79;52;44;2016;NA;40733;166277,00000000000;NA;NA
690781810 - HOSPICES CIVILS DE LYON;65-79;52;44;2017;NA;41069;171690,00000000000;NA;NA
690781810 - HOSPICES CIVILS DE LYON;65-79;52;44;2018;NA;41025;177628,00000000000;NA;NA
690781810 - HOSPICES CIVILS DE LYON;65-79;52;44;2019;NA;41639;184362,00000000000;NA;NA
690781810 - HOSPICES CIVILS DE LYON;65-79;52;44;2020;NA;39528;190468,00000000000;NA;NA
690781810 - HOSPICES CIVILS DE LYON;65-79;52;44;2021;NA;41762;196136,00000000000;NA;NA
690781810 - HOSPICES CIVILS DE LYON;65-79;52;44;2022;NA;41389;201902,00000000000;NA;NA
690781810 - HOSPICES CIVILS DE LYON;65-79;52;44;2023;NA;42762;207378,00000000000;NA;NA
690781810 - HOSPICES CIVILS DE LYON;65-79;52;44;2024;NA;43295;211966,00000000000;NA;NA
690781810 - HOSPICES CIVILS DE LYON;65-79;52;44;2025;NA;40078;217011,00000000000;NA;NA
690781810 - HOSPICES CIVILS DE LYON;65-79;24;45;2016;NA;24110;88301,00000000000;NA;NA
690781810 - HOSPICES CIVILS DE LYON;65-79;24;45;2017;NA;24712;90366,00000000000;NA;NA
690781810 - HOSPICES CIVILS DE LYON;65-79;24;45;2018;NA;25067;92581,00000000000;NA;NA
690781810 - HOSPICES CIVILS DE LYON;65-79;24;45;2019;NA;24621;94722,00000000000;NA;NA
690781810 - HOSPICES CIVILS DE LYON;65-79;24;45;2020;NA;21434;97600,00000000000;NA;NA
690781810 - HOSPICES CIVILS DE LYON;65-79;24;45;2021;NA;21582;100265,00000000000;NA;NA
690781810 - HOSPICES CIVILS DE LYON;65-79;24;45;2022;NA;22285;102984,00000000000;NA;NA
690781810 - HOSPICES CIVILS DE LYON;65-79;24;45;2023;NA;23593;105230,00000000000;NA;NA
690781810 - HOSPICES CIVILS DE LYON;65-79;24;45;2024;NA;24384;107078,00000000000;NA;NA
690781810 - HOSPICES CIVILS DE LYON;65-79;24;45;2025;NA;23806;108811,00000000000;NA;NA
690781810 - HOSPICES CIVILS DE LYON;65-79;76;46;2016;NA;9427;32665,00000000000;NA;NA
690781810 - HOSPICES CIVILS DE LYON;65-79;76;46;2017;NA;9450;33340,00000000000;NA;NA
690781810 - HOSPICES CIVILS DE LYON;65-79;76;46;2018;NA;9498;34267,00000000000;NA;NA
690781810 - HOSPICES CIVILS DE LYON;65-79;76;46;2019;NA;9609;35167,00000000000;NA;NA
690781810 - HOSPICES CIVILS DE LYON;65-79;76;46;2020;NA;8421;36195,00000000000;NA;NA
690781810 - HOSPICES CIVILS DE LYON;65-79;76;46;2021;NA;8669;37435,00000000000;NA;NA
690781810 - HOSPICES CIVILS DE LYON;65-79;76;46;2022;NA;8508;38757,00000000000;NA;NA
690781810 - HOSPICES CIVILS DE LYON;65-79;76;46;2023;NA;9074;39794,00000000000;NA;NA
690781810 - HOSPICES CIVILS DE LYON;65-79;76;46;2024;NA;9519;40583,00000000000;NA;NA
690781810 - HOSPICES CIVILS DE LYON;65-79;76;46;2025;NA;9191;41534,00000000000;NA;NA
690781810 - HOSPICES CIVILS DE LYON;65-79;75;47;2016;NA;15997;55241,00000000000;NA;NA
690781810 - HOSPICES CIVILS DE LYON;65-79;75;47;2017;NA;16116;56665,00000000000;NA;NA
690781810 - HOSPICES CIVILS DE LYON;65-79;75;47;2018;NA;16032;58126,00000000000;NA;NA
690781810 - HOSPICES CIVILS DE LYON;65-79;75;47;2019;NA;16148;59262,00000000000;NA;NA
690781810 - HOSPICES CIVILS DE LYON;65-79;75;47;2020;NA;14215;60508,00000000000;NA;NA
690781810 - HOSPICES CIVILS DE LYON;65-79;75;47;2021;NA;14640;61826,00000000000;NA;NA
690781810 - HOSPICES CIVILS DE LYON;65-79;75;47;2022;NA;14713;62881,00000000000;NA;NA
690781810 - HOSPICES CIVILS DE LYON;65-79;75;47;2023;NA;14702;63865,00000000000;NA;NA
690781810 - HOSPICES CIVILS DE LYON;65-79;75;47;2024;NA;15144;64645,00000000000;NA;NA
690781810 - HOSPICES CIVILS DE LYON;65-79;75;47;2025;NA;14274;65627,00000000000;NA;NA
690781810 - HOSPICES CIVILS DE LYON;65-79;76;48;2016;NA;3676;12249,00000000000;NA;NA
690781810 - HOSPICES CIVILS DE LYON;65-79;76;48;2017;NA;3683;12626,00000000000;NA;NA
690781810 - HOSPICES CIVILS DE LYON;65-79;76;48;2018;NA;3474;13077,00000000000;NA;NA
690781810 - HOSPICES CIVILS DE LYON;65-79;76;48;2019;NA;3508;13314,00000000000;NA;NA
690781810 - HOSPICES CIVILS DE LYON;65-79;76;48;2020;NA;3039;13552,00000000000;NA;NA
690781810 - HOSPICES CIVILS DE LYON;65-79;76;48;2021;NA;3291;14038,00000000000;NA;NA
690781810 - HOSPICES CIVILS DE LYON;65-79;76;48;2022;NA;3664;14433,00000000000;NA;NA
690781810 - HOSPICES CIVILS DE LYON;65-79;76;48;2023;NA;3717;14750,00000000000;NA;NA
690781810 - HOSPICES CIVILS DE LYON;65-79;76;48;2025;NA;3582;15338,00000000000;NA;NA
690781810 - HOSPICES CIVILS DE LYON;65-79;52;49;2016;NA;27803;101892,00000000000;NA;NA
690781810 - HOSPICES CIVILS DE LYON;65-79;52;49;2017;NA;28211;105363,00000000000;NA;NA
690781810 - HOSPICES CIVILS DE LYON;65-79;52;49;2018;NA;28157;108432,00000000000;NA;NA
690781810 - HOSPICES CIVILS DE LYON;65-79;52;49;2019;NA;27343;111441,00000000000;NA;NA
690781810 - HOSPICES CIVILS DE LYON;65-79;52;49;2020;NA;25569;114107,00000000000;NA;NA
690781810 - HOSPICES CIVILS DE LYON;65-79;52;49;2021;NA;26328;117179,00000000000;NA;NA
690781810 - HOSPICES CIVILS DE LYON;65-79;52;49;2022;NA;26120;120366,00000000000;NA;NA
690781810 - HOSPICES CIVILS DE LYON;65-79;52;49;2023;NA;27282;122711,00000000000;NA;NA
690781810 - HOSPICES CIVILS DE LYON;65-79;52;49;2024;NA;28008;125037,00000000000;NA;NA
690781810 - HOSPICES CIVILS DE LYON;65-79;52;49;2025;NA;25692;127569,00000000000;NA;NA
690781810 - HOSPICES CIVILS DE LYON;65-79;28;50;2016;NA;21029;77588,00000000000;NA;NA
690781810 - HOSPICES CIVILS DE LYON;65-79;28;50;2017;NA;21794;79297,00000000000;NA;NA
690781810 - HOSPICES CIVILS DE LYON;65-79;28;50;2018;NA;21667;80878,00000000000;NA;NA
690781810 - HOSPICES CIVILS DE LYON;65-79;28;50;2019;NA;21238;82445,00000000000;NA;NA
690781810 - HOSPICES CIVILS DE LYON;65-79;28;50;2020;NA;19441;84300,00000000000;NA;NA
690781810 - HOSPICES CIVILS DE LYON;65-79;28;50;2021;NA;20848;87013,00000000000;NA;NA
690781810 - HOSPICES CIVILS DE LYON;65-79;28;50;2022;NA;21362;90224,00000000000;NA;NA
690781810 - HOSPICES CIVILS DE LYON;65-79;28;50;2023;NA;21860;92812,00000000000;NA;NA
690781810 - HOSPICES CIVILS DE LYON;65-79;28;50;2024;NA;22113;94807,00000000000;NA;NA
690781810 - HOSPICES CIVILS DE LYON;65-79;28;50;2025;NA;21249;96941,00000000000;NA;NA
690781810 - HOSPICES CIVILS DE LYON;65-79;44;51;2016;NA;20964;72441,00000000000;NA;NA
690781810 - HOSPICES CIVILS DE LYON;65-79;44;51;2017;NA;21450;74433,00000000000;NA;NA
690781810 - HOSPICES CIVILS DE LYON;65-79;44;51;2018;NA;20838;76691,00000000000;NA;NA
690781810 - HOSPICES CIVILS DE LYON;65-79;44;51;2019;NA;21804;78274,00000000000;NA;NA
690781810 - HOSPICES CIVILS DE LYON;65-79;44;51;2020;NA;19833;80265,00000000000;NA;NA
690781810 - HOSPICES CIVILS DE LYON;65-79;44;51;2021;NA;20823;82651,00000000000;NA;NA
690781810 - HOSPICES CIVILS DE LYON;65-79;44;51;2022;NA;21500;85199,00000000000;NA;NA
690781810 - HOSPICES CIVILS DE LYON;65-79;44;51;2023;NA;21612;86850,00000000000;NA;NA
690781810 - HOSPICES CIVILS DE LYON;65-79;44;51;2024;NA;22319;88550,00000000000;NA;NA
690781810 - HOSPICES CIVILS DE LYON;65-79;44;52;2016;NA;9466;27969,00000000000;NA;NA
690781810 - HOSPICES CIVILS DE LYON;65-79;44;52;2017;NA;9574;28456,00000000000;NA;NA
690781810 - HOSPICES CIVILS DE LYON;65-79;44;52;2018;NA;9841;28862,00000000000;NA;NA
690781810 - HOSPICES CIVILS DE LYON;65-79;44;52;2019;NA;9956;29231,00000000000;NA;NA
690781810 - HOSPICES CIVILS DE LYON;65-79;44;52;2020;NA;8988;29958,00000000000;NA;NA
690781810 - HOSPICES CIVILS DE LYON;65-79;44;52;2021;NA;9315;30606,00000000000;NA;NA
690781810 - HOSPICES CIVILS DE LYON;65-79;44;52;2022;NA;9800;31558,00000000000;NA;NA
690781810 - HOSPICES CIVILS DE LYON;65-79;44;52;2023;NA;9485;32076,00000000000;NA;NA
690781810 - HOSPICES CIVILS DE LYON;65-79;44;52;2024;NA;9600;32667,00000000000;NA;NA
690781810 - HOSPICES CIVILS DE LYON;65-79;44;52;2025;NA;8869;33300,00000000000;NA;NA
690781810 - HOSPICES CIVILS DE LYON;65-79;52;53;2016;NA;11184;41636,00000000000;NA;NA
690781810 - HOSPICES CIVILS DE LYON;65-79;52;53;2017;NA;11156;42653,00000000000;NA;NA
690781810 - HOSPICES CIVILS DE LYON;65-79;52;53;2018;NA;11456;43635,00000000000;NA;NA
690781810 - HOSPICES CIVILS DE LYON;65-79;52;53;2019;NA;11570;44440,00000000000;NA;NA
690781810 - HOSPICES CIVILS DE LYON;65-79;52;53;2020;NA;10410;45299,00000000000;NA;NA
690781810 - HOSPICES CIVILS DE LYON;65-79;52;53;2021;NA;10871;46591,00000000000;NA;NA
690781810 - HOSPICES CIVILS DE LYON;65-79;52;53;2022;NA;11026;48254,00000000000;NA;NA
690781810 - HOSPICES CIVILS DE LYON;65-79;52;53;2023;NA;11321;49472,00000000000;NA;NA
690781810 - HOSPICES CIVILS DE LYON;65-79;52;53;2024;NA;11428;50531,00000000000;NA;NA
690781810 - HOSPICES CIVILS DE LYON;65-79;52;53;2025;NA;11046;51743,00000000000;NA;NA
690781810 - HOSPICES CIVILS DE LYON;65-79;44;54;2016;NA;28424;92560,00000000000;NA;NA
690781810 - HOSPICES CIVILS DE LYON;65-79;44;54;2017;NA;28862;94546,00000000000;NA;NA
690781810 - HOSPICES CIVILS DE LYON;65-79;44;54;2018;NA;29153;96515,00000000000;NA;NA
690781810 - HOSPICES CIVILS DE LYON;65-79;44;54;2019;NA;29756;98885,00000000000;NA;NA
690781810 - HOSPICES CIVILS DE LYON;65-79;44;54;2020;NA;26698;101098,00000000000;NA;NA
690781810 - HOSPICES CIVILS DE LYON;65-79;44;54;2021;NA;27319;103304,00000000000;NA;NA
690781810 - HOSPICES CIVILS DE LYON;65-79;44;54;2022;NA;27620;106011,00000000000;NA;NA
690781810 - HOSPICES CIVILS DE LYON;65-79;44;54;2023;NA;28648;108268,00000000000;NA;NA
690781810 - HOSPICES CIVILS DE LYON;65-79;44;54;2024;NA;28720;110579,00000000000;NA;NA
690781810 - HOSPICES CIVILS DE LYON;65-79;44;54;2025;NA;27454;112651,00000000000;NA;NA
690781810 - HOSPICES CIVILS DE LYON;65-79;44;55;2016;NA;9572;26878,00000000000;NA;NA
690781810 - HOSPICES CIVILS DE LYON;65-79;44;55;2017;NA;9935;27621,00000000000;NA;NA
690781810 - HOSPICES CIVILS DE LYON;65-79;44;55;2018;NA;9726;28380,00000000000;NA;NA
690781810 - HOSPICES CIVILS DE LYON;65-79;44;55;2019;NA;10052;29048,00000000000;NA;NA
690781810 - HOSPICES CIVILS DE LYON;65-79;44;55;2020;NA;8666;29969,00000000000;NA;NA
690781810 - HOSPICES CIVILS DE LYON;65-79;44;55;2021;NA;8667;30901,00000000000;NA;NA
690781810 - HOSPICES CIVILS DE LYON;65-79;44;55;2022;NA;9372;31854,00000000000;NA;NA
690781810 - HOSPICES CIVILS DE LYON;65-79;44;55;2023;NA;9294;32786,00000000000;NA;NA
690781810 - HOSPICES CIVILS DE LYON;65-79;44;55;2024;NA;9660;33566,00000000000;NA;NA
690781810 - HOSPICES CIVILS DE LYON;65-79;44;55;2025;NA;9107;34352,00000000000;NA;NA
690781810 - HOSPICES CIVILS DE LYON;65-79;53;56;2016;NA;31731;118408,00000000000;NA;NA
690781810 - HOSPICES CIVILS DE LYON;65-79;53;56;2017;NA;32456;121922,00000000000;NA;NA
690781810 - HOSPICES CIVILS DE LYON;65-79;53;56;2018;NA;32971;125882,00000000000;NA;NA
690781810 - HOSPICES CIVILS DE LYON;65-79;53;56;2019;NA;32811;130031,00000000000;NA;NA
690781810 - HOSPICES CIVILS DE LYON;65-79;53;56;2020;NA;30435;133858,00000000000;NA;NA
690781810 - HOSPICES CIVILS DE LYON;65-79;53;56;2021;NA;32124;138593,00000000000;NA;NA
690781810 - HOSPICES CIVILS DE LYON;65-79;53;56;2022;NA;32677;145312,00000000000;NA;NA
690781810 - HOSPICES CIVILS DE LYON;65-79;53;56;2023;NA;33771;150342,00000000000;NA;NA
690781810 - HOSPICES CIVILS DE LYON;65-79;53;56;2024;NA;34274;155259,00000000000;NA;NA
690781810 - HOSPICES CIVILS DE LYON;65-79;53;56;2025;NA;31009;159957,00000000000;NA;NA
690781810 - HOSPICES CIVILS DE LYON;65-79;44;57;2016;NA;44193;135993,00000000000;NA;NA
690781810 - HOSPICES CIVILS DE LYON;65-79;44;57;2017;NA;44770;138878,00000000000;NA;NA
690781810 - HOSPICES CIVILS DE LYON;65-79;44;57;2018;NA;44889;141901,00000000000;NA;NA
690781810 - HOSPICES CIVILS DE LYON;65-79;44;57;2019;NA;44235;145828,00000000000;NA;NA
690781810 - HOSPICES CIVILS DE LYON;65-79;44;57;2021;NA;39763;153256,00000000000;NA;NA
690781810 - HOSPICES CIVILS DE LYON;65-79;44;57;2023;NA;41855;161375,00000000000;NA;NA
690781810 - HOSPICES CIVILS DE LYON;65-79;44;57;2024;NA;42591;165636,00000000000;NA;NA
690781810 - HOSPICES CIVILS DE LYON;65-79;44;57;2025;NA;40811;170156,00000000000;NA;NA
690781810 - HOSPICES CIVILS DE LYON;65-79;32;59;2016;NA;94815;289655,00000000000;NA;NA
690781810 - HOSPICES CIVILS DE LYON;65-79;32;59;2017;NA;95345;297923,00000000000;NA;NA
690781810 - HOSPICES CIVILS DE LYON;65-79;32;59;2019;NA;98425;316624,00000000000;NA;NA
690781810 - HOSPICES CIVILS DE LYON;65-79;32;59;2020;NA;88091;325287,00000000000;NA;NA
690781810 - HOSPICES CIVILS DE LYON;65-79;32;59;2021;NA;92281;334686,00000000000;NA;NA
690781810 - HOSPICES CIVILS DE LYON;65-79;32;59;2022;NA;96997;347510,00000000000;NA;NA
690781810 - HOSPICES CIVILS DE LYON;65-79;32;59;2023;NA;100047;356912,00000000000;NA;NA
690781810 - HOSPICES CIVILS DE LYON;65-79;32;59;2024;NA;102828;365369,00000000000;NA;NA
690781810 - HOSPICES CIVILS DE LYON;65-79;32;60;2016;NA;28338;93431,00000000000;NA;NA
690781810 - HOSPICES CIVILS DE LYON;65-79;32;60;2017;NA;28668;96848,00000000000;NA;NA
690781810 - HOSPICES CIVILS DE LYON;65-79;32;60;2018;NA;28410;100113,00000000000;NA;NA
690781810 - HOSPICES CIVILS DE LYON;65-79;32;60;2019;NA;29056;103455,00000000000;NA;NA
690781810 - HOSPICES CIVILS DE LYON;65-79;32;60;2020;NA;25923;105882,00000000000;NA;NA
690781810 - HOSPICES CIVILS DE LYON;65-79;32;60;2021;NA;27119;108712,00000000000;NA;NA
690781810 - HOSPICES CIVILS DE LYON;65-79;32;60;2022;NA;27912;111727,00000000000;NA;NA
690781810 - HOSPICES CIVILS DE LYON;65-79;32;60;2023;NA;29158;114001,00000000000;NA;NA
690781810 - HOSPICES CIVILS DE LYON;65-79;32;60;2024;NA;30484;116128,00000000000;NA;NA
690781810 - HOSPICES CIVILS DE LYON;65-79;32;60;2025;NA;29445;118119,00000000000;NA;NA
690781810 - HOSPICES CIVILS DE LYON;65-79;28;61;2016;NA;13919;45501,00000000000;NA;NA
690781810 - HOSPICES CIVILS DE LYON;65-79;28;61;2017;NA;13868;46556,00000000000;NA;NA
690781810 - HOSPICES CIVILS DE LYON;65-79;28;61;2018;NA;13848;47638,00000000000;NA;NA
690781810 - HOSPICES CIVILS DE LYON;65-79;28;61;2019;NA;13616;48432,00000000000;NA;NA
690781810 - HOSPICES CIVILS DE LYON;65-79;28;61;2020;NA;12841;49494,00000000000;NA;NA
690781810 - HOSPICES CIVILS DE LYON;65-79;28;61;2021;NA;13024;50903,00000000000;NA;NA
690781810 - HOSPICES CIVILS DE LYON;65-79;28;61;2022;NA;12788;52087,00000000000;NA;NA
690781810 - HOSPICES CIVILS DE LYON;65-79;28;61;2023;NA;13366;53255,00000000000;NA;NA
690781810 - HOSPICES CIVILS DE LYON;65-79;28;61;2024;NA;13895;54089,00000000000;NA;NA
690781810 - HOSPICES CIVILS DE LYON;65-79;28;61;2025;NA;13189;55044,00000000000;NA;NA
690781810 - HOSPICES CIVILS DE LYON;65-79;32;62;2016;NA;54122;178717,00000000000;NA;NA
690781810 - HOSPICES CIVILS DE LYON;65-79;32;62;2018;NA;57131;191452,00000000000;NA;NA
690781810 - HOSPICES CIVILS DE LYON;65-79;32;62;2019;NA;59151;197149,00000000000;NA;NA
690781810 - HOSPICES CIVILS DE LYON;65-79;32;62;2020;NA;53165;202502,00000000000;NA;NA
690781810 - HOSPICES CIVILS DE LYON;65-79;32;62;2021;NA;57467;209163,00000000000;NA;NA
690781810 - HOSPICES CIVILS DE LYON;65-79;32;62;2022;NA;59766;217137,00000000000;NA;NA
690781810 - HOSPICES CIVILS DE LYON;65-79;32;62;2023;NA;62459;223652,00000000000;NA;NA
690781810 - HOSPICES CIVILS DE LYON;65-79;32;62;2024;NA;64524;229439,00000000000;NA;NA
690781810 - HOSPICES CIVILS DE LYON;65-79;32;62;2025;NA;59713;235159,00000000000;NA;NA
690781810 - HOSPICES CIVILS DE LYON;65-79;75;64;2016;NA;27011;102380,00000000000;NA;NA
690781810 - HOSPICES CIVILS DE LYON;65-79;75;64;2017;NA;26866;105077,00000000000;NA;NA
690781810 - HOSPICES CIVILS DE LYON;65-79;75;64;2018;NA;27028;107805,00000000000;NA;NA
690781810 - HOSPICES CIVILS DE LYON;65-79;75;64;2019;NA;27272;110757,00000000000;NA;NA
690781810 - HOSPICES CIVILS DE LYON;65-79;75;64;2020;NA;24888;114201,00000000000;NA;NA
690781810 - HOSPICES CIVILS DE LYON;65-79;75;64;2021;NA;26396;118033,00000000000;NA;NA
690781810 - HOSPICES CIVILS DE LYON;65-79;75;64;2022;NA;27237;121205,00000000000;NA;NA
690781810 - HOSPICES CIVILS DE LYON;65-79;75;64;2024;NA;29131;127637,00000000000;NA;NA
690781810 - HOSPICES CIVILS DE LYON;65-79;75;64;2025;NA;27856;131193,00000000000;NA;NA
690781810 - HOSPICES CIVILS DE LYON;65-79;76;65;2016;NA;10329;38794,00000000000;NA;NA
690781810 - HOSPICES CIVILS DE LYON;65-79;76;65;2017;NA;10567;39671,00000000000;NA;NA
690781810 - HOSPICES CIVILS DE LYON;65-79;76;65;2018;NA;10440;40325,00000000000;NA;NA
690781810 - HOSPICES CIVILS DE LYON;65-79;76;65;2019;NA;10537;41407,00000000000;NA;NA
690781810 - HOSPICES CIVILS DE LYON;65-79;76;65;2020;NA;9339;42160,00000000000;NA;NA
690781810 - HOSPICES CIVILS DE LYON;65-79;76;65;2021;NA;9730;43328,00000000000;NA;NA
690781810 - HOSPICES CIVILS DE LYON;65-79;76;65;2022;NA;9721;44240,00000000000;NA;NA
690781810 - HOSPICES CIVILS DE LYON;65-79;76;65;2023;NA;10408;45062,00000000000;NA;NA
690781810 - HOSPICES CIVILS DE LYON;65-79;76;65;2024;NA;10665;45561,00000000000;NA;NA
690781810 - HOSPICES CIVILS DE LYON;65-79;76;65;2025;NA;10379;46272,00000000000;NA;NA
690781810 - HOSPICES CIVILS DE LYON;65-79;76;66;2016;NA;19761;80322,00000000000;NA;NA
690781810 - HOSPICES CIVILS DE LYON;65-79;76;66;2017;NA;20646;82540,00000000000;NA;NA
690781810 - HOSPICES CIVILS DE LYON;65-79;76;66;2018;NA;20999;84768,00000000000;NA;NA
690781810 - HOSPICES CIVILS DE LYON;65-79;76;66;2019;NA;20843;86719,00000000000;NA;NA
690781810 - HOSPICES CIVILS DE LYON;65-79;76;66;2020;NA;18969;88629,00000000000;NA;NA
690781810 - HOSPICES CIVILS DE LYON;65-79;76;66;2021;NA;20253;91124,00000000000;NA;NA
690781810 - HOSPICES CIVILS DE LYON;65-79;76;66;2022;NA;20338;94110,00000000000;NA;NA
690781810 - HOSPICES CIVILS DE LYON;65-79;76;66;2023;NA;21693;95797,00000000000;NA;NA
690781810 - HOSPICES CIVILS DE LYON;65-79;76;66;2024;NA;22373;97707,00000000000;NA;NA
690781810 - HOSPICES CIVILS DE LYON;65-79;76;66;2025;NA;21503;100064,00000000000;NA;NA
690781810 - HOSPICES CIVILS DE LYON;65-79;44;67;2016;NA;43512;135765,00000000000;NA;NA
690781810 - HOSPICES CIVILS DE LYON;65-79;44;67;2017;NA;43199;140151,00000000000;NA;NA
690781810 - HOSPICES CIVILS DE LYON;65-79;44;67;2019;NA;44050;148811,00000000000;NA;NA
690781810 - HOSPICES CIVILS DE LYON;65-79;44;67;2020;NA;39877;153465,00000000000;NA;NA
690781810 - HOSPICES CIVILS DE LYON;65-79;44;67;2021;NA;41540;158228,00000000000;NA;NA
690781810 - HOSPICES CIVILS DE LYON;65-79;44;67;2023;NA;42267;165514,00000000000;NA;NA
690781810 - HOSPICES CIVILS DE LYON;65-79;44;67;2024;NA;43346;169735,00000000000;NA;NA
690781810 - HOSPICES CIVILS DE LYON;65-79;44;67;2025;NA;40900;174817,00000000000;NA;NA
690781810 - HOSPICES CIVILS DE LYON;65-79;27;70;2021;NA;9750;40450,00000000000;NA;NA
690781810 - HOSPICES CIVILS DE LYON;65-79;52;72;2016;NA;21869;78437,00000000000;NA;NA
690781810 - HOSPICES CIVILS DE LYON;65-79;52;72;2017;NA;22261;80237,00000000000;NA;NA
690781810 - HOSPICES CIVILS DE LYON;65-79;52;72;2018;NA;22460;82592,00000000000;NA;NA
690781810 - HOSPICES CIVILS DE LYON;65-79;52;72;2019;NA;22002;84387,00000000000;NA;NA
690781810 - HOSPICES CIVILS DE LYON;65-79;52;72;2020;NA;20207;86346,00000000000;NA;NA
690781810 - HOSPICES CIVILS DE LYON;65-79;52;72;2021;NA;21157;88498,00000000000;NA;NA
690781810 - HOSPICES CIVILS DE LYON;65-79;52;72;2022;NA;20708;90743,00000000000;NA;NA
690781810 - HOSPICES CIVILS DE LYON;65-79;52;72;2023;NA;21311;92683,00000000000;NA;NA
690781810 - HOSPICES CIVILS DE LYON;65-79;52;72;2024;NA;22533;94262,00000000000;NA;NA
690781810 - HOSPICES CIVILS DE LYON;65-79;52;72;2025;NA;20910;96204,00000000000;NA;NA
690781810 - HOSPICES CIVILS DE LYON;65-79;11;75;2022;NA;59412;269329,00000000000;NA;NA
690781810 - HOSPICES CIVILS DE LYON;65-79;28;76;2016;NA;44282;161721,00000000000;NA;NA
690781810 - HOSPICES CIVILS DE LYON;65-79;28;76;2017;NA;44891;166112,00000000000;NA;NA
690781810 - HOSPICES CIVILS DE LYON;65-79;28;76;2018;NA;45842;171030,00000000000;NA;NA
690781810 - HOSPICES CIVILS DE LYON;65-79;28;76;2019;NA;46176;175726,00000000000;NA;NA
690781810 - HOSPICES CIVILS DE LYON;65-79;28;76;2020;NA;42066;180753,00000000000;NA;NA
690781810 - HOSPICES CIVILS DE LYON;65-79;28;76;2021;NA;43752;185536,00000000000;NA;NA
690781810 - HOSPICES CIVILS DE LYON;65-79;28;76;2025;NA;42672;202667,00000000000;NA;NA
690781810 - HOSPICES CIVILS DE LYON;65-79;11;77;2016;NA;38438;137478,00000000000;NA;NA
690781810 - HOSPICES CIVILS DE LYON;65-79;11;77;2017;NA;38913;142496,00000000000;NA;NA
690781810 - HOSPICES CIVILS DE LYON;65-79;11;77;2018;NA;39359;148047,00000000000;NA;NA
690781810 - HOSPICES CIVILS DE LYON;65-79;11;77;2019;NA;39488;153882,00000000000;NA;NA
690781810 - HOSPICES CIVILS DE LYON;65-79;11;77;2020;NA;35206;159204,00000000000;NA;NA
690781810 - HOSPICES CIVILS DE LYON;65-79;11;77;2021;NA;36797;162975,00000000000;NA;NA
690781810 - HOSPICES CIVILS DE LYON;65-79;11;77;2022;NA;38074;167292,00000000000;NA;NA
690781810 - HOSPICES CIVILS DE LYON;65-79;11;77;2023;NA;39041;171596,00000000000;NA;NA
690781810 - HOSPICES CIVILS DE LYON;65-79;11;77;2024;NA;39886;175636,00000000000;NA;NA
690781810 - HOSPICES CIVILS DE LYON;65-79;11;78;2016;NA;40666;160535,00000000000;NA;NA
690781810 - HOSPICES CIVILS DE LYON;65-79;11;78;2018;NA;40939;165705,00000000000;NA;NA
690781810 - HOSPICES CIVILS DE LYON;65-79;11;78;2019;NA;41232;169633,00000000000;NA;NA
690781810 - HOSPICES CIVILS DE LYON;65-79;11;78;2020;NA;36595;171484,00000000000;NA;NA
690781810 - HOSPICES CIVILS DE LYON;65-79;11;78;2021;NA;36839;173769,00000000000;NA;NA
690781810 - HOSPICES CIVILS DE LYON;65-79;11;78;2022;NA;35724;176631,00000000000;NA;NA
690781810 - HOSPICES CIVILS DE LYON;65-79;11;78;2023;NA;34076;179132,00000000000;NA;NA
690781810 - HOSPICES CIVILS DE LYON;65-79;11;78;2024;NA;37978;181017,00000000000;NA;NA
690781810 - HOSPICES CIVILS DE LYON;65-79;11;78;2025;NA;36689;183323,00000000000;NA;NA
690781810 - HOSPICES CIVILS DE LYON;65-79;75;79;2016;NA;14783;54645,00000000000;NA;NA
690781810 - HOSPICES CIVILS DE LYON;65-79;75;79;2017;NA;15127;55849,00000000000;NA;NA
690781810 - HOSPICES CIVILS DE LYON;65-79;75;79;2018;NA;14686;57322,00000000000;NA;NA
690781810 - HOSPICES CIVILS DE LYON;65-79;75;79;2019;NA;14609;58648,00000000000;NA;NA
690781810 - HOSPICES CIVILS DE LYON;65-79;75;79;2020;NA;13168;59810,00000000000;NA;NA
690781810 - HOSPICES CIVILS DE LYON;65-79;75;79;2021;NA;14031;61825,00000000000;NA;NA
690781810 - HOSPICES CIVILS DE LYON;65-79;75;79;2022;NA;14032;63206,00000000000;NA;NA
690781810 - HOSPICES CIVILS DE LYON;65-79;75;79;2023;NA;14662;64517,00000000000;NA;NA
690781810 - HOSPICES CIVILS DE LYON;65-79;75;79;2024;NA;15451;65632,00000000000;NA;NA
690781810 - HOSPICES CIVILS DE LYON;65-79;75;79;2025;NA;14696;66997,00000000000;NA;NA
690781810 - HOSPICES CIVILS DE LYON;65-79;32;80;2016;NA;23558;74160,00000000000;NA;NA
690781810 - HOSPICES CIVILS DE LYON;65-79;32;80;2017;NA;23828;76050,00000000000;NA;NA
690781810 - HOSPICES CIVILS DE LYON;65-79;32;80;2018;NA;24146;78545,00000000000;NA;NA
690781810 - HOSPICES CIVILS DE LYON;65-79;32;80;2019;NA;24154;80778,00000000000;NA;NA
690781810 - HOSPICES CIVILS DE LYON;65-79;32;80;2020;NA;21997;83022,00000000000;NA;NA
690781810 - HOSPICES CIVILS DE LYON;65-79;32;80;2021;NA;22957;84799,00000000000;NA;NA
690781810 - HOSPICES CIVILS DE LYON;65-79;32;80;2022;NA;23580;87621,00000000000;NA;NA
690781810 - HOSPICES CIVILS DE LYON;65-79;32;80;2023;NA;24217;89705,00000000000;NA;NA
690781810 - HOSPICES CIVILS DE LYON;65-79;32;80;2024;NA;24401;91359,00000000000;NA;NA
690781810 - HOSPICES CIVILS DE LYON;65-79;32;80;2025;NA;23154;92907,00000000000;NA;NA
690781810 - HOSPICES CIVILS DE LYON;65-79;76;81;2016;NA;17100;60182,00000000000;NA;NA
690781810 - HOSPICES CIVILS DE LYON;65-79;76;81;2017;NA;16710;61459,00000000000;NA;NA
690781810 - HOSPICES CIVILS DE LYON;65-79;76;81;2018;NA;16752;63080,00000000000;NA;NA
690781810 - HOSPICES CIVILS DE LYON;65-79;76;81;2019;NA;17441;64869,00000000000;NA;NA
690781810 - HOSPICES CIVILS DE LYON;65-79;76;81;2020;NA;15836;66632,00000000000;NA;NA
690781810 - HOSPICES CIVILS DE LYON;65-79;76;81;2021;NA;16547;68996,00000000000;NA;NA
690781810 - HOSPICES CIVILS DE LYON;65-79;76;81;2022;NA;16909;71099,00000000000;NA;NA
690781810 - HOSPICES CIVILS DE LYON;65-79;76;81;2024;NA;18247;74100,00000000000;NA;NA
690781810 - HOSPICES CIVILS DE LYON;65-79;76;81;2025;NA;17127;75859,00000000000;NA;NA
690781810 - HOSPICES CIVILS DE LYON;65-79;76;82;2016;NA;10938;36190,00000000000;NA;NA
690781810 - HOSPICES CIVILS DE LYON;65-79;76;82;2017;NA;11103;37131,00000000000;NA;NA
690781810 - HOSPICES CIVILS DE LYON;65-79;76;82;2018;NA;11080;38547,00000000000;NA;NA
690781810 - HOSPICES CIVILS DE LYON;65-79;76;82;2019;NA;11097;39653,00000000000;NA;NA
690781810 - HOSPICES CIVILS DE LYON;65-79;76;82;2020;NA;9758;40722,00000000000;NA;NA
690781810 - HOSPICES CIVILS DE LYON;65-79;76;82;2021;NA;9735;42163,00000000000;NA;NA
690781810 - HOSPICES CIVILS DE LYON;65-79;76;82;2022;NA;9969;43152,00000000000;NA;NA
690781810 - HOSPICES CIVILS DE LYON;65-79;76;82;2023;NA;9854;44240,00000000000;NA;NA
690781810 - HOSPICES CIVILS DE LYON;65-79;76;82;2024;NA;10436;45087,00000000000;NA;NA
690781810 - HOSPICES CIVILS DE LYON;65-79;76;82;2025;NA;10361;46008,00000000000;NA;NA
690781810 - HOSPICES CIVILS DE LYON;65-79;52;85;2016;NA;28209;105397,00000000000;NA;NA
690781810 - HOSPICES CIVILS DE LYON;65-79;52;85;2017;NA;28993;109314,00000000000;NA;NA
690781810 - HOSPICES CIVILS DE LYON;65-79;52;85;2018;NA;28888;113848,00000000000;NA;NA
690781810 - HOSPICES CIVILS DE LYON;65-79;52;85;2019;NA;28793;117414,00000000000;NA;NA
690781810 - HOSPICES CIVILS DE LYON;65-79;52;85;2020;NA;26809;122143,00000000000;NA;NA
690781810 - HOSPICES CIVILS DE LYON;65-79;52;85;2021;NA;29254;127098,00000000000;NA;NA
690781810 - HOSPICES CIVILS DE LYON;65-79;52;85;2022;NA;29244;132399,00000000000;NA;NA
690781810 - HOSPICES CIVILS DE LYON;65-79;52;85;2023;NA;30873;136893,00000000000;NA;NA
690781810 - HOSPICES CIVILS DE LYON;65-79;52;85;2024;NA;31784;140999,00000000000;NA;NA
690781810 - HOSPICES CIVILS DE LYON;65-79;52;85;2025;NA;29960;145512,00000000000;NA;NA
690781810 - HOSPICES CIVILS DE LYON;65-79;75;86;2016;NA;16880;60075,00000000000;NA;NA
690781810 - HOSPICES CIVILS DE LYON;65-79;75;86;2017;NA;16418;61371,00000000000;NA;NA
690781810 - HOSPICES CIVILS DE LYON;65-79;75;86;2018;NA;16431;63018,00000000000;NA;NA
690781810 - HOSPICES CIVILS DE LYON;65-79;75;86;2019;NA;16212;64880,00000000000;NA;NA
690781810 - HOSPICES CIVILS DE LYON;65-79;75;86;2020;NA;15141;66144,00000000000;NA;NA
690781810 - HOSPICES CIVILS DE LYON;65-79;75;86;2021;NA;15878;68112,00000000000;NA;NA
690781810 - HOSPICES CIVILS DE LYON;65-79;75;86;2022;NA;15479;70060,00000000000;NA;NA
690781810 - HOSPICES CIVILS DE LYON;65-79;75;86;2023;NA;15595;71474,00000000000;NA;NA
690781810 - HOSPICES CIVILS DE LYON;65-79;75;86;2024;NA;16081;72612,00000000000;NA;NA
690781810 - HOSPICES CIVILS DE LYON;65-79;75;86;2025;NA;15039;73968,00000000000;NA;NA
690781810 - HOSPICES CIVILS DE LYON;65-79;75;87;2016;NA;15728;57968,00000000000;NA;NA
690781810 - HOSPICES CIVILS DE LYON;65-79;75;87;2017;NA;15890;59528,00000000000;NA;NA
690781810 - HOSPICES CIVILS DE LYON;65-79;75;87;2018;NA;16074;61187,00000000000;NA;NA
690781810 - HOSPICES CIVILS DE LYON;65-79;75;87;2019;NA;15712;62483,00000000000;NA;NA
690781810 - HOSPICES CIVILS DE LYON;65-79;75;87;2020;NA;14996;63806,00000000000;NA;NA
690781810 - HOSPICES CIVILS DE LYON;65-79;75;87;2021;NA;16069;65784,00000000000;NA;NA
690781810 - HOSPICES CIVILS DE LYON;65-79;75;87;2022;NA;16185;67533,00000000000;NA;NA
690781810 - HOSPICES CIVILS DE LYON;65-79;75;87;2023;NA;16612;68671,00000000000;NA;NA
690781810 - HOSPICES CIVILS DE LYON;65-79;75;87;2024;NA;17004;69451,00000000000;NA;NA
690781810 - HOSPICES CIVILS DE LYON;65-79;75;87;2025;NA;15762;70442,00000000000;NA;NA
690781810 - HOSPICES CIVILS DE LYON;65-79;44;88;2016;NA;19011;56389,00000000000;NA;NA
690781810 - HOSPICES CIVILS DE LYON;65-79;44;88;2017;NA;19205;58084,00000000000;NA;NA
690781810 - HOSPICES CIVILS DE LYON;65-79;44;88;2018;NA;19001;59401,00000000000;NA;NA
690781810 - HOSPICES CIVILS DE LYON;65-79;44;88;2019;NA;19104;60711,00000000000;NA;NA
690781810 - HOSPICES CIVILS DE LYON;65-79;44;88;2020;NA;17227;62129,00000000000;NA;NA
690781810 - HOSPICES CIVILS DE LYON;65-79;44;88;2021;NA;17744;63780,00000000000;NA;NA
690781810 - HOSPICES CIVILS DE LYON;65-79;44;88;2022;NA;18257;65684,00000000000;NA;NA
690781810 - HOSPICES CIVILS DE LYON;65-79;44;88;2023;NA;18528;67205,00000000000;NA;NA
690781810 - HOSPICES CIVILS DE LYON;65-79;44;88;2024;NA;19716;68647,00000000000;NA;NA
690781810 - HOSPICES CIVILS DE LYON;65-79;44;88;2025;NA;18488;69913,00000000000;NA;NA
690781810 - HOSPICES CIVILS DE LYON;65-79;27;89;2016;NA;15875;52666,00000000000;NA;NA
690781810 - HOSPICES CIVILS DE LYON;65-79;27;89;2020;NA;14789;57463,00000000000;NA;NA
690781810 - HOSPICES CIVILS DE LYON;65-79;27;89;2021;NA;16223;58432,00000000000;NA;NA
690781810 - HOSPICES CIVILS DE LYON;65-79;27;89;2022;NA;15993;60417,00000000000;NA;NA
690781810 - HOSPICES CIVILS DE LYON;65-79;27;89;2025;NA;16508;63518,00000000000;NA;NA
690781810 - HOSPICES CIVILS DE LYON;65-79;27;90;2016;NA;4965;18581,00000000000;NA;NA
690781810 - HOSPICES CIVILS DE LYON;65-79;27;90;2017;NA;4810;18872,00000000000;NA;NA
690781810 - HOSPICES CIVILS DE LYON;65-79;27;90;2019;NA;5058;19544,00000000000;NA;NA
690781810 - HOSPICES CIVILS DE LYON;65-79;27;90;2020;NA;4510;19912,00000000000;NA;NA
690781810 - HOSPICES CIVILS DE LYON;65-79;27;90;2023;NA;4798;21085,00000000000;NA;NA
690781810 - HOSPICES CIVILS DE LYON;65-79;27;90;2024;NA;4525;21510,00000000000;NA;NA
690781810 - HOSPICES CIVILS DE LYON;65-79;27;90;2025;NA;4347;21810,00000000000;NA;NA
690781810 - HOSPICES CIVILS DE LYON;65-79;11;91;2016;NA;35048;131799,00000000000;NA;NA
690781810 - HOSPICES CIVILS DE LYON;65-79;11;91;2017;NA;34926;134478,00000000000;NA;NA
690781810 - HOSPICES CIVILS DE LYON;65-79;11;91;2018;NA;35039;136976,00000000000;NA;NA
690781810 - HOSPICES CIVILS DE LYON;65-79;11;91;2019;NA;35602;140719,00000000000;NA;NA
690781810 - HOSPICES CIVILS DE LYON;65-79;11;91;2020;NA;31046;143095,00000000000;NA;NA
690781810 - HOSPICES CIVILS DE LYON;65-79;11;91;2021;NA;31937;145747,00000000000;NA;NA
690781810 - HOSPICES CIVILS DE LYON;65-79;11;91;2022;NA;32735;148441,00000000000;NA;NA
690781810 - HOSPICES CIVILS DE LYON;65-79;11;91;2023;NA;34794;151322,00000000000;NA;NA
690781810 - HOSPICES CIVILS DE LYON;65-79;11;91;2024;NA;35457;154316,00000000000;NA;NA
690781810 - HOSPICES CIVILS DE LYON;65-79;11;91;2025;NA;34022;157380,00000000000;NA;NA
690781810 - HOSPICES CIVILS DE LYON;65-79;11;92;2017;NA;43137;163009,00000000000;NA;NA
690781810 - HOSPICES CIVILS DE LYON;65-79;11;92;2018;NA;43613;165582,00000000000;NA;NA
690781810 - HOSPICES CIVILS DE LYON;65-79;11;92;2020;NA;37826;173205,00000000000;NA;NA
690781810 - HOSPICES CIVILS DE LYON;65-79;11;92;2021;NA;38520;175968,00000000000;NA;NA
690781810 - HOSPICES CIVILS DE LYON;65-79;11;92;2022;NA;38700;179952,00000000000;NA;NA
690781810 - HOSPICES CIVILS DE LYON;65-79;11;92;2024;NA;41145;186253,00000000000;NA;NA
690781810 - HOSPICES CIVILS DE LYON;65-79;11;93;2016;NA;40788;134012,00000000000;NA;NA
690781810 - HOSPICES CIVILS DE LYON;65-79;11;93;2017;NA;40960;136499,00000000000;NA;NA
690781810 - HOSPICES CIVILS DE LYON;65-79;11;93;2018;NA;41788;140452,00000000000;NA;NA
690781810 - HOSPICES CIVILS DE LYON;65-79;11;93;2020;NA;37057;150627,00000000000;NA;NA
690781810 - HOSPICES CIVILS DE LYON;65-79;11;93;2021;NA;39148;155607,00000000000;NA;NA
690781810 - HOSPICES CIVILS DE LYON;65-79;11;93;2022;NA;38592;162273,00000000000;NA;NA
690781810 - HOSPICES CIVILS DE LYON;65-79;11;93;2023;NA;39023;166710,00000000000;NA;NA
690781810 - HOSPICES CIVILS DE LYON;65-79;11;93;2024;NA;41175;171388,00000000000;NA;NA
690781810 - HOSPICES CIVILS DE LYON;65-79;11;93;2025;NA;38767;176113,00000000000;NA;NA
690781810 - HOSPICES CIVILS DE LYON;65-79;11;94;2016;NA;36735;137584,00000000000;NA;NA
690781810 - HOSPICES CIVILS DE LYON;65-79;11;94;2017;NA;36949;139640,00000000000;NA;NA
690781810 - HOSPICES CIVILS DE LYON;65-79;11;94;2019;NA;38294;145936,00000000000;NA;NA
690781810 - HOSPICES CIVILS DE LYON;65-79;11;94;2020;NA;33397;149813,00000000000;NA;NA
690781810 - HOSPICES CIVILS DE LYON;65-79;11;94;2021;NA;34523;153168,00000000000;NA;NA
690781810 - HOSPICES CIVILS DE LYON;65-79;11;94;2022;NA;34491;156754,00000000000;NA;NA
690781810 - HOSPICES CIVILS DE LYON;65-79;11;94;2023;NA;35811;159563,00000000000;NA;NA
690781810 - HOSPICES CIVILS DE LYON;65-79;11;94;2024;NA;37364;162837,00000000000;NA;NA
690781810 - HOSPICES CIVILS DE LYON;65-79;11;94;2025;NA;35026;165741,00000000000;NA;NA
690781810 - HOSPICES CIVILS DE LYON;65-79;11;95;2016;NA;30169;113025,00000000000;NA;NA
690781810 - HOSPICES CIVILS DE LYON;65-79;11;95;2018;NA;30928;119653,00000000000;NA;NA
690781810 - HOSPICES CIVILS DE LYON;65-79;11;95;2019;NA;31033;124259,00000000000;NA;NA
690781810 - HOSPICES CIVILS DE LYON;65-79;11;95;2020;NA;27827;129125,00000000000;NA;NA
690781810 - HOSPICES CIVILS DE LYON;65-79;11;95;2021;NA;28819;132216,00000000000;NA;NA
690781810 - HOSPICES CIVILS DE LYON;65-79;11;95;2022;NA;29083;136789,00000000000;NA;NA
690781810 - HOSPICES CIVILS DE LYON;65-79;11;95;2023;NA;29850;140519,00000000000;NA;NA
690781810 - HOSPICES CIVILS DE LYON;65-79;11;95;2024;NA;31602;144159,00000000000;NA;NA
690781810 - HOSPICES CIVILS DE LYON;65-79;11;95;2025;NA;29587;147785,00000000000;NA;NA
690781810 - HOSPICES CIVILS DE LYON;65-79;NA;NA;2016;NA;12;NA;NA;NA
690781810 - HOSPICES CIVILS DE LYON;65-79;NA;NA;2017;NA;NA;NA;NA;NA
690781810 - HOSPICES CIVILS DE LYON;65-79;NA;NA;2018;NA;NA;NA;NA;NA
690781810 - HOSPICES CIVILS DE LYON;65-79;NA;NA;2019;NA;NA;NA;NA;NA
690781810 - HOSPICES CIVILS DE LYON;65-79;NA;NA;2020;NA;NA;NA;NA;NA
690781810 - HOSPICES CIVILS DE LYON;65-79;NA;NA;2021;NA;NA;NA;NA;NA
690781810 - HOSPICES CIVILS DE LYON;65-79;NA;NA;2022;NA;NA;NA;NA;NA
690781810 - HOSPICES CIVILS DE LYON;65-79;NA;NA;2023;NA;NA;NA;NA;NA
690781810 - HOSPICES CIVILS DE LYON;65-79;NA;NA;2024;NA;NA;NA;NA;NA
690781810 - HOSPICES CIVILS DE LYON;65-79;NA;NA;2025;NA;NA;NA;NA;NA
690781810 - HOSPICES CIVILS DE LYON;80+;32;02;2016;NA;19787;31600,00000000000;NA;NA
690781810 - HOSPICES CIVILS DE LYON;80+;32;02;2017;NA;20249;32144,00000000000;NA;NA
690781810 - HOSPICES CIVILS DE LYON;80+;32;02;2018;NA;19854;32342,00000000000;NA;NA
690781810 - HOSPICES CIVILS DE LYON;80+;32;02;2019;NA;19962;32435,00000000000;NA;NA
690781810 - HOSPICES CIVILS DE LYON;80+;32;02;2020;NA;16996;32505,00000000000;NA;NA
690781810 - HOSPICES CIVILS DE LYON;80+;32;02;2021;NA;16236;31255,00000000000;NA;NA
690781810 - HOSPICES CIVILS DE LYON;80+;32;02;2022;NA;16679;30294,00000000000;NA;NA
690781810 - HOSPICES CIVILS DE LYON;80+;32;02;2023;NA;16814;29619,00000000000;NA;NA
690781810 - HOSPICES CIVILS DE LYON;80+;32;02;2024;NA;17175;29396,00000000000;NA;NA
690781810 - HOSPICES CIVILS DE LYON;80+;32;02;2025;NA;16106;29372,00000000000;NA;NA
690781810 - HOSPICES CIVILS DE LYON;80+;84;03;2016;NA;15739;29525,00000000000;NA;NA
690781810 - HOSPICES CIVILS DE LYON;80+;84;03;2017;NA;15336;30301,00000000000;NA;NA
690781810 - HOSPICES CIVILS DE LYON;80+;84;03;2022;NA;13123;29438,00000000000;NA;NA
690781810 - HOSPICES CIVILS DE LYON;80+;84;03;2024;NA;13435;29013,00000000000;NA;NA
690781810 - HOSPICES CIVILS DE LYON;80+;93;04;2016;NA;6816;12346,00000000000;NA;NA
690781810 - HOSPICES CIVILS DE LYON;80+;93;04;2017;NA;6798;12608,00000000000;NA;NA
690781810 - HOSPICES CIVILS DE LYON;80+;93;04;2018;NA;7081;12983,00000000000;NA;NA
690781810 - HOSPICES CIVILS DE LYON;80+;93;04;2019;NA;6970;13192,00000000000;NA;NA
690781810 - HOSPICES CIVILS DE LYON;80+;93;04;2020;NA;6184;13283,00000000000;NA;NA
690781810 - HOSPICES CIVILS DE LYON;80+;93;04;2021;NA;5981;13051,00000000000;NA;NA
690781810 - HOSPICES CIVILS DE LYON;80+;93;04;2022;NA;6134;13060,00000000000;NA;NA
690781810 - HOSPICES CIVILS DE LYON;80+;93;04;2023;NA;6763;13207,00000000000;NA;NA
690781810 - HOSPICES CIVILS DE LYON;80+;93;04;2024;NA;6872;13514,00000000000;NA;NA
690781810 - HOSPICES CIVILS DE LYON;80+;93;04;2025;NA;6227;13736,00000000000;NA;NA
690781810 - HOSPICES CIVILS DE LYON;80+;93;05;2016;NA;5459;10274,00000000000;NA;NA
690781810 - HOSPICES CIVILS DE LYON;80+;93;05;2017;NA;5364;10464,00000000000;NA;NA
690781810 - HOSPICES CIVILS DE LYON;80+;93;05;2018;NA;5418;10174,00000000000;NA;NA
690781810 - HOSPICES CIVILS DE LYON;80+;93;05;2019;NA;5390;10369,00000000000;NA;NA
690781810 - HOSPICES CIVILS DE LYON;80+;93;05;2020;NA;5093;10632,00000000000;NA;NA
690781810 - HOSPICES CIVILS DE LYON;80+;93;05;2021;NA;4822;10823,00000000000;NA;NA
690781810 - HOSPICES CIVILS DE LYON;80+;93;05;2022;NA;4970;10804,00000000000;NA;NA
690781810 - HOSPICES CIVILS DE LYON;80+;93;05;2023;NA;5254;10872,00000000000;NA;NA
690781810 - HOSPICES CIVILS DE LYON;80+;93;05;2024;NA;5106;11004,00000000000;NA;NA
690781810 - HOSPICES CIVILS DE LYON;80+;93;05;2025;NA;4839;11289,00000000000;NA;NA
690781810 - HOSPICES CIVILS DE LYON;80+;93;06;2021;NA;38548;90038,00000000000;NA;NA
690781810 - HOSPICES CIVILS DE LYON;80+;44;08;2016;NA;9918;17064,00000000000;NA;NA
690781810 - HOSPICES CIVILS DE LYON;80+;44;08;2017;NA;9835;17424,00000000000;NA;NA
690781810 - HOSPICES CIVILS DE LYON;80+;44;08;2018;NA;9754;17486,00000000000;NA;NA
690781810 - HOSPICES CIVILS DE LYON;80+;44;08;2019;NA;9741;17805,00000000000;NA;NA
690781810 - HOSPICES CIVILS DE LYON;80+;44;08;2020;NA;8415;17638,00000000000;NA;NA
690781810 - HOSPICES CIVILS DE LYON;80+;44;08;2021;NA;8152;17485,00000000000;NA;NA
690781810 - HOSPICES CIVILS DE LYON;80+;44;08;2022;NA;8178;16610,00000000000;NA;NA
690781810 - HOSPICES CIVILS DE LYON;80+;44;08;2023;NA;8320;16231,00000000000;NA;NA
690781810 - HOSPICES CIVILS DE LYON;80+;44;08;2024;NA;8210;16157,00000000000;NA;NA
690781810 - HOSPICES CIVILS DE LYON;80+;44;08;2025;NA;7641;16112,00000000000;NA;NA
690781810 - HOSPICES CIVILS DE LYON;80+;76;09;2016;NA;6113;12775,00000000000;NA;NA
690781810 - HOSPICES CIVILS DE LYON;80+;76;09;2017;NA;6132;13279,00000000000;NA;NA
690781810 - HOSPICES CIVILS DE LYON;80+;76;09;2018;NA;6105;13252,00000000000;NA;NA
690781810 - HOSPICES CIVILS DE LYON;80+;76;09;2019;NA;5969;13250,00000000000;NA;NA
690781810 - HOSPICES CIVILS DE LYON;80+;76;09;2020;NA;5353;13018,00000000000;NA;NA
690781810 - HOSPICES CIVILS DE LYON;80+;76;09;2021;NA;5502;12478,00000000000;NA;NA
690781810 - HOSPICES CIVILS DE LYON;80+;76;09;2022;NA;5468;12284,00000000000;NA;NA
690781810 - HOSPICES CIVILS DE LYON;80+;76;09;2023;NA;5342;11990,00000000000;NA;NA
690781810 - HOSPICES CIVILS DE LYON;80+;76;09;2024;NA;5490;12010,00000000000;NA;NA
690781810 - HOSPICES CIVILS DE LYON;80+;76;09;2025;NA;5210;11984,00000000000;NA;NA
690781810 - HOSPICES CIVILS DE LYON;80+;44;10;2016;NA;9512;19881,00000000000;NA;NA
690781810 - HOSPICES CIVILS DE LYON;80+;44;10;2017;NA;9194;20353,00000000000;NA;NA
690781810 - HOSPICES CIVILS DE LYON;80+;44;10;2018;NA;8959;20430,00000000000;NA;NA
690781810 - HOSPICES CIVILS DE LYON;80+;44;10;2019;NA;9634;20488,00000000000;NA;NA
690781810 - HOSPICES CIVILS DE LYON;80+;44;10;2020;NA;8635;21017,00000000000;NA;NA
690781810 - HOSPICES CIVILS DE LYON;80+;44;10;2021;NA;8004;20597,00000000000;NA;NA
690781810 - HOSPICES CIVILS DE LYON;80+;44;10;2022;NA;7933;20086,00000000000;NA;NA
690781810 - HOSPICES CIVILS DE LYON;80+;44;10;2023;NA;7545;20023,00000000000;NA;NA
690781810 - HOSPICES CIVILS DE LYON;80+;44;10;2024;NA;7981;19970,00000000000;NA;NA
690781810 - HOSPICES CIVILS DE LYON;80+;44;10;2025;NA;7948;20190,00000000000;NA;NA
690781810 - HOSPICES CIVILS DE LYON;80+;76;11;2016;NA;13801;29016,00000000000;NA;NA
690781810 - HOSPICES CIVILS DE LYON;80+;76;11;2017;NA;13957;29379,00000000000;NA;NA
690781810 - HOSPICES CIVILS DE LYON;80+;76;11;2018;NA;14006;29123,00000000000;NA;NA
690781810 - HOSPICES CIVILS DE LYON;80+;76;11;2019;NA;14050;29426,00000000000;NA;NA
690781810 - HOSPICES CIVILS DE LYON;80+;76;11;2020;NA;12524;29455,00000000000;NA;NA
690781810 - HOSPICES CIVILS DE LYON;80+;76;11;2021;NA;12559;28537,00000000000;NA;NA
690781810 - HOSPICES CIVILS DE LYON;80+;76;11;2022;NA;12961;28850,00000000000;NA;NA
690781810 - HOSPICES CIVILS DE LYON;80+;76;11;2023;NA;13082;28857,00000000000;NA;NA
690781810 - HOSPICES CIVILS DE LYON;80+;76;11;2024;NA;13434;29411,00000000000;NA;NA
690781810 - HOSPICES CIVILS DE LYON;80+;76;11;2025;NA;13106;29825,00000000000;NA;NA
690781810 - HOSPICES CIVILS DE LYON;80+;76;12;2016;NA;11822;25624,00000000000;NA;NA
690781810 - HOSPICES CIVILS DE LYON;80+;76;12;2017;NA;11725;26040,00000000000;NA;NA
690781810 - HOSPICES CIVILS DE LYON;80+;76;12;2018;NA;11664;26274,00000000000;NA;NA
690781810 - HOSPICES CIVILS DE LYON;80+;76;12;2019;NA;11862;26380,00000000000;NA;NA
690781810 - HOSPICES CIVILS DE LYON;80+;76;12;2020;NA;10422;26511,00000000000;NA;NA
690781810 - HOSPICES CIVILS DE LYON;80+;76;12;2021;NA;10320;25534,00000000000;NA;NA
690781810 - HOSPICES CIVILS DE LYON;80+;76;12;2022;NA;10504;24708,00000000000;NA;NA
690781810 - HOSPICES CIVILS DE LYON;80+;76;12;2023;NA;9926;24031,00000000000;NA;NA
690781810 - HOSPICES CIVILS DE LYON;80+;76;12;2024;NA;9894;23691,00000000000;NA;NA
690781810 - HOSPICES CIVILS DE LYON;80+;76;12;2025;NA;9604;23333,00000000000;NA;NA
690781810 - HOSPICES CIVILS DE LYON;80+;93;13;2018;NA;65856;124795,00000000000;NA;NA
690781810 - HOSPICES CIVILS DE LYON;80+;93;13;2020;NA;58965;128814,00000000000;NA;NA
690781810 - HOSPICES CIVILS DE LYON;80+;28;14;2016;NA;24222;43775,00000000000;NA;NA
690781810 - HOSPICES CIVILS DE LYON;80+;28;14;2017;NA;24364;44875,00000000000;NA;NA
690781810 - HOSPICES CIVILS DE LYON;80+;28;14;2018;NA;24310;45248,00000000000;NA;NA
690781810 - HOSPICES CIVILS DE LYON;80+;28;14;2019;NA;24015;45682,00000000000;NA;NA
690781810 - HOSPICES CIVILS DE LYON;80+;28;14;2020;NA;21431;45417,00000000000;NA;NA
690781810 - HOSPICES CIVILS DE LYON;80+;28;14;2021;NA;21283;45583,00000000000;NA;NA
690781810 - HOSPICES CIVILS DE LYON;80+;28;14;2022;NA;21505;45108,00000000000;NA;NA
690781810 - HOSPICES CIVILS DE LYON;80+;28;14;2023;NA;20821;44594,00000000000;NA;NA
690781810 - HOSPICES CIVILS DE LYON;80+;28;14;2024;NA;20505;45016,00000000000;NA;NA
690781810 - HOSPICES CIVILS DE LYON;80+;28;14;2025;NA;19285;45186,00000000000;NA;NA
690781810 - HOSPICES CIVILS DE LYON;80+;84;15;2016;NA;8029;13457,00000000000;NA;NA
690781810 - HOSPICES CIVILS DE LYON;80+;84;15;2017;NA;8139;13585,00000000000;NA;NA
690781810 - HOSPICES CIVILS DE LYON;80+;84;15;2018;NA;7834;13555,00000000000;NA;NA
690781810 - HOSPICES CIVILS DE LYON;80+;84;15;2019;NA;7689;13622,00000000000;NA;NA
690781810 - HOSPICES CIVILS DE LYON;80+;84;15;2020;NA;6670;13431,00000000000;NA;NA
690781810 - HOSPICES CIVILS DE LYON;80+;84;15;2021;NA;6566;13171,00000000000;NA;NA
690781810 - HOSPICES CIVILS DE LYON;80+;84;15;2022;NA;6456;12835,00000000000;NA;NA
690781810 - HOSPICES CIVILS DE LYON;80+;84;15;2023;NA;5986;12519,00000000000;NA;NA
690781810 - HOSPICES CIVILS DE LYON;80+;75;16;2016;NA;11967;28191,00000000000;NA;NA
690781810 - HOSPICES CIVILS DE LYON;80+;75;16;2017;NA;11753;28885,00000000000;NA;NA
690781810 - HOSPICES CIVILS DE LYON;80+;75;16;2018;NA;11560;28577,00000000000;NA;NA
690781810 - HOSPICES CIVILS DE LYON;80+;75;16;2019;NA;11693;28686,00000000000;NA;NA
690781810 - HOSPICES CIVILS DE LYON;80+;75;16;2020;NA;10462;28439,00000000000;NA;NA
690781810 - HOSPICES CIVILS DE LYON;80+;75;16;2021;NA;10270;27971,00000000000;NA;NA
690781810 - HOSPICES CIVILS DE LYON;80+;75;16;2022;NA;10013;27637,00000000000;NA;NA
690781810 - HOSPICES CIVILS DE LYON;80+;75;16;2023;NA;9858;26966,00000000000;NA;NA
690781810 - HOSPICES CIVILS DE LYON;80+;75;16;2024;NA;10466;26887,00000000000;NA;NA
690781810 - HOSPICES CIVILS DE LYON;80+;75;16;2025;NA;9731;26859,00000000000;NA;NA
690781810 - HOSPICES CIVILS DE LYON;80+;75;17;2016;NA;25513;51905,00000000000;NA;NA
690781810 - HOSPICES CIVILS DE LYON;80+;75;17;2017;NA;25154;53086,00000000000;NA;NA
690781810 - HOSPICES CIVILS DE LYON;80+;75;17;2018;NA;24917;54125,00000000000;NA;NA
690781810 - HOSPICES CIVILS DE LYON;80+;75;17;2019;NA;24724;54980,00000000000;NA;NA
690781810 - HOSPICES CIVILS DE LYON;80+;75;17;2020;NA;21886;54723,00000000000;NA;NA
690781810 - HOSPICES CIVILS DE LYON;80+;75;17;2021;NA;21646;54549,00000000000;NA;NA
690781810 - HOSPICES CIVILS DE LYON;80+;75;17;2022;NA;20713;53972,00000000000;NA;NA
690781810 - HOSPICES CIVILS DE LYON;80+;75;17;2023;NA;19909;53945,00000000000;NA;NA
690781810 - HOSPICES CIVILS DE LYON;80+;75;17;2024;NA;20134;55092,00000000000;NA;NA
690781810 - HOSPICES CIVILS DE LYON;80+;75;17;2025;NA;18784;56035,00000000000;NA;NA
690781810 - HOSPICES CIVILS DE LYON;80+;24;18;2016;NA;11063;23849,00000000000;NA;NA
690781810 - HOSPICES CIVILS DE LYON;80+;24;18;2017;NA;11285;24504,00000000000;NA;NA
690781810 - HOSPICES CIVILS DE LYON;80+;24;18;2018;NA;11089;24377,00000000000;NA;NA
690781810 - HOSPICES CIVILS DE LYON;80+;24;18;2019;NA;11082;24501,00000000000;NA;NA
690781810 - HOSPICES CIVILS DE LYON;80+;24;18;2020;NA;9930;24684,00000000000;NA;NA
690781810 - HOSPICES CIVILS DE LYON;80+;24;18;2021;NA;9441;24008,00000000000;NA;NA
690781810 - HOSPICES CIVILS DE LYON;80+;24;18;2022;NA;10247;23330,00000000000;NA;NA
690781810 - HOSPICES CIVILS DE LYON;80+;24;18;2023;NA;10184;22919,00000000000;NA;NA
690781810 - HOSPICES CIVILS DE LYON;80+;24;18;2024;NA;10395;22816,00000000000;NA;NA
690781810 - HOSPICES CIVILS DE LYON;80+;24;18;2025;NA;9076;22761,00000000000;NA;NA
690781810 - HOSPICES CIVILS DE LYON;80+;75;19;2016;NA;11016;22069,00000000000;NA;NA
690781810 - HOSPICES CIVILS DE LYON;80+;75;19;2017;NA;11175;22332,00000000000;NA;NA
690781810 - HOSPICES CIVILS DE LYON;80+;75;19;2018;NA;10676;21965,00000000000;NA;NA
690781810 - HOSPICES CIVILS DE LYON;80+;75;19;2019;NA;10808;21993,00000000000;NA;NA
690781810 - HOSPICES CIVILS DE LYON;80+;75;19;2020;NA;9530;22112,00000000000;NA;NA
690781810 - HOSPICES CIVILS DE LYON;80+;75;19;2021;NA;9369;21744,00000000000;NA;NA
690781810 - HOSPICES CIVILS DE LYON;80+;75;19;2022;NA;9411;21208,00000000000;NA;NA
690781810 - HOSPICES CIVILS DE LYON;80+;75;19;2023;NA;9321;20903,00000000000;NA;NA
690781810 - HOSPICES CIVILS DE LYON;80+;75;19;2024;NA;9528;20846,00000000000;NA;NA
690781810 - HOSPICES CIVILS DE LYON;80+;75;19;2025;NA;8893;20819,00000000000;NA;NA
690781810 - HOSPICES CIVILS DE LYON;80+;27;21;2016;NA;19056;33342,00000000000;NA;NA
690781810 - HOSPICES CIVILS DE LYON;80+;27;21;2021;NA;15889;34778,00000000000;NA;NA
690781810 - HOSPICES CIVILS DE LYON;80+;27;21;2022;NA;16156;34079,00000000000;NA;NA
690781810 - HOSPICES CIVILS DE LYON;80+;27;21;2023;NA;15981;34135,00000000000;NA;NA
690781810 - HOSPICES CIVILS DE LYON;80+;27;21;2024;NA;15543;34453,00000000000;NA;NA
690781810 - HOSPICES CIVILS DE LYON;80+;27;21;2025;NA;14715;34806,00000000000;NA;NA
690781810 - HOSPICES CIVILS DE LYON;80+;53;22;2016;NA;27122;48017,00000000000;NA;NA
690781810 - HOSPICES CIVILS DE LYON;80+;53;22;2017;NA;26765;48854,00000000000;NA;NA
690781810 - HOSPICES CIVILS DE LYON;80+;53;22;2018;NA;26791;49044,00000000000;NA;NA
690781810 - HOSPICES CIVILS DE LYON;80+;53;22;2019;NA;26856;49708,00000000000;NA;NA
690781810 - HOSPICES CIVILS DE LYON;80+;53;22;2020;NA;23243;49538,00000000000;NA;NA
690781810 - HOSPICES CIVILS DE LYON;80+;53;22;2021;NA;22925;48974,00000000000;NA;NA
690781810 - HOSPICES CIVILS DE LYON;80+;53;22;2022;NA;22979;47628,00000000000;NA;NA
690781810 - HOSPICES CIVILS DE LYON;80+;53;22;2023;NA;22968;46733,00000000000;NA;NA
690781810 - HOSPICES CIVILS DE LYON;80+;53;22;2024;NA;22768;46591,00000000000;NA;NA
690781810 - HOSPICES CIVILS DE LYON;80+;53;22;2025;NA;21147;46479,00000000000;NA;NA
690781810 - HOSPICES CIVILS DE LYON;80+;75;23;2016;NA;7234;12619,00000000000;NA;NA
690781810 - HOSPICES CIVILS DE LYON;80+;75;23;2017;NA;7202;12394,00000000000;NA;NA
690781810 - HOSPICES CIVILS DE LYON;80+;75;23;2018;NA;6804;12226,00000000000;NA;NA
690781810 - HOSPICES CIVILS DE LYON;80+;75;23;2019;NA;6399;12108,00000000000;NA;NA
690781810 - HOSPICES CIVILS DE LYON;80+;75;23;2020;NA;5049;11859,00000000000;NA;NA
690781810 - HOSPICES CIVILS DE LYON;80+;75;23;2021;NA;4973;11591,00000000000;NA;NA
690781810 - HOSPICES CIVILS DE LYON;80+;75;23;2022;NA;4745;11174,00000000000;NA;NA
690781810 - HOSPICES CIVILS DE LYON;80+;75;23;2023;NA;4993;10825,00000000000;NA;NA
690781810 - HOSPICES CIVILS DE LYON;80+;75;23;2024;NA;4960;10641,00000000000;NA;NA
690781810 - HOSPICES CIVILS DE LYON;80+;75;23;2025;NA;4441;10477,00000000000;NA;NA
690781810 - HOSPICES CIVILS DE LYON;80+;75;24;2016;NA;18198;37538,00000000000;NA;NA
690781810 - HOSPICES CIVILS DE LYON;80+;75;24;2017;NA;17882;38152,00000000000;NA;NA
690781810 - HOSPICES CIVILS DE LYON;80+;75;24;2018;NA;17416;38126,00000000000;NA;NA
690781810 - HOSPICES CIVILS DE LYON;80+;75;24;2019;NA;16881;38382,00000000000;NA;NA
690781810 - HOSPICES CIVILS DE LYON;80+;75;24;2020;NA;15228;37924,00000000000;NA;NA
690781810 - HOSPICES CIVILS DE LYON;80+;75;24;2021;NA;15546;37411,00000000000;NA;NA
690781810 - HOSPICES CIVILS DE LYON;80+;75;24;2022;NA;14475;36264,00000000000;NA;NA
690781810 - HOSPICES CIVILS DE LYON;80+;75;24;2023;NA;14207;35664,00000000000;NA;NA
690781810 - HOSPICES CIVILS DE LYON;80+;75;24;2024;NA;15182;35716,00000000000;NA;NA
690781810 - HOSPICES CIVILS DE LYON;80+;75;24;2025;NA;13865;35590,00000000000;NA;NA
690781810 - HOSPICES CIVILS DE LYON;80+;27;25;2016;NA;13894;30660,00000000000;NA;NA
690781810 - HOSPICES CIVILS DE LYON;80+;27;25;2017;NA;14081;31284,00000000000;NA;NA
690781810 - HOSPICES CIVILS DE LYON;80+;27;25;2018;NA;14251;31854,00000000000;NA;NA
690781810 - HOSPICES CIVILS DE LYON;80+;27;25;2019;NA;14738;32363,00000000000;NA;NA
690781810 - HOSPICES CIVILS DE LYON;80+;27;25;2020;NA;13660;32846,00000000000;NA;NA
690781810 - HOSPICES CIVILS DE LYON;80+;27;25;2021;NA;12839;32760,00000000000;NA;NA
690781810 - HOSPICES CIVILS DE LYON;80+;27;25;2022;NA;13031;32323,00000000000;NA;NA
690781810 - HOSPICES CIVILS DE LYON;80+;27;25;2023;NA;12794;32370,00000000000;NA;NA
690781810 - HOSPICES CIVILS DE LYON;80+;27;25;2024;NA;12501;32527,00000000000;NA;NA
690781810 - HOSPICES CIVILS DE LYON;80+;27;25;2025;NA;10959;32963,00000000000;NA;NA
690781810 - HOSPICES CIVILS DE LYON;80+;28;27;2016;NA;17232;31043,00000000000;NA;NA
690781810 - HOSPICES CIVILS DE LYON;80+;28;27;2017;NA;17029;32068,00000000000;NA;NA
690781810 - HOSPICES CIVILS DE LYON;80+;28;27;2018;NA;17309;32165,00000000000;NA;NA
690781810 - HOSPICES CIVILS DE LYON;80+;28;27;2019;NA;17082;32428,00000000000;NA;NA
690781810 - HOSPICES CIVILS DE LYON;80+;28;27;2020;NA;15079;32363,00000000000;NA;NA
690781810 - HOSPICES CIVILS DE LYON;80+;28;27;2021;NA;14355;32262,00000000000;NA;NA
690781810 - HOSPICES CIVILS DE LYON;80+;28;27;2022;NA;14799;31875,00000000000;NA;NA
690781810 - HOSPICES CIVILS DE LYON;80+;28;27;2023;NA;14816;31739,00000000000;NA;NA
690781810 - HOSPICES CIVILS DE LYON;80+;28;27;2024;NA;14690;32169,00000000000;NA;NA
690781810 - HOSPICES CIVILS DE LYON;80+;28;27;2025;NA;14442;32580,00000000000;NA;NA
690781810 - HOSPICES CIVILS DE LYON;80+;24;28;2016;NA;14987;26661,00000000000;NA;NA
690781810 - HOSPICES CIVILS DE LYON;80+;24;28;2017;NA;14731;27145,00000000000;NA;NA
690781810 - HOSPICES CIVILS DE LYON;80+;24;28;2018;NA;15078;27236,00000000000;NA;NA
690781810 - HOSPICES CIVILS DE LYON;80+;24;28;2019;NA;14893;26962,00000000000;NA;NA
690781810 - HOSPICES CIVILS DE LYON;80+;24;28;2020;NA;12820;26651,00000000000;NA;NA
690781810 - HOSPICES CIVILS DE LYON;80+;24;28;2021;NA;12376;26279,00000000000;NA;NA
690781810 - HOSPICES CIVILS DE LYON;80+;24;28;2022;NA;12601;26117,00000000000;NA;NA
690781810 - HOSPICES CIVILS DE LYON;80+;24;28;2023;NA;12613;25781,00000000000;NA;NA
690781810 - HOSPICES CIVILS DE LYON;80+;24;28;2024;NA;12786;25639,00000000000;NA;NA
690781810 - HOSPICES CIVILS DE LYON;80+;24;28;2025;NA;12008;25514,00000000000;NA;NA
690781810 - HOSPICES CIVILS DE LYON;80+;53;29;2016;NA;34390;63078,00000000000;NA;NA
690781810 - HOSPICES CIVILS DE LYON;80+;53;29;2017;NA;34072;64553,00000000000;NA;NA
690781810 - HOSPICES CIVILS DE LYON;80+;53;29;2018;NA;33525;65104,00000000000;NA;NA
690781810 - HOSPICES CIVILS DE LYON;80+;53;29;2019;NA;33374;66515,00000000000;NA;NA
690781810 - HOSPICES CIVILS DE LYON;80+;53;29;2020;NA;32048;67636,00000000000;NA;NA
690781810 - HOSPICES CIVILS DE LYON;80+;53;29;2021;NA;31394;66945,00000000000;NA;NA
690781810 - HOSPICES CIVILS DE LYON;80+;53;29;2022;NA;32107;65237,00000000000;NA;NA
690781810 - HOSPICES CIVILS DE LYON;80+;53;29;2023;NA;31210;64247,00000000000;NA;NA
690781810 - HOSPICES CIVILS DE LYON;80+;53;29;2024;NA;30880;64528,00000000000;NA;NA
690781810 - HOSPICES CIVILS DE LYON;80+;53;29;2025;NA;28226;64679,00000000000;NA;NA
690781810 - HOSPICES CIVILS DE LYON;80+;94;2A;2016;NA;4718;10172,00000000000;NA;NA
690781810 - HOSPICES CIVILS DE LYON;80+;94;2A;2017;NA;4667;10696,00000000000;NA;NA
690781810 - HOSPICES CIVILS DE LYON;80+;94;2A;2018;NA;4811;11057,00000000000;NA;NA
690781810 - HOSPICES CIVILS DE LYON;80+;94;2A;2019;NA;4569;11399,00000000000;NA;NA
690781810 - HOSPICES CIVILS DE LYON;80+;94;2A;2020;NA;4008;11617,00000000000;NA;NA
690781810 - HOSPICES CIVILS DE LYON;80+;94;2A;2021;NA;4311;11901,00000000000;NA;NA
690781810 - HOSPICES CIVILS DE LYON;80+;94;2A;2022;NA;4597;11847,00000000000;NA;NA
690781810 - HOSPICES CIVILS DE LYON;80+;94;2A;2023;NA;4653;12145,00000000000;NA;NA
690781810 - HOSPICES CIVILS DE LYON;80+;94;2A;2024;NA;5108;12292,00000000000;NA;NA
690781810 - HOSPICES CIVILS DE LYON;80+;94;2A;2025;NA;5070;12562,00000000000;NA;NA
690781810 - HOSPICES CIVILS DE LYON;80+;94;2B;2016;NA;4921;11440,00000000000;NA;NA
690781810 - HOSPICES CIVILS DE LYON;80+;94;2B;2017;NA;4856;11615,00000000000;NA;NA
690781810 - HOSPICES CIVILS DE LYON;80+;94;2B;2018;NA;5100;11706,00000000000;NA;NA
690781810 - HOSPICES CIVILS DE LYON;80+;94;2B;2019;NA;5216;12012,00000000000;NA;NA
690781810 - HOSPICES CIVILS DE LYON;80+;94;2B;2020;NA;4612;12344,00000000000;NA;NA
690781810 - HOSPICES CIVILS DE LYON;80+;94;2B;2021;NA;4878;12733,00000000000;NA;NA
690781810 - HOSPICES CIVILS DE LYON;80+;94;2B;2022;NA;4718;12905,00000000000;NA;NA
690781810 - HOSPICES CIVILS DE LYON;80+;94;2B;2023;NA;4870;13194,00000000000;NA;NA
690781810 - HOSPICES CIVILS DE LYON;80+;94;2B;2024;NA;4810;13510,00000000000;NA;NA
690781810 - HOSPICES CIVILS DE LYON;80+;94;2B;2025;NA;4767;13738,00000000000;NA;NA
690781810 - HOSPICES CIVILS DE LYON;80+;76;30;2017;NA;22659;48976,00000000000;NA;NA
690781810 - HOSPICES CIVILS DE LYON;80+;76;30;2018;NA;22095;49326,00000000000;NA;NA
690781810 - HOSPICES CIVILS DE LYON;80+;76;30;2019;NA;22339;49684,00000000000;NA;NA
690781810 - HOSPICES CIVILS DE LYON;80+;76;30;2020;NA;19090;51009,00000000000;NA;NA
690781810 - HOSPICES CIVILS DE LYON;80+;76;30;2021;NA;19009;50527,00000000000;NA;NA
690781810 - HOSPICES CIVILS DE LYON;80+;76;30;2022;NA;19523;50691,00000000000;NA;NA
690781810 - HOSPICES CIVILS DE LYON;80+;76;30;2023;NA;20109;51171,00000000000;NA;NA
690781810 - HOSPICES CIVILS DE LYON;80+;76;30;2024;NA;20579;52455,00000000000;NA;NA
690781810 - HOSPICES CIVILS DE LYON;80+;76;30;2025;NA;19565;53663,00000000000;NA;NA
690781810 - HOSPICES CIVILS DE LYON;80+;76;31;2016;NA;35826;67337,00000000000;NA;NA
690781810 - HOSPICES CIVILS DE LYON;80+;76;31;2017;NA;37167;69067,00000000000;NA;NA
690781810 - HOSPICES CIVILS DE LYON;80+;76;31;2018;NA;36372;70268,00000000000;NA;NA
690781810 - HOSPICES CIVILS DE LYON;80+;76;31;2019;NA;36333;70936,00000000000;NA;NA
690781810 - HOSPICES CIVILS DE LYON;80+;76;31;2020;NA;32884;72274,00000000000;NA;NA
690781810 - HOSPICES CIVILS DE LYON;80+;76;31;2021;NA;33086;72572,00000000000;NA;NA
690781810 - HOSPICES CIVILS DE LYON;80+;76;31;2022;NA;32334;73230,00000000000;NA;NA
690781810 - HOSPICES CIVILS DE LYON;80+;76;31;2023;NA;32372;74070,00000000000;NA;NA
690781810 - HOSPICES CIVILS DE LYON;80+;76;31;2024;NA;33464;75918,00000000000;NA;NA
690781810 - HOSPICES CIVILS DE LYON;80+;76;31;2025;NA;31620;77524,00000000000;NA;NA
690781810 - HOSPICES CIVILS DE LYON;80+;76;32;2016;NA;9540;17251,00000000000;NA;NA
690781810 - HOSPICES CIVILS DE LYON;80+;76;32;2017;NA;9771;17864,00000000000;NA;NA
690781810 - HOSPICES CIVILS DE LYON;80+;76;32;2018;NA;9397;17633,00000000000;NA;NA
690781810 - HOSPICES CIVILS DE LYON;80+;76;32;2019;NA;9098;17641,00000000000;NA;NA
690781810 - HOSPICES CIVILS DE LYON;80+;76;32;2020;NA;8163;17653,00000000000;NA;NA
690781810 - HOSPICES CIVILS DE LYON;80+;76;32;2021;NA;7935;17198,00000000000;NA;NA
690781810 - HOSPICES CIVILS DE LYON;80+;76;32;2022;NA;7704;16942,00000000000;NA;NA
690781810 - HOSPICES CIVILS DE LYON;80+;76;32;2023;NA;7735;16672,00000000000;NA;NA
690781810 - HOSPICES CIVILS DE LYON;80+;76;32;2024;NA;8185;16592,00000000000;NA;NA
690781810 - HOSPICES CIVILS DE LYON;80+;76;32;2025;NA;7570;16558,00000000000;NA;NA
690781810 - HOSPICES CIVILS DE LYON;80+;75;33;2016;NA;47576;89466,00000000000;NA;NA
690781810 - HOSPICES CIVILS DE LYON;80+;75;33;2017;NA;49306;92081,00000000000;NA;NA
690781810 - HOSPICES CIVILS DE LYON;80+;75;33;2018;NA;49570;92953,00000000000;NA;NA
690781810 - HOSPICES CIVILS DE LYON;80+;75;33;2019;NA;49060;93869,00000000000;NA;NA
690781810 - HOSPICES CIVILS DE LYON;80+;75;33;2020;NA;45321;94936,00000000000;NA;NA
690781810 - HOSPICES CIVILS DE LYON;80+;75;33;2021;NA;44592;94630,00000000000;NA;NA
690781810 - HOSPICES CIVILS DE LYON;80+;75;33;2022;NA;41310;94050,00000000000;NA;NA
690781810 - HOSPICES CIVILS DE LYON;80+;75;33;2023;NA;38964;93813,00000000000;NA;NA
690781810 - HOSPICES CIVILS DE LYON;80+;75;33;2024;NA;41889;95851,00000000000;NA;NA
690781810 - HOSPICES CIVILS DE LYON;80+;75;33;2025;NA;38990;97748,00000000000;NA;NA
690781810 - HOSPICES CIVILS DE LYON;80+;76;34;2016;NA;32963;70229,00000000000;NA;NA
690781810 - HOSPICES CIVILS DE LYON;80+;76;34;2017;NA;33297;72176,00000000000;NA;NA
690781810 - HOSPICES CIVILS DE LYON;80+;76;34;2019;NA;33714;74400,00000000000;NA;NA
690781810 - HOSPICES CIVILS DE LYON;80+;76;34;2020;NA;30160;75235,00000000000;NA;NA
690781810 - HOSPICES CIVILS DE LYON;80+;76;34;2021;NA;29961;76115,00000000000;NA;NA
690781810 - HOSPICES CIVILS DE LYON;80+;76;34;2022;NA;30671;76893,00000000000;NA;NA
690781810 - HOSPICES CIVILS DE LYON;80+;76;34;2023;NA;31592;78026,00000000000;NA;NA
690781810 - HOSPICES CIVILS DE LYON;80+;76;34;2024;NA;32842;80658,00000000000;NA;NA
690781810 - HOSPICES CIVILS DE LYON;80+;76;34;2025;NA;30549;83350,00000000000;NA;NA
690781810 - HOSPICES CIVILS DE LYON;80+;53;35;2016;NA;29112;56988,00000000000;NA;NA
690781810 - HOSPICES CIVILS DE LYON;80+;53;35;2017;NA;29298;58828,00000000000;NA;NA
690781810 - HOSPICES CIVILS DE LYON;80+;53;35;2018;NA;29615;60629,00000000000;NA;NA
690781810 - HOSPICES CIVILS DE LYON;80+;53;35;2019;NA;30229;61535,00000000000;NA;NA
690781810 - HOSPICES CIVILS DE LYON;80+;53;35;2020;NA;28051;63047,00000000000;NA;NA
690781810 - HOSPICES CIVILS DE LYON;80+;53;35;2021;NA;27320;62538,00000000000;NA;NA
690781810 - HOSPICES CIVILS DE LYON;80+;53;35;2022;NA;27390;61288,00000000000;NA;NA
690781810 - HOSPICES CIVILS DE LYON;80+;53;35;2023;NA;27343;61049,00000000000;NA;NA
690781810 - HOSPICES CIVILS DE LYON;80+;53;35;2024;NA;27635;61678,00000000000;NA;NA
690781810 - HOSPICES CIVILS DE LYON;80+;53;35;2025;NA;26123;62100,00000000000;NA;NA
690781810 - HOSPICES CIVILS DE LYON;80+;24;36;2016;NA;10028;20167,00000000000;NA;NA
690781810 - HOSPICES CIVILS DE LYON;80+;24;36;2017;NA;9759;20467,00000000000;NA;NA
690781810 - HOSPICES CIVILS DE LYON;80+;24;36;2018;NA;9682;20390,00000000000;NA;NA
690781810 - HOSPICES CIVILS DE LYON;80+;24;36;2019;NA;9470;20440,00000000000;NA;NA
690781810 - HOSPICES CIVILS DE LYON;80+;24;36;2020;NA;8097;20513,00000000000;NA;NA
690781810 - HOSPICES CIVILS DE LYON;80+;24;36;2021;NA;7690;19997,00000000000;NA;NA
690781810 - HOSPICES CIVILS DE LYON;80+;24;36;2022;NA;7381;19402,00000000000;NA;NA
690781810 - HOSPICES CIVILS DE LYON;80+;24;36;2023;NA;7118;19109,00000000000;NA;NA
690781810 - HOSPICES CIVILS DE LYON;80+;24;36;2024;NA;7001;19059,00000000000;NA;NA
690781810 - HOSPICES CIVILS DE LYON;80+;24;36;2025;NA;6342;18857,00000000000;NA;NA
690781810 - HOSPICES CIVILS DE LYON;80+;24;37;2016;NA;21884;40907,00000000000;NA;NA
690781810 - HOSPICES CIVILS DE LYON;80+;24;37;2017;NA;21756;41985,00000000000;NA;NA
690781810 - HOSPICES CIVILS DE LYON;80+;24;37;2018;NA;21217;41752,00000000000;NA;NA
690781810 - HOSPICES CIVILS DE LYON;80+;24;37;2019;NA;20857;41949,00000000000;NA;NA
690781810 - HOSPICES CIVILS DE LYON;80+;24;37;2020;NA;19010;42440,00000000000;NA;NA
690781810 - HOSPICES CIVILS DE LYON;80+;24;37;2021;NA;18145;42344,00000000000;NA;NA
690781810 - HOSPICES CIVILS DE LYON;80+;24;37;2022;NA;18507;42009,00000000000;NA;NA
690781810 - HOSPICES CIVILS DE LYON;80+;24;37;2023;NA;18390;41858,00000000000;NA;NA
690781810 - HOSPICES CIVILS DE LYON;80+;24;37;2024;NA;18808;42508,00000000000;NA;NA
690781810 - HOSPICES CIVILS DE LYON;80+;24;37;2025;NA;17068;42817,00000000000;NA;NA
690781810 - HOSPICES CIVILS DE LYON;80+;75;40;2016;NA;14503;30082,00000000000;NA;NA
690781810 - HOSPICES CIVILS DE LYON;80+;75;40;2017;NA;14135;30593,00000000000;NA;NA
690781810 - HOSPICES CIVILS DE LYON;80+;75;40;2018;NA;14211;30740,00000000000;NA;NA
690781810 - HOSPICES CIVILS DE LYON;80+;75;40;2019;NA;14296;31381,00000000000;NA;NA
690781810 - HOSPICES CIVILS DE LYON;80+;75;40;2020;NA;13448;31972,00000000000;NA;NA
690781810 - HOSPICES CIVILS DE LYON;80+;75;40;2021;NA;12876;31549,00000000000;NA;NA
690781810 - HOSPICES CIVILS DE LYON;80+;75;40;2022;NA;13325;31716,00000000000;NA;NA
690781810 - HOSPICES CIVILS DE LYON;80+;75;40;2023;NA;13100;31791,00000000000;NA;NA
690781810 - HOSPICES CIVILS DE LYON;80+;75;40;2024;NA;13706;32315,00000000000;NA;NA
690781810 - HOSPICES CIVILS DE LYON;80+;75;40;2025;NA;12453;32786,00000000000;NA;NA
690781810 - HOSPICES CIVILS DE LYON;80+;24;41;2016;NA;12504;26401,00000000000;NA;NA
690781810 - HOSPICES CIVILS DE LYON;80+;24;41;2017;NA;12561;26995,00000000000;NA;NA
690781810 - HOSPICES CIVILS DE LYON;80+;24;41;2018;NA;12241;27080,00000000000;NA;NA
690781810 - HOSPICES CIVILS DE LYON;80+;24;41;2019;NA;12386;27144,00000000000;NA;NA
690781810 - HOSPICES CIVILS DE LYON;80+;24;41;2020;NA;10917;26963,00000000000;NA;NA
690781810 - HOSPICES CIVILS DE LYON;80+;24;41;2021;NA;10307;26689,00000000000;NA;NA
690781810 - HOSPICES CIVILS DE LYON;80+;24;41;2022;NA;10223;26272,00000000000;NA;NA
690781810 - HOSPICES CIVILS DE LYON;80+;24;41;2023;NA;10284;25720,00000000000;NA;NA
690781810 - HOSPICES CIVILS DE LYON;80+;24;41;2024;NA;10529;25673,00000000000;NA;NA
690781810 - HOSPICES CIVILS DE LYON;80+;24;41;2025;NA;9631;25587,00000000000;NA;NA
690781810 - HOSPICES CIVILS DE LYON;80+;52;44;2016;NA;33948;73559,00000000000;NA;NA
690781810 - HOSPICES CIVILS DE LYON;80+;52;44;2017;NA;34107;75453,00000000000;NA;NA
690781810 - HOSPICES CIVILS DE LYON;80+;52;44;2018;NA;34630;77242,00000000000;NA;NA
690781810 - HOSPICES CIVILS DE LYON;80+;52;44;2019;NA;34348;78262,00000000000;NA;NA
690781810 - HOSPICES CIVILS DE LYON;80+;52;44;2020;NA;32456;80120,00000000000;NA;NA
690781810 - HOSPICES CIVILS DE LYON;80+;52;44;2021;NA;32604;79674,00000000000;NA;NA
690781810 - HOSPICES CIVILS DE LYON;80+;52;44;2022;NA;31313;79490,00000000000;NA;NA
690781810 - HOSPICES CIVILS DE LYON;80+;52;44;2023;NA;31110;79643,00000000000;NA;NA
690781810 - HOSPICES CIVILS DE LYON;80+;52;44;2024;NA;32398;81096,00000000000;NA;NA
690781810 - HOSPICES CIVILS DE LYON;80+;52;44;2025;NA;29253;82187,00000000000;NA;NA
690781810 - HOSPICES CIVILS DE LYON;80+;24;45;2016;NA;19456;40610,00000000000;NA;NA
690781810 - HOSPICES CIVILS DE LYON;80+;24;45;2017;NA;19598;41258,00000000000;NA;NA
690781810 - HOSPICES CIVILS DE LYON;80+;24;45;2018;NA;19940;41489,00000000000;NA;NA
690781810 - HOSPICES CIVILS DE LYON;80+;24;45;2019;NA;19747;41828,00000000000;NA;NA
690781810 - HOSPICES CIVILS DE LYON;80+;24;45;2020;NA;17081;42524,00000000000;NA;NA
690781810 - HOSPICES CIVILS DE LYON;80+;24;45;2021;NA;15890;41902,00000000000;NA;NA
690781810 - HOSPICES CIVILS DE LYON;80+;24;45;2022;NA;15880;41098,00000000000;NA;NA
690781810 - HOSPICES CIVILS DE LYON;80+;24;45;2023;NA;16085;40918,00000000000;NA;NA
690781810 - HOSPICES CIVILS DE LYON;80+;24;45;2024;NA;16268;41189,00000000000;NA;NA
690781810 - HOSPICES CIVILS DE LYON;80+;24;45;2025;NA;16278;41440,00000000000;NA;NA
690781810 - HOSPICES CIVILS DE LYON;80+;76;46;2016;NA;8512;16400,00000000000;NA;NA
690781810 - HOSPICES CIVILS DE LYON;80+;76;46;2017;NA;8804;16729,00000000000;NA;NA
690781810 - HOSPICES CIVILS DE LYON;80+;76;46;2018;NA;8345;16688,00000000000;NA;NA
690781810 - HOSPICES CIVILS DE LYON;80+;76;46;2019;NA;8435;16860,00000000000;NA;NA
690781810 - HOSPICES CIVILS DE LYON;80+;76;46;2020;NA;7032;16373,00000000000;NA;NA
690781810 - HOSPICES CIVILS DE LYON;80+;76;46;2021;NA;6786;16396,00000000000;NA;NA
690781810 - HOSPICES CIVILS DE LYON;80+;76;46;2022;NA;6741;16353,00000000000;NA;NA
690781810 - HOSPICES CIVILS DE LYON;80+;76;46;2023;NA;6913;16155,00000000000;NA;NA
690781810 - HOSPICES CIVILS DE LYON;80+;76;46;2024;NA;7278;16255,00000000000;NA;NA
690781810 - HOSPICES CIVILS DE LYON;80+;76;46;2025;NA;6916;16354,00000000000;NA;NA
690781810 - HOSPICES CIVILS DE LYON;80+;75;47;2016;NA;15188;27885,00000000000;NA;NA
690781810 - HOSPICES CIVILS DE LYON;80+;75;47;2017;NA;15001;28349,00000000000;NA;NA
690781810 - HOSPICES CIVILS DE LYON;80+;75;47;2018;NA;14779;28331,00000000000;NA;NA
690781810 - HOSPICES CIVILS DE LYON;80+;75;47;2019;NA;15097;28302,00000000000;NA;NA
690781810 - HOSPICES CIVILS DE LYON;80+;75;47;2020;NA;12965;28419,00000000000;NA;NA
690781810 - HOSPICES CIVILS DE LYON;80+;75;47;2021;NA;12599;28096,00000000000;NA;NA
690781810 - HOSPICES CIVILS DE LYON;80+;75;47;2022;NA;12417;27726,00000000000;NA;NA
690781810 - HOSPICES CIVILS DE LYON;80+;75;47;2023;NA;12486;27454,00000000000;NA;NA
690781810 - HOSPICES CIVILS DE LYON;80+;75;47;2024;NA;12423;27674,00000000000;NA;NA
690781810 - HOSPICES CIVILS DE LYON;80+;75;47;2025;NA;11325;27841,00000000000;NA;NA
690781810 - HOSPICES CIVILS DE LYON;80+;76;48;2016;NA;NA;6146,00000000000;NA;NA
690781810 - HOSPICES CIVILS DE LYON;80+;76;48;2017;NA;3247;6256,00000000000;NA;NA
690781810 - HOSPICES CIVILS DE LYON;80+;76;48;2018;NA;3149;6280,00000000000;NA;NA
690781810 - HOSPICES CIVILS DE LYON;80+;76;48;2019;NA;3322;6370,00000000000;NA;NA
690781810 - HOSPICES CIVILS DE LYON;80+;76;48;2020;NA;2659;6063,00000000000;NA;NA
690781810 - HOSPICES CIVILS DE LYON;80+;76;48;2021;NA;2703;6111,00000000000;NA;NA
690781810 - HOSPICES CIVILS DE LYON;80+;76;48;2022;NA;2699;5923,00000000000;NA;NA
690781810 - HOSPICES CIVILS DE LYON;80+;76;48;2023;NA;2794;5864,00000000000;NA;NA
690781810 - HOSPICES CIVILS DE LYON;80+;76;48;2024;NA;2916;5937,00000000000;NA;NA
690781810 - HOSPICES CIVILS DE LYON;80+;76;48;2025;NA;2675;5930,00000000000;NA;NA
690781810 - HOSPICES CIVILS DE LYON;80+;52;49;2016;NA;25706;52079,00000000000;NA;NA
690781810 - HOSPICES CIVILS DE LYON;80+;52;49;2017;NA;25387;54120,00000000000;NA;NA
690781810 - HOSPICES CIVILS DE LYON;80+;52;49;2018;NA;24766;54452,00000000000;NA;NA
690781810 - HOSPICES CIVILS DE LYON;80+;52;49;2019;NA;24845;54551,00000000000;NA;NA
690781810 - HOSPICES CIVILS DE LYON;80+;52;49;2020;NA;22769;54140,00000000000;NA;NA
690781810 - HOSPICES CIVILS DE LYON;80+;52;49;2021;NA;22395;53582,00000000000;NA;NA
690781810 - HOSPICES CIVILS DE LYON;80+;52;49;2022;NA;22157;52915,00000000000;NA;NA
690781810 - HOSPICES CIVILS DE LYON;80+;52;49;2023;NA;21556;52316,00000000000;NA;NA
690781810 - HOSPICES CIVILS DE LYON;80+;52;49;2024;NA;22166;52306,00000000000;NA;NA
690781810 - HOSPICES CIVILS DE LYON;80+;52;49;2025;NA;19771;52320,00000000000;NA;NA
690781810 - HOSPICES CIVILS DE LYON;80+;28;50;2016;NA;21187;39174,00000000000;NA;NA
690781810 - HOSPICES CIVILS DE LYON;80+;28;50;2017;NA;22080;40260,00000000000;NA;NA
690781810 - HOSPICES CIVILS DE LYON;80+;28;50;2018;NA;21910;40634,00000000000;NA;NA
690781810 - HOSPICES CIVILS DE LYON;80+;28;50;2019;NA;21883;41078,00000000000;NA;NA
690781810 - HOSPICES CIVILS DE LYON;80+;28;50;2020;NA;19462;40151,00000000000;NA;NA
690781810 - HOSPICES CIVILS DE LYON;80+;28;50;2021;NA;19287;39641,00000000000;NA;NA
690781810 - HOSPICES CIVILS DE LYON;80+;28;50;2022;NA;19360;39250,00000000000;NA;NA
690781810 - HOSPICES CIVILS DE LYON;80+;28;50;2023;NA;18685;38078,00000000000;NA;NA
690781810 - HOSPICES CIVILS DE LYON;80+;28;50;2024;NA;18707;37802,00000000000;NA;NA
690781810 - HOSPICES CIVILS DE LYON;80+;28;50;2025;NA;17110;37596,00000000000;NA;NA
690781810 - HOSPICES CIVILS DE LYON;80+;44;51;2016;NA;15786;31210,00000000000;NA;NA
690781810 - HOSPICES CIVILS DE LYON;80+;44;51;2017;NA;16540;32038,00000000000;NA;NA
690781810 - HOSPICES CIVILS DE LYON;80+;44;51;2018;NA;16429;32261,00000000000;NA;NA
690781810 - HOSPICES CIVILS DE LYON;80+;44;51;2019;NA;16477;32710,00000000000;NA;NA
690781810 - HOSPICES CIVILS DE LYON;80+;44;51;2020;NA;15139;32701,00000000000;NA;NA
690781810 - HOSPICES CIVILS DE LYON;80+;44;51;2021;NA;14673;32854,00000000000;NA;NA
690781810 - HOSPICES CIVILS DE LYON;80+;44;51;2022;NA;15081;32384,00000000000;NA;NA
690781810 - HOSPICES CIVILS DE LYON;80+;44;51;2023;NA;14692;32202,00000000000;NA;NA
690781810 - HOSPICES CIVILS DE LYON;80+;44;51;2024;NA;14563;32398,00000000000;NA;NA
690781810 - HOSPICES CIVILS DE LYON;80+;44;51;2025;NA;13799;32689,00000000000;NA;NA
690781810 - HOSPICES CIVILS DE LYON;80+;44;52;2016;NA;8100;13472,00000000000;NA;NA
690781810 - HOSPICES CIVILS DE LYON;80+;44;52;2017;NA;8488;13274,00000000000;NA;NA
690781810 - HOSPICES CIVILS DE LYON;80+;44;52;2018;NA;8495;13433,00000000000;NA;NA
690781810 - HOSPICES CIVILS DE LYON;80+;44;52;2019;NA;8686;13627,00000000000;NA;NA
690781810 - HOSPICES CIVILS DE LYON;80+;44;52;2020;NA;7777;13766,00000000000;NA;NA
690781810 - HOSPICES CIVILS DE LYON;80+;44;52;2021;NA;7332;13481,00000000000;NA;NA
690781810 - HOSPICES CIVILS DE LYON;80+;44;52;2022;NA;7394;13107,00000000000;NA;NA
690781810 - HOSPICES CIVILS DE LYON;80+;44;52;2023;NA;6809;12979,00000000000;NA;NA
690781810 - HOSPICES CIVILS DE LYON;80+;44;52;2024;NA;7107;12996,00000000000;NA;NA
690781810 - HOSPICES CIVILS DE LYON;80+;44;52;2025;NA;6317;12919,00000000000;NA;NA
690781810 - HOSPICES CIVILS DE LYON;80+;52;53;2016;NA;12299;22354,00000000000;NA;NA
690781810 - HOSPICES CIVILS DE LYON;80+;52;53;2017;NA;12139;23040,00000000000;NA;NA
690781810 - HOSPICES CIVILS DE LYON;80+;52;53;2018;NA;12135;23489,00000000000;NA;NA
690781810 - HOSPICES CIVILS DE LYON;80+;52;53;2019;NA;12145;23427,00000000000;NA;NA
690781810 - HOSPICES CIVILS DE LYON;80+;52;53;2020;NA;11054;23256,00000000000;NA;NA
690781810 - HOSPICES CIVILS DE LYON;80+;52;53;2021;NA;10654;22374,00000000000;NA;NA
690781810 - HOSPICES CIVILS DE LYON;80+;52;53;2022;NA;10465;22249,00000000000;NA;NA
690781810 - HOSPICES CIVILS DE LYON;80+;52;53;2023;NA;10207;21722,00000000000;NA;NA
690781810 - HOSPICES CIVILS DE LYON;80+;52;53;2024;NA;10383;21446,00000000000;NA;NA
690781810 - HOSPICES CIVILS DE LYON;80+;52;53;2025;NA;9505;21287,00000000000;NA;NA
690781810 - HOSPICES CIVILS DE LYON;80+;44;54;2016;NA;24262;42001,00000000000;NA;NA
690781810 - HOSPICES CIVILS DE LYON;80+;44;54;2017;NA;24432;43223,00000000000;NA;NA
690781810 - HOSPICES CIVILS DE LYON;80+;44;54;2018;NA;25239;43631,00000000000;NA;NA
690781810 - HOSPICES CIVILS DE LYON;80+;44;54;2019;NA;25290;44379,00000000000;NA;NA
690781810 - HOSPICES CIVILS DE LYON;80+;44;54;2020;NA;21981;44718,00000000000;NA;NA
690781810 - HOSPICES CIVILS DE LYON;80+;44;54;2021;NA;21118;43918,00000000000;NA;NA
690781810 - HOSPICES CIVILS DE LYON;80+;44;54;2022;NA;21242;42549,00000000000;NA;NA
690781810 - HOSPICES CIVILS DE LYON;80+;44;54;2023;NA;20644;41828,00000000000;NA;NA
690781810 - HOSPICES CIVILS DE LYON;80+;44;54;2024;NA;20099;41191,00000000000;NA;NA
690781810 - HOSPICES CIVILS DE LYON;80+;44;54;2025;NA;18413;41039,00000000000;NA;NA
690781810 - HOSPICES CIVILS DE LYON;80+;44;55;2016;NA;7928;12721,00000000000;NA;NA
690781810 - HOSPICES CIVILS DE LYON;80+;44;55;2017;NA;7708;12804,00000000000;NA;NA
690781810 - HOSPICES CIVILS DE LYON;80+;44;55;2018;NA;8163;12979,00000000000;NA;NA
690781810 - HOSPICES CIVILS DE LYON;80+;44;55;2019;NA;7815;13145,00000000000;NA;NA
690781810 - HOSPICES CIVILS DE LYON;80+;44;55;2020;NA;6923;13162,00000000000;NA;NA
690781810 - HOSPICES CIVILS DE LYON;80+;44;55;2021;NA;6380;12850,00000000000;NA;NA
690781810 - HOSPICES CIVILS DE LYON;80+;44;55;2022;NA;6602;12323,00000000000;NA;NA
690781810 - HOSPICES CIVILS DE LYON;80+;44;55;2023;NA;6409;12081,00000000000;NA;NA
690781810 - HOSPICES CIVILS DE LYON;80+;44;55;2024;NA;6150;11899,00000000000;NA;NA
690781810 - HOSPICES CIVILS DE LYON;80+;44;55;2025;NA;5590;11869,00000000000;NA;NA
690781810 - HOSPICES CIVILS DE LYON;80+;53;56;2016;NA;28499;52656,00000000000;NA;NA
690781810 - HOSPICES CIVILS DE LYON;80+;53;56;2017;NA;28438;54310,00000000000;NA;NA
690781810 - HOSPICES CIVILS DE LYON;80+;53;56;2018;NA;28218;55641,00000000000;NA;NA
690781810 - HOSPICES CIVILS DE LYON;80+;53;56;2019;NA;28210;56846,00000000000;NA;NA
690781810 - HOSPICES CIVILS DE LYON;80+;53;56;2020;NA;25946;57120,00000000000;NA;NA
690781810 - HOSPICES CIVILS DE LYON;80+;53;56;2021;NA;25908;56856,00000000000;NA;NA
690781810 - HOSPICES CIVILS DE LYON;80+;53;56;2022;NA;25365;56317,00000000000;NA;NA
690781810 - HOSPICES CIVILS DE LYON;80+;53;56;2023;NA;25257;55890,00000000000;NA;NA
690781810 - HOSPICES CIVILS DE LYON;80+;53;56;2024;NA;25029;56376,00000000000;NA;NA
690781810 - HOSPICES CIVILS DE LYON;80+;53;56;2025;NA;22437;56993,00000000000;NA;NA
690781810 - HOSPICES CIVILS DE LYON;80+;44;57;2016;NA;34200;56390,00000000000;NA;NA
690781810 - HOSPICES CIVILS DE LYON;80+;44;57;2017;NA;34709;58732,00000000000;NA;NA
690781810 - HOSPICES CIVILS DE LYON;80+;44;57;2018;NA;34594;59416,00000000000;NA;NA
690781810 - HOSPICES CIVILS DE LYON;80+;44;57;2019;NA;34304;61705,00000000000;NA;NA
690781810 - HOSPICES CIVILS DE LYON;80+;44;57;2020;NA;29766;63183,00000000000;NA;NA
690781810 - HOSPICES CIVILS DE LYON;80+;44;57;2021;NA;28484;61720,00000000000;NA;NA
690781810 - HOSPICES CIVILS DE LYON;80+;44;57;2022;NA;28707;61123,00000000000;NA;NA
690781810 - HOSPICES CIVILS DE LYON;80+;44;57;2023;NA;28035;60852,00000000000;NA;NA
690781810 - HOSPICES CIVILS DE LYON;80+;44;57;2024;NA;28168;60728,00000000000;NA;NA
690781810 - HOSPICES CIVILS DE LYON;80+;44;57;2025;NA;26005;60199,00000000000;NA;NA
690781810 - HOSPICES CIVILS DE LYON;80+;27;58;2016;NA;9996;19182,00000000000;NA;NA
690781810 - HOSPICES CIVILS DE LYON;80+;27;58;2017;NA;10252;19379,00000000000;NA;NA
690781810 - HOSPICES CIVILS DE LYON;80+;27;58;2018;NA;10249;19437,00000000000;NA;NA
690781810 - HOSPICES CIVILS DE LYON;80+;27;58;2019;NA;10461;19573,00000000000;NA;NA
690781810 - HOSPICES CIVILS DE LYON;80+;27;58;2020;NA;9093;19633,00000000000;NA;NA
690781810 - HOSPICES CIVILS DE LYON;80+;27;58;2021;NA;9012;19604,00000000000;NA;NA
690781810 - HOSPICES CIVILS DE LYON;80+;27;58;2022;NA;8872;18406,00000000000;NA;NA
690781810 - HOSPICES CIVILS DE LYON;80+;27;58;2023;NA;8527;18132,00000000000;NA;NA
690781810 - HOSPICES CIVILS DE LYON;80+;27;58;2025;NA;8433;17711,00000000000;NA;NA
690781810 - HOSPICES CIVILS DE LYON;80+;32;59;2016;NA;72751;125075,00000000000;NA;NA
690781810 - HOSPICES CIVILS DE LYON;80+;32;59;2017;NA;73706;127476,00000000000;NA;NA
690781810 - HOSPICES CIVILS DE LYON;80+;32;59;2018;NA;73503;128103,00000000000;NA;NA
690781810 - HOSPICES CIVILS DE LYON;80+;32;59;2019;NA;73175;130088,00000000000;NA;NA
690781810 - HOSPICES CIVILS DE LYON;80+;32;59;2020;NA;65384;131342,00000000000;NA;NA
690781810 - HOSPICES CIVILS DE LYON;80+;32;59;2021;NA;63642;129809,00000000000;NA;NA
690781810 - HOSPICES CIVILS DE LYON;80+;32;59;2022;NA;63795;126002,00000000000;NA;NA
690781810 - HOSPICES CIVILS DE LYON;80+;32;59;2023;NA;63231;124288,00000000000;NA;NA
690781810 - HOSPICES CIVILS DE LYON;80+;32;59;2024;NA;63660;124494,00000000000;NA;NA
690781810 - HOSPICES CIVILS DE LYON;80+;32;59;2025;NA;60200;125606,00000000000;NA;NA
690781810 - HOSPICES CIVILS DE LYON;80+;32;60;2016;NA;21307;36681,00000000000;NA;NA
690781810 - HOSPICES CIVILS DE LYON;80+;32;60;2017;NA;21659;37445,00000000000;NA;NA
690781810 - HOSPICES CIVILS DE LYON;80+;32;60;2018;NA;20995;38328,00000000000;NA;NA
690781810 - HOSPICES CIVILS DE LYON;80+;32;60;2019;NA;21219;38850,00000000000;NA;NA
690781810 - HOSPICES CIVILS DE LYON;80+;32;60;2020;NA;18117;38882,00000000000;NA;NA
690781810 - HOSPICES CIVILS DE LYON;80+;32;60;2021;NA;18147;38691,00000000000;NA;NA
690781810 - HOSPICES CIVILS DE LYON;80+;32;60;2022;NA;18691;38014,00000000000;NA;NA
690781810 - HOSPICES CIVILS DE LYON;80+;32;60;2023;NA;18531;37894,00000000000;NA;NA
690781810 - HOSPICES CIVILS DE LYON;80+;32;60;2024;NA;19081;38237,00000000000;NA;NA
690781810 - HOSPICES CIVILS DE LYON;80+;32;60;2025;NA;18027;38797,00000000000;NA;NA
690781810 - HOSPICES CIVILS DE LYON;80+;28;61;2016;NA;14632;23620,00000000000;NA;NA
690781810 - HOSPICES CIVILS DE LYON;80+;28;61;2017;NA;14802;24049,00000000000;NA;NA
690781810 - HOSPICES CIVILS DE LYON;80+;28;61;2018;NA;14789;24130,00000000000;NA;NA
690781810 - HOSPICES CIVILS DE LYON;80+;28;61;2019;NA;14521;24167,00000000000;NA;NA
690781810 - HOSPICES CIVILS DE LYON;80+;28;61;2020;NA;12764;24239,00000000000;NA;NA
690781810 - HOSPICES CIVILS DE LYON;80+;28;61;2021;NA;12139;23806,00000000000;NA;NA
690781810 - HOSPICES CIVILS DE LYON;80+;28;61;2022;NA;12072;23119,00000000000;NA;NA
690781810 - HOSPICES CIVILS DE LYON;80+;28;61;2023;NA;11850;22638,00000000000;NA;NA
690781810 - HOSPICES CIVILS DE LYON;80+;28;61;2024;NA;11933;22414,00000000000;NA;NA
690781810 - HOSPICES CIVILS DE LYON;80+;28;61;2025;NA;10621;22135,00000000000;NA;NA
690781810 - HOSPICES CIVILS DE LYON;80+;32;62;2016;NA;42544;77209,00000000000;NA;NA
690781810 - HOSPICES CIVILS DE LYON;80+;32;62;2017;NA;43436;78698,00000000000;NA;NA
690781810 - HOSPICES CIVILS DE LYON;80+;32;62;2018;NA;45023;79371,00000000000;NA;NA
690781810 - HOSPICES CIVILS DE LYON;80+;32;62;2019;NA;44620;80914,00000000000;NA;NA
690781810 - HOSPICES CIVILS DE LYON;80+;32;62;2020;NA;40298;81146,00000000000;NA;NA
690781810 - HOSPICES CIVILS DE LYON;80+;32;62;2021;NA;38881;79581,00000000000;NA;NA
690781810 - HOSPICES CIVILS DE LYON;80+;32;62;2022;NA;38847;75923,00000000000;NA;NA
690781810 - HOSPICES CIVILS DE LYON;80+;32;62;2023;NA;38137;74031,00000000000;NA;NA
690781810 - HOSPICES CIVILS DE LYON;80+;32;62;2024;NA;38304;73677,00000000000;NA;NA
690781810 - HOSPICES CIVILS DE LYON;80+;32;62;2025;NA;34580;73712,00000000000;NA;NA
690781810 - HOSPICES CIVILS DE LYON;80+;84;63;2016;NA;20320;41901,00000000000;NA;NA
690781810 - HOSPICES CIVILS DE LYON;80+;84;63;2020;NA;19030;43395,00000000000;NA;NA
690781810 - HOSPICES CIVILS DE LYON;80+;84;63;2022;NA;19548;42952,00000000000;NA;NA
690781810 - HOSPICES CIVILS DE LYON;80+;84;63;2023;NA;19252;42756,00000000000;NA;NA
690781810 - HOSPICES CIVILS DE LYON;80+;84;63;2024;NA;20079;43166,00000000000;NA;NA
690781810 - HOSPICES CIVILS DE LYON;80+;75;64;2016;NA;25100;51736,00000000000;NA;NA
690781810 - HOSPICES CIVILS DE LYON;80+;75;64;2017;NA;25577;53020,00000000000;NA;NA
690781810 - HOSPICES CIVILS DE LYON;80+;75;64;2018;NA;25275;53591,00000000000;NA;NA
690781810 - HOSPICES CIVILS DE LYON;80+;75;64;2019;NA;25305;54232,00000000000;NA;NA
690781810 - HOSPICES CIVILS DE LYON;80+;75;64;2020;NA;23969;54168,00000000000;NA;NA
690781810 - HOSPICES CIVILS DE LYON;80+;75;64;2021;NA;23456;53662,00000000000;NA;NA
690781810 - HOSPICES CIVILS DE LYON;80+;75;64;2022;NA;23078;54253,00000000000;NA;NA
690781810 - HOSPICES CIVILS DE LYON;80+;75;64;2023;NA;23644;54414,00000000000;NA;NA
690781810 - HOSPICES CIVILS DE LYON;80+;75;64;2024;NA;24612;54943,00000000000;NA;NA
690781810 - HOSPICES CIVILS DE LYON;80+;75;64;2025;NA;22839;55633,00000000000;NA;NA
690781810 - HOSPICES CIVILS DE LYON;80+;76;65;2016;NA;9845;20202,00000000000;NA;NA
690781810 - HOSPICES CIVILS DE LYON;80+;76;65;2017;NA;10050;20309,00000000000;NA;NA
690781810 - HOSPICES CIVILS DE LYON;80+;76;65;2018;NA;10081;20426,00000000000;NA;NA
690781810 - HOSPICES CIVILS DE LYON;80+;76;65;2019;NA;9564;20473,00000000000;NA;NA
690781810 - HOSPICES CIVILS DE LYON;80+;76;65;2020;NA;8595;20647,00000000000;NA;NA
690781810 - HOSPICES CIVILS DE LYON;80+;76;65;2021;NA;8610;20403,00000000000;NA;NA
690781810 - HOSPICES CIVILS DE LYON;80+;76;65;2022;NA;8334;19753,00000000000;NA;NA
690781810 - HOSPICES CIVILS DE LYON;80+;76;65;2023;NA;8239;19390,00000000000;NA;NA
690781810 - HOSPICES CIVILS DE LYON;80+;76;65;2024;NA;8228;19563,00000000000;NA;NA
690781810 - HOSPICES CIVILS DE LYON;80+;76;65;2025;NA;7885;19548,00000000000;NA;NA
690781810 - HOSPICES CIVILS DE LYON;80+;76;66;2016;NA;15067;37376,00000000000;NA;NA
690781810 - HOSPICES CIVILS DE LYON;80+;76;66;2017;NA;15039;38004,00000000000;NA;NA
690781810 - HOSPICES CIVILS DE LYON;80+;76;66;2018;NA;14528;38407,00000000000;NA;NA
690781810 - HOSPICES CIVILS DE LYON;80+;76;66;2019;NA;14748;39250,00000000000;NA;NA
690781810 - HOSPICES CIVILS DE LYON;80+;76;66;2020;NA;13357;38757,00000000000;NA;NA
690781810 - HOSPICES CIVILS DE LYON;80+;76;66;2021;NA;13166;38534,00000000000;NA;NA
690781810 - HOSPICES CIVILS DE LYON;80+;76;66;2022;NA;12811;38206,00000000000;NA;NA
690781810 - HOSPICES CIVILS DE LYON;80+;76;66;2023;NA;12860;38115,00000000000;NA;NA
690781810 - HOSPICES CIVILS DE LYON;80+;76;66;2024;NA;12716;38630,00000000000;NA;NA
690781810 - HOSPICES CIVILS DE LYON;80+;76;66;2025;NA;13027;39247,00000000000;NA;NA
690781810 - HOSPICES CIVILS DE LYON;80+;44;67;2016;NA;34604;57299,00000000000;NA;NA
690781810 - HOSPICES CIVILS DE LYON;80+;44;67;2017;NA;35053;59348,00000000000;NA;NA
690781810 - HOSPICES CIVILS DE LYON;80+;44;67;2018;NA;35309;60213,00000000000;NA;NA
690781810 - HOSPICES CIVILS DE LYON;80+;44;67;2019;NA;35864;61816,00000000000;NA;NA
690781810 - HOSPICES CIVILS DE LYON;80+;44;67;2020;NA;31706;63831,00000000000;NA;NA
690781810 - HOSPICES CIVILS DE LYON;80+;44;67;2021;NA;31799;62899,00000000000;NA;NA
690781810 - HOSPICES CIVILS DE LYON;80+;44;67;2022;NA;32284;63419,00000000000;NA;NA
690781810 - HOSPICES CIVILS DE LYON;80+;44;67;2023;NA;31683;63739,00000000000;NA;NA
690781810 - HOSPICES CIVILS DE LYON;80+;44;67;2024;NA;31858;64341,00000000000;NA;NA
690781810 - HOSPICES CIVILS DE LYON;80+;44;67;2025;NA;29194;64004,00000000000;NA;NA
690781810 - HOSPICES CIVILS DE LYON;80+;44;68;2016;NA;22397;42032,00000000000;NA;NA
690781810 - HOSPICES CIVILS DE LYON;80+;44;68;2017;NA;22821;43261,00000000000;NA;NA
690781810 - HOSPICES CIVILS DE LYON;80+;44;68;2018;NA;22443;43878,00000000000;NA;NA
690781810 - HOSPICES CIVILS DE LYON;80+;44;68;2019;NA;22609;44898,00000000000;NA;NA
690781810 - HOSPICES CIVILS DE LYON;80+;44;68;2020;NA;20054;45159,00000000000;NA;NA
690781810 - HOSPICES CIVILS DE LYON;80+;44;68;2021;NA;20249;45647,00000000000;NA;NA
690781810 - HOSPICES CIVILS DE LYON;80+;44;68;2022;NA;20726;45972,00000000000;NA;NA
690781810 - HOSPICES CIVILS DE LYON;80+;44;68;2023;NA;20062;46454,00000000000;NA;NA
690781810 - HOSPICES CIVILS DE LYON;80+;44;68;2024;NA;20316;46940,00000000000;NA;NA
690781810 - HOSPICES CIVILS DE LYON;80+;44;68;2025;NA;18871;47075,00000000000;NA;NA
690781810 - HOSPICES CIVILS DE LYON;80+;27;70;2016;NA;9276;15059,00000000000;NA;NA
690781810 - HOSPICES CIVILS DE LYON;80+;27;70;2017;NA;9194;15539,00000000000;NA;NA
690781810 - HOSPICES CIVILS DE LYON;80+;27;70;2018;NA;9007;15589,00000000000;NA;NA
690781810 - HOSPICES CIVILS DE LYON;80+;27;70;2019;NA;8805;15787,00000000000;NA;NA
690781810 - HOSPICES CIVILS DE LYON;80+;27;70;2020;NA;7809;15324,00000000000;NA;NA
690781810 - HOSPICES CIVILS DE LYON;80+;27;70;2021;NA;7675;15563,00000000000;NA;NA
690781810 - HOSPICES CIVILS DE LYON;80+;27;70;2022;NA;7760;15229,00000000000;NA;NA
690781810 - HOSPICES CIVILS DE LYON;80+;27;70;2023;NA;7515;15198,00000000000;NA;NA
690781810 - HOSPICES CIVILS DE LYON;80+;27;70;2024;NA;7440;15187,00000000000;NA;NA
690781810 - HOSPICES CIVILS DE LYON;80+;27;70;2025;NA;6491;15243,00000000000;NA;NA
690781810 - HOSPICES CIVILS DE LYON;80+;52;72;2016;NA;20905;39235,00000000000;NA;NA
690781810 - HOSPICES CIVILS DE LYON;80+;52;72;2017;NA;21175;40117,00000000000;NA;NA
690781810 - HOSPICES CIVILS DE LYON;80+;52;72;2018;NA;20884;40330,00000000000;NA;NA
690781810 - HOSPICES CIVILS DE LYON;80+;52;72;2019;NA;21081;40564,00000000000;NA;NA
690781810 - HOSPICES CIVILS DE LYON;80+;52;72;2020;NA;19179;40827,00000000000;NA;NA
690781810 - HOSPICES CIVILS DE LYON;80+;52;72;2021;NA;18619;39603,00000000000;NA;NA
690781810 - HOSPICES CIVILS DE LYON;80+;52;72;2022;NA;18461;39253,00000000000;NA;NA
690781810 - HOSPICES CIVILS DE LYON;80+;52;72;2023;NA;17813;38496,00000000000;NA;NA
690781810 - HOSPICES CIVILS DE LYON;80+;52;72;2024;NA;17920;38529,00000000000;NA;NA
690781810 - HOSPICES CIVILS DE LYON;80+;52;72;2025;NA;16590;38131,00000000000;NA;NA
690781810 - HOSPICES CIVILS DE LYON;80+;11;75;2016;NA;60170;106425,00000000000;NA;NA
690781810 - HOSPICES CIVILS DE LYON;80+;11;75;2017;NA;60765;108256,00000000000;NA;NA
690781810 - HOSPICES CIVILS DE LYON;80+;11;75;2019;NA;59921;107404,00000000000;NA;NA
690781810 - HOSPICES CIVILS DE LYON;80+;11;75;2021;NA;52265;109261,00000000000;NA;NA
690781810 - HOSPICES CIVILS DE LYON;80+;11;75;2022;NA;51923;109257,00000000000;NA;NA
690781810 - HOSPICES CIVILS DE LYON;80+;11;75;2023;NA;52082;110323,00000000000;NA;NA
690781810 - HOSPICES CIVILS DE LYON;80+;11;75;2024;NA;53965;111905,00000000000;NA;NA
690781810 - HOSPICES CIVILS DE LYON;80+;11;75;2025;NA;51516;113837,00000000000;NA;NA
690781810 - HOSPICES CIVILS DE LYON;80+;28;76;2016;NA;36709;72310,00000000000;NA;NA
690781810 - HOSPICES CIVILS DE LYON;80+;28;76;2017;NA;37579;74653,00000000000;NA;NA
690781810 - HOSPICES CIVILS DE LYON;80+;28;76;2018;NA;38462;75189,00000000000;NA;NA
690781810 - HOSPICES CIVILS DE LYON;80+;28;76;2019;NA;38362;76012,00000000000;NA;NA
690781810 - HOSPICES CIVILS DE LYON;80+;28;76;2020;NA;35308;76553,00000000000;NA;NA
690781810 - HOSPICES CIVILS DE LYON;80+;28;76;2021;NA;34109;76116,00000000000;NA;NA
690781810 - HOSPICES CIVILS DE LYON;80+;28;76;2022;NA;34188;75398,00000000000;NA;NA
690781810 - HOSPICES CIVILS DE LYON;80+;28;76;2023;NA;32980;74360,00000000000;NA;NA
690781810 - HOSPICES CIVILS DE LYON;80+;28;76;2024;NA;32788;74610,00000000000;NA;NA
690781810 - HOSPICES CIVILS DE LYON;80+;28;76;2025;NA;29636;75547,00000000000;NA;NA
690781810 - HOSPICES CIVILS DE LYON;80+;11;77;2016;NA;28417;52114,00000000000;NA;NA
690781810 - HOSPICES CIVILS DE LYON;80+;11;77;2017;NA;28845;54017,00000000000;NA;NA
690781810 - HOSPICES CIVILS DE LYON;80+;11;77;2018;NA;28899;55387,00000000000;NA;NA
690781810 - HOSPICES CIVILS DE LYON;80+;11;77;2019;NA;28976;56503,00000000000;NA;NA
690781810 - HOSPICES CIVILS DE LYON;80+;11;77;2020;NA;26046;57522,00000000000;NA;NA
690781810 - HOSPICES CIVILS DE LYON;80+;11;77;2021;NA;25495;57660,00000000000;NA;NA
690781810 - HOSPICES CIVILS DE LYON;80+;11;77;2022;NA;26682;57799,00000000000;NA;NA
690781810 - HOSPICES CIVILS DE LYON;80+;11;77;2023;NA;27269;58510,00000000000;NA;NA
690781810 - HOSPICES CIVILS DE LYON;80+;11;77;2024;NA;27369;60249,00000000000;NA;NA
690781810 - HOSPICES CIVILS DE LYON;80+;11;77;2025;NA;25471;61478,00000000000;NA;NA
690781810 - HOSPICES CIVILS DE LYON;80+;11;78;2016;NA;33847;65167,00000000000;NA;NA
690781810 - HOSPICES CIVILS DE LYON;80+;11;78;2017;NA;34278;67912,00000000000;NA;NA
690781810 - HOSPICES CIVILS DE LYON;80+;11;78;2018;NA;34607;69351,00000000000;NA;NA
690781810 - HOSPICES CIVILS DE LYON;80+;11;78;2019;NA;36224;70385,00000000000;NA;NA
690781810 - HOSPICES CIVILS DE LYON;80+;11;78;2020;NA;31844;72648,00000000000;NA;NA
690781810 - HOSPICES CIVILS DE LYON;80+;11;78;2021;NA;30761;73192,00000000000;NA;NA
690781810 - HOSPICES CIVILS DE LYON;80+;11;78;2022;NA;30339;72847,00000000000;NA;NA
690781810 - HOSPICES CIVILS DE LYON;80+;11;78;2023;NA;28910;73710,00000000000;NA;NA
690781810 - HOSPICES CIVILS DE LYON;80+;11;78;2024;NA;32717;75436,00000000000;NA;NA
690781810 - HOSPICES CIVILS DE LYON;80+;11;78;2025;NA;31629;76833,00000000000;NA;NA
690781810 - HOSPICES CIVILS DE LYON;80+;75;79;2016;NA;14640;28021,00000000000;NA;NA
690781810 - HOSPICES CIVILS DE LYON;80+;75;79;2017;NA;14831;28707,00000000000;NA;NA
690781810 - HOSPICES CIVILS DE LYON;80+;75;79;2018;NA;14068;29189,00000000000;NA;NA
690781810 - HOSPICES CIVILS DE LYON;80+;75;79;2019;NA;14056;29173,00000000000;NA;NA
690781810 - HOSPICES CIVILS DE LYON;80+;75;79;2020;NA;12704;28700,00000000000;NA;NA
690781810 - HOSPICES CIVILS DE LYON;80+;75;79;2021;NA;12200;28577,00000000000;NA;NA
690781810 - HOSPICES CIVILS DE LYON;80+;75;79;2022;NA;11519;27907,00000000000;NA;NA
690781810 - HOSPICES CIVILS DE LYON;80+;75;79;2023;NA;11142;27587,00000000000;NA;NA
690781810 - HOSPICES CIVILS DE LYON;80+;75;79;2024;NA;11535;27598,00000000000;NA;NA
690781810 - HOSPICES CIVILS DE LYON;80+;75;79;2025;NA;11080;27345,00000000000;NA;NA
690781810 - HOSPICES CIVILS DE LYON;80+;32;80;2016;NA;19646;32296,00000000000;NA;NA
690781810 - HOSPICES CIVILS DE LYON;80+;32;80;2017;NA;18787;33109,00000000000;NA;NA
690781810 - HOSPICES CIVILS DE LYON;80+;32;80;2018;NA;19570;33515,00000000000;NA;NA
690781810 - HOSPICES CIVILS DE LYON;80+;32;80;2019;NA;19524;33832,00000000000;NA;NA
690781810 - HOSPICES CIVILS DE LYON;80+;32;80;2020;NA;17306;33555,00000000000;NA;NA
690781810 - HOSPICES CIVILS DE LYON;80+;32;80;2021;NA;16647;32836,00000000000;NA;NA
690781810 - HOSPICES CIVILS DE LYON;80+;32;80;2022;NA;16880;31602,00000000000;NA;NA
690781810 - HOSPICES CIVILS DE LYON;80+;32;80;2023;NA;16324;31157,00000000000;NA;NA
690781810 - HOSPICES CIVILS DE LYON;80+;32;80;2024;NA;16214;31143,00000000000;NA;NA
690781810 - HOSPICES CIVILS DE LYON;80+;32;80;2025;NA;15156;31402,00000000000;NA;NA
690781810 - HOSPICES CIVILS DE LYON;80+;76;81;2016;NA;16807;33115,00000000000;NA;NA
690781810 - HOSPICES CIVILS DE LYON;80+;76;81;2017;NA;16546;33243,00000000000;NA;NA
690781810 - HOSPICES CIVILS DE LYON;80+;76;81;2018;NA;16179;33231,00000000000;NA;NA
690781810 - HOSPICES CIVILS DE LYON;80+;76;81;2019;NA;16077;33232,00000000000;NA;NA
690781810 - HOSPICES CIVILS DE LYON;80+;76;81;2020;NA;14382;34005,00000000000;NA;NA
690781810 - HOSPICES CIVILS DE LYON;80+;76;81;2021;NA;14794;33305,00000000000;NA;NA
690781810 - HOSPICES CIVILS DE LYON;80+;76;81;2022;NA;14964;33146,00000000000;NA;NA
690781810 - HOSPICES CIVILS DE LYON;80+;76;81;2023;NA;14931;32993,00000000000;NA;NA
690781810 - HOSPICES CIVILS DE LYON;80+;76;81;2024;NA;14749;33455,00000000000;NA;NA
690781810 - HOSPICES CIVILS DE LYON;80+;76;81;2025;NA;14418;33830,00000000000;NA;NA
690781810 - HOSPICES CIVILS DE LYON;80+;76;82;2016;NA;10096;18047,00000000000;NA;NA
690781810 - HOSPICES CIVILS DE LYON;80+;76;82;2017;NA;9881;18125,00000000000;NA;NA
690781810 - HOSPICES CIVILS DE LYON;80+;76;82;2018;NA;9581;18289,00000000000;NA;NA
690781810 - HOSPICES CIVILS DE LYON;80+;76;82;2019;NA;9846;18305,00000000000;NA;NA
690781810 - HOSPICES CIVILS DE LYON;80+;76;82;2020;NA;8421;18386,00000000000;NA;NA
690781810 - HOSPICES CIVILS DE LYON;80+;76;82;2021;NA;7829;18177,00000000000;NA;NA
690781810 - HOSPICES CIVILS DE LYON;80+;76;82;2022;NA;7664;17801,00000000000;NA;NA
690781810 - HOSPICES CIVILS DE LYON;80+;76;82;2023;NA;7309;17548,00000000000;NA;NA
690781810 - HOSPICES CIVILS DE LYON;80+;76;82;2024;NA;7750;17664,00000000000;NA;NA
690781810 - HOSPICES CIVILS DE LYON;80+;76;82;2025;NA;7562;17722,00000000000;NA;NA
690781810 - HOSPICES CIVILS DE LYON;80+;52;85;2016;NA;23176;47110,00000000000;NA;NA
690781810 - HOSPICES CIVILS DE LYON;80+;52;85;2017;NA;22559;47983,00000000000;NA;NA
690781810 - HOSPICES CIVILS DE LYON;80+;52;85;2018;NA;22026;48951,00000000000;NA;NA
690781810 - HOSPICES CIVILS DE LYON;80+;52;85;2019;NA;22734;50118,00000000000;NA;NA
690781810 - HOSPICES CIVILS DE LYON;80+;52;85;2020;NA;20774;51573,00000000000;NA;NA
690781810 - HOSPICES CIVILS DE LYON;80+;52;85;2021;NA;21410;51250,00000000000;NA;NA
690781810 - HOSPICES CIVILS DE LYON;80+;52;85;2022;NA;20120;50683,00000000000;NA;NA
690781810 - HOSPICES CIVILS DE LYON;80+;52;85;2023;NA;20080;50772,00000000000;NA;NA
690781810 - HOSPICES CIVILS DE LYON;80+;52;85;2024;NA;21034;51592,00000000000;NA;NA
690781810 - HOSPICES CIVILS DE LYON;80+;52;85;2025;NA;19570;52176,00000000000;NA;NA
690781810 - HOSPICES CIVILS DE LYON;80+;75;86;2016;NA;15876;30597,00000000000;NA;NA
690781810 - HOSPICES CIVILS DE LYON;80+;75;86;2017;NA;15325;31528,00000000000;NA;NA
690781810 - HOSPICES CIVILS DE LYON;80+;75;86;2018;NA;15081;31825,00000000000;NA;NA
690781810 - HOSPICES CIVILS DE LYON;80+;75;86;2019;NA;14766;31878,00000000000;NA;NA
690781810 - HOSPICES CIVILS DE LYON;80+;75;86;2020;NA;12894;31724,00000000000;NA;NA
690781810 - HOSPICES CIVILS DE LYON;80+;75;86;2021;NA;12124;31002,00000000000;NA;NA
690781810 - HOSPICES CIVILS DE LYON;80+;75;86;2022;NA;11458;30469,00000000000;NA;NA
690781810 - HOSPICES CIVILS DE LYON;80+;75;86;2023;NA;10997;29946,00000000000;NA;NA
690781810 - HOSPICES CIVILS DE LYON;80+;75;86;2024;NA;11352;29781,00000000000;NA;NA
690781810 - HOSPICES CIVILS DE LYON;80+;75;86;2025;NA;10522;29428,00000000000;NA;NA
690781810 - HOSPICES CIVILS DE LYON;80+;75;87;2016;NA;13353;29808,00000000000;NA;NA
690781810 - HOSPICES CIVILS DE LYON;80+;75;87;2017;NA;13333;30366,00000000000;NA;NA
690781810 - HOSPICES CIVILS DE LYON;80+;75;87;2018;NA;13150;30233,00000000000;NA;NA
690781810 - HOSPICES CIVILS DE LYON;80+;75;87;2019;NA;13124;30092,00000000000;NA;NA
690781810 - HOSPICES CIVILS DE LYON;80+;75;87;2020;NA;12086;29810,00000000000;NA;NA
690781810 - HOSPICES CIVILS DE LYON;80+;75;87;2021;NA;11940;29452,00000000000;NA;NA
690781810 - HOSPICES CIVILS DE LYON;80+;75;87;2022;NA;11667;28746,00000000000;NA;NA
690781810 - HOSPICES CIVILS DE LYON;80+;75;87;2023;NA;11694;28389,00000000000;NA;NA
690781810 - HOSPICES CIVILS DE LYON;80+;75;87;2024;NA;12013;28548,00000000000;NA;NA
690781810 - HOSPICES CIVILS DE LYON;80+;75;87;2025;NA;11470;28561,00000000000;NA;NA
690781810 - HOSPICES CIVILS DE LYON;80+;44;88;2016;NA;15172;26246,00000000000;NA;NA
690781810 - HOSPICES CIVILS DE LYON;80+;44;88;2017;NA;14829;26954,00000000000;NA;NA
690781810 - HOSPICES CIVILS DE LYON;80+;44;88;2018;NA;14955;27046,00000000000;NA;NA
690781810 - HOSPICES CIVILS DE LYON;80+;44;88;2019;NA;15227;27324,00000000000;NA;NA
690781810 - HOSPICES CIVILS DE LYON;80+;44;88;2020;NA;13627;27521,00000000000;NA;NA
690781810 - HOSPICES CIVILS DE LYON;80+;44;88;2021;NA;13016;27003,00000000000;NA;NA
690781810 - HOSPICES CIVILS DE LYON;80+;44;88;2022;NA;13446;25624,00000000000;NA;NA
690781810 - HOSPICES CIVILS DE LYON;80+;44;88;2023;NA;12487;24924,00000000000;NA;NA
690781810 - HOSPICES CIVILS DE LYON;80+;44;88;2024;NA;12830;24796,00000000000;NA;NA
690781810 - HOSPICES CIVILS DE LYON;80+;44;88;2025;NA;11648;24621,00000000000;NA;NA
690781810 - HOSPICES CIVILS DE LYON;80+;27;89;2016;NA;13645;24962,00000000000;NA;NA
690781810 - HOSPICES CIVILS DE LYON;80+;27;89;2017;NA;13699;25454,00000000000;NA;NA
690781810 - HOSPICES CIVILS DE LYON;80+;27;89;2018;NA;13755;25590,00000000000;NA;NA
690781810 - HOSPICES CIVILS DE LYON;80+;27;89;2019;NA;13814;25571,00000000000;NA;NA
690781810 - HOSPICES CIVILS DE LYON;80+;27;89;2020;NA;11718;25448,00000000000;NA;NA
690781810 - HOSPICES CIVILS DE LYON;80+;27;89;2021;NA;11986;24221,00000000000;NA;NA
690781810 - HOSPICES CIVILS DE LYON;80+;27;89;2022;NA;11634;24164,00000000000;NA;NA
690781810 - HOSPICES CIVILS DE LYON;80+;27;89;2023;NA;11736;23566,00000000000;NA;NA
690781810 - HOSPICES CIVILS DE LYON;80+;27;89;2024;NA;12146;23486,00000000000;NA;NA
690781810 - HOSPICES CIVILS DE LYON;80+;27;89;2025;NA;11640;23464,00000000000;NA;NA
690781810 - HOSPICES CIVILS DE LYON;80+;27;90;2016;NA;3615;8058,00000000000;NA;NA
690781810 - HOSPICES CIVILS DE LYON;80+;27;90;2017;NA;3522;8327,00000000000;NA;NA
690781810 - HOSPICES CIVILS DE LYON;80+;27;90;2018;NA;3519;8447,00000000000;NA;NA
690781810 - HOSPICES CIVILS DE LYON;80+;27;90;2019;NA;3597;8517,00000000000;NA;NA
690781810 - HOSPICES CIVILS DE LYON;80+;27;90;2020;NA;3277;8751,00000000000;NA;NA
690781810 - HOSPICES CIVILS DE LYON;80+;27;90;2021;NA;3259;8542,00000000000;NA;NA
690781810 - HOSPICES CIVILS DE LYON;80+;27;90;2022;NA;3311;8208,00000000000;NA;NA
690781810 - HOSPICES CIVILS DE LYON;80+;27;90;2023;NA;3315;8046,00000000000;NA;NA
690781810 - HOSPICES CIVILS DE LYON;80+;27;90;2024;NA;3006;8039,00000000000;NA;NA
690781810 - HOSPICES CIVILS DE LYON;80+;27;90;2025;NA;2941;8054,00000000000;NA;NA
690781810 - HOSPICES CIVILS DE LYON;80+;11;91;2016;NA;29148;53772,00000000000;NA;NA
690781810 - HOSPICES CIVILS DE LYON;80+;11;91;2017;NA;30460;55791,00000000000;NA;NA
690781810 - HOSPICES CIVILS DE LYON;80+;11;91;2018;NA;30600;56865,00000000000;NA;NA
690781810 - HOSPICES CIVILS DE LYON;80+;11;91;2019;NA;30923;57844,00000000000;NA;NA
690781810 - HOSPICES CIVILS DE LYON;80+;11;91;2020;NA;27240;60101,00000000000;NA;NA
690781810 - HOSPICES CIVILS DE LYON;80+;11;91;2021;NA;26816;60172,00000000000;NA;NA
690781810 - HOSPICES CIVILS DE LYON;80+;11;91;2022;NA;28280;59790,00000000000;NA;NA
690781810 - HOSPICES CIVILS DE LYON;80+;11;91;2023;NA;28720;60467,00000000000;NA;NA
690781810 - HOSPICES CIVILS DE LYON;80+;11;91;2024;NA;29915;61485,00000000000;NA;NA
690781810 - HOSPICES CIVILS DE LYON;80+;11;91;2025;NA;28391;62701,00000000000;NA;NA
690781810 - HOSPICES CIVILS DE LYON;80+;11;92;2016;NA;44245;76425,00000000000;NA;NA
690781810 - HOSPICES CIVILS DE LYON;80+;11;92;2017;NA;44625;77553,00000000000;NA;NA
690781810 - HOSPICES CIVILS DE LYON;80+;11;92;2018;NA;43926;77503,00000000000;NA;NA
690781810 - HOSPICES CIVILS DE LYON;80+;11;92;2019;NA;43652;77269,00000000000;NA;NA
690781810 - HOSPICES CIVILS DE LYON;80+;11;92;2020;NA;37950;78244,00000000000;NA;NA
690781810 - HOSPICES CIVILS DE LYON;80+;11;92;2021;NA;36754;78145,00000000000;NA;NA
690781810 - HOSPICES CIVILS DE LYON;80+;11;92;2022;NA;38259;78738,00000000000;NA;NA
690781810 - HOSPICES CIVILS DE LYON;80+;11;92;2023;NA;38371;79073,00000000000;NA;NA
690781810 - HOSPICES CIVILS DE LYON;80+;11;92;2024;NA;39162;79989,00000000000;NA;NA
690781810 - HOSPICES CIVILS DE LYON;80+;11;92;2025;NA;37561;81246,00000000000;NA;NA
690781810 - HOSPICES CIVILS DE LYON;80+;11;93;2016;NA;28198;51136,00000000000;NA;NA
690781810 - HOSPICES CIVILS DE LYON;80+;11;93;2017;NA;28417;51521,00000000000;NA;NA
690781810 - HOSPICES CIVILS DE LYON;80+;11;93;2018;NA;28132;52093,00000000000;NA;NA
690781810 - HOSPICES CIVILS DE LYON;80+;11;93;2019;NA;28019;52968,00000000000;NA;NA
690781810 - HOSPICES CIVILS DE LYON;80+;11;93;2020;NA;24317;53733,00000000000;NA;NA
690781810 - HOSPICES CIVILS DE LYON;80+;11;93;2021;NA;23773;54099,00000000000;NA;NA
690781810 - HOSPICES CIVILS DE LYON;80+;11;93;2022;NA;24104;53948,00000000000;NA;NA
690781810 - HOSPICES CIVILS DE LYON;80+;11;93;2023;NA;24182;54424,00000000000;NA;NA
690781810 - HOSPICES CIVILS DE LYON;80+;11;93;2024;NA;24883;55627,00000000000;NA;NA
690781810 - HOSPICES CIVILS DE LYON;80+;11;93;2025;NA;23088;56740,00000000000;NA;NA
690781810 - HOSPICES CIVILS DE LYON;80+;11;94;2016;NA;33612;62842,00000000000;NA;NA
690781810 - HOSPICES CIVILS DE LYON;80+;11;94;2017;NA;34170;63712,00000000000;NA;NA
690781810 - HOSPICES CIVILS DE LYON;80+;11;94;2018;NA;34618;63530,00000000000;NA;NA
690781810 - HOSPICES CIVILS DE LYON;80+;11;94;2019;NA;34280;64166,00000000000;NA;NA
690781810 - HOSPICES CIVILS DE LYON;80+;11;94;2020;NA;30081;65234,00000000000;NA;NA
690781810 - HOSPICES CIVILS DE LYON;80+;11;94;2021;NA;29944;65626,00000000000;NA;NA
690781810 - HOSPICES CIVILS DE LYON;80+;11;94;2022;NA;30765;65281,00000000000;NA;NA
690781810 - HOSPICES CIVILS DE LYON;80+;11;94;2023;NA;31132;65635,00000000000;NA;NA
690781810 - HOSPICES CIVILS DE LYON;80+;11;94;2024;NA;32725;66510,00000000000;NA;NA
690781810 - HOSPICES CIVILS DE LYON;80+;11;94;2025;NA;30395;67648,00000000000;NA;NA
690781810 - HOSPICES CIVILS DE LYON;80+;11;95;2016;NA;22658;44887,00000000000;NA;NA
690781810 - HOSPICES CIVILS DE LYON;80+;11;95;2017;NA;22475;45841,00000000000;NA;NA
690781810 - HOSPICES CIVILS DE LYON;80+;11;95;2018;NA;22559;45922,00000000000;NA;NA
690781810 - HOSPICES CIVILS DE LYON;80+;11;95;2019;NA;22477;46464,00000000000;NA;NA
690781810 - HOSPICES CIVILS DE LYON;80+;11;95;2020;NA;19285;47230,00000000000;NA;NA
690781810 - HOSPICES CIVILS DE LYON;80+;11;95;2021;NA;19088;47706,00000000000;NA;NA
690781810 - HOSPICES CIVILS DE LYON;80+;11;95;2022;NA;20065;47437,00000000000;NA;NA
690781810 - HOSPICES CIVILS DE LYON;80+;11;95;2023;NA;19803;47683,00000000000;NA;NA
690781810 - HOSPICES CIVILS DE LYON;80+;11;95;2024;NA;20776;48429,00000000000;NA;NA
690781810 - HOSPICES CIVILS DE LYON;80+;11;95;2025;NA;19131;49366,00000000000;NA;NA
690781810 - HOSPICES CIVILS DE LYON;80+;NA;NA;2016;NA;NA;NA;NA;NA
690781810 - HOSPICES CIVILS DE LYON;80+;NA;NA;2017;NA;NA;NA;NA;NA
690781810 - HOSPICES CIVILS DE LYON;80+;NA;NA;2018;NA;NA;NA;NA;NA
690781810 - HOSPICES CIVILS DE LYON;80+;NA;NA;2019;NA;NA;NA;NA;NA
690781810 - HOSPICES CIVILS DE LYON;80+;NA;NA;2020;NA;NA;NA;NA;NA
690781810 - HOSPICES CIVILS DE LYON;80+;NA;NA;2021;NA;NA;NA;NA;NA
690781810 - HOSPICES CIVILS DE LYON;80+;NA;NA;2022;NA;NA;NA;NA;NA
690781810 - HOSPICES CIVILS DE LYON;80+;NA;NA;2023;NA;NA;NA;NA;NA
690781810 - HOSPICES CIVILS DE LYON;80+;NA;NA;2024;NA;NA;NA;NA;NA
690781810 - HOSPICES CIVILS DE LYON;80+;NA;NA;2025;NA;NA;NA;NA;NA
