RegCode;DepCode;age_group;Year;n;n_HCL;Pop;p_HCL;catchment_HCL
01;971;0-1;2019;5;0;7270,47421480880;0,000000000000000000;0,0000000000000
01;971;0-1;2020;1;0;7345,49968679101;0,000000000000000000;0,0000000000000
01;971;0-1;2021;3;0;7414,85749070435;0,000000000000000000;0,0000000000000
01;971;0-1;2022;22;0;7190,63470700386;0,000000000000000000;0,0000000000000
01;971;0-1;2023;2;0;7194,36718677519;0,000000000000000000;0,0000000000000
01;971;0-1;2024;5;0;7043,87298595044;0,000000000000000000;0,0000000000000
01;971;2-4;2019;5;0;11672,52578519120;0,000000000000000000;0,0000000000000
01;971;2-4;2020;0;0;11666,50031320899;NA;NA
01;971;2-4;2021;3;0;11739,14250929565;0,000000000000000000;0,0000000000000
01;971;2-4;2022;1;0;11322,36529299614;0,000000000000000000;0,0000000000000
01;971;2-4;2023;1;0;11296,63281322481;0,000000000000000000;0,0000000000000
01;971;2-4;2024;7;0;11529,12701404956;0,000000000000000000;0,0000000000000
01;971;5-17;2019;18;0;66009,59645079960;0,000000000000000000;0,0000000000000
01;971;5-17;2020;13;0;64050,21852013712;0,000000000000000000;0,0000000000000
01;971;5-17;2021;14;0;63065,29482351826;0,000000000000000000;0,0000000000000
01;971;5-17;2022;15;0;61215,89776172396;0,000000000000000000;0,0000000000000
01;971;5-17;2023;8;0;59531,45508648486;0,000000000000000000;0,0000000000000
01;971;5-17;2024;10;0;57786,38716353812;0,000000000000000000;0,0000000000000
01;971;18-64;2019;29;0;224468,40354920039;0,000000000000000000;0,0000000000000
01;971;18-64;2020;32;0;222734,78147986287;0,000000000000000000;0,0000000000000
01;971;18-64;2021;44;0;222329,70517648174;0,000000000000000000;0,0000000000000
01;971;18-64;2022;36;0;220819,10223827604;0,000000000000000000;0,0000000000000
01;971;18-64;2023;17;0;219077,54491351513;0,000000000000000000;0,0000000000000
01;971;18-64;2024;34;0;216608,61283646186;0,000000000000000000;0,0000000000000
01;971;65-79;2019;17;0;54862,00000000000;0,000000000000000000;0,0000000000000
01;971;65-79;2020;10;0;57407,00000000000;0,000000000000000000;0,0000000000000
01;971;65-79;2021;25;0;59088,00000000000;0,000000000000000000;0,0000000000000
01;971;65-79;2022;21;0;62020,00000000000;0,000000000000000000;0,0000000000000
01;971;65-79;2023;11;0;64219,00000000000;0,000000000000000000;0,0000000000000
01;971;65-79;2024;15;0;67016,00000000000;0,000000000000000000;0,0000000000000
01;971;80+;2019;2;0;19956,00000000000;0,000000000000000000;0,0000000000000
01;971;80+;2020;1;0;20355,00000000000;0,000000000000000000;0,0000000000000
01;971;80+;2021;2;0;20678,00000000000;0,000000000000000000;0,0000000000000
01;971;80+;2022;2;0;21001,00000000000;0,000000000000000000;0,0000000000000
01;971;80+;2023;2;0;21414,00000000000;0,000000000000000000;0,0000000000000
01;971;80+;2024;7;0;21925,00000000000;0,000000000000000000;0,0000000000000
01;971;NA;2019;0;0;NA;NA;NA
01;971;NA;2020;0;0;NA;NA;NA
01;971;NA;2021;0;0;NA;NA;NA
01;971;NA;2022;0;0;NA;NA;NA
01;971;NA;2023;0;0;NA;NA;NA
01;971;NA;2024;0;0;NA;NA;NA
02;972;0-1;2019;0;0;6450,27660107041;NA;NA
02;972;0-1;2020;1;0;6401,23284298093;0,000000000000000000;0,0000000000000
02;972;0-1;2021;3;0;6301,11910703742;0,000000000000000000;0,0000000000000
02;972;0-1;2022;3;0;6247,18676753903;0,000000000000000000;0,0000000000000
02;972;0-1;2023;1;0;6168,37906977091;0,000000000000000000;0,0000000000000
02;972;0-1;2024;1;0;5879,18586271489;0,000000000000000000;0,0000000000000
02;972;2-4;2019;2;0;10355,72339892959;0,000000000000000000;0,0000000000000
02;972;2-4;2020;0;0;10166,76715701907;NA;NA
02;972;2-4;2021;7;0;9975,88089296258;0,000000000000000000;0,0000000000000
02;972;2-4;2022;4;0;9836,81323246097;0,000000000000000000;0,0000000000000
02;972;2-4;2023;2;0;9685,62093022909;0,000000000000000000;0,0000000000000
02;972;2-4;2024;1;0;9622,81413728511;0,000000000000000000;0,0000000000000
02;972;5-17;2019;10;0;55937,77275486565;0,000000000000000000;0,0000000000000
02;972;5-17;2020;3;0;54035,19986896764;0,000000000000000000;0,0000000000000
02;972;5-17;2021;16;0;53135,11325350672;0,000000000000000000;0,0000000000000
02;972;5-17;2022;9;0;52378,87242183219;0,000000000000000000;0,0000000000000
02;972;5-17;2023;5;0;51406,78785060992;0,000000000000000000;0,0000000000000
02;972;5-17;2024;4;0;50617,49361540138;0,000000000000000000;0,0000000000000
02;972;18-64;2019;9;0;214611,22724513436;0,000000000000000000;0,0000000000000
02;972;18-64;2020;17;0;211554,80013103236;0,000000000000000000;0,0000000000000
02;972;18-64;2021;13;0;209987,88674649328;0,000000000000000000;0,0000000000000
02;972;18-64;2022;34;5;208574,12757816780;0,147058823529411770;30672,6658203187944
02;972;18-64;2023;12;0;205897,21214939008;0,000000000000000000;0,0000000000000
02;972;18-64;2024;28;0;202890,50638459862;0,000000000000000000;0,0000000000000
02;972;65-79;2019;10;0;54829,00000000000;0,000000000000000000;0,0000000000000
02;972;65-79;2020;7;0;56366,00000000000;0,000000000000000000;0,0000000000000
02;972;65-79;2021;9;0;58363,00000000000;0,000000000000000000;0,0000000000000
02;972;65-79;2022;14;0;60912,00000000000;0,000000000000000000;0,0000000000000
02;972;65-79;2023;15;0;63041,00000000000;0,000000000000000000;0,0000000000000
02;972;65-79;2024;18;0;65441,00000000000;0,000000000000000000;0,0000000000000
02;972;80+;2019;3;0;22324,00000000000;0,000000000000000000;0,0000000000000
02;972;80+;2020;3;0;22701,00000000000;0,000000000000000000;0,0000000000000
02;972;80+;2021;0;0;22986,00000000000;NA;NA
02;972;80+;2022;2;0;23070,00000000000;0,000000000000000000;0,0000000000000
02;972;80+;2023;3;0;23003,00000000000;0,000000000000000000;0,0000000000000
02;972;80+;2024;3;0;23139,00000000000;0,000000000000000000;0,0000000000000
02;972;NA;2019;0;0;NA;NA;NA
02;972;NA;2020;0;0;NA;NA;NA
02;972;NA;2021;0;0;NA;NA;NA
02;972;NA;2022;0;0;NA;NA;NA
02;972;NA;2023;1;0;NA;0,000000000000000000;NA
02;972;NA;2024;0;0;NA;NA;NA
03;973;0-1;2019;2;0;11650,49067151566;0,000000000000000000;0,0000000000000
03;973;0-1;2020;0;0;11938,17561656614;NA;NA
03;973;0-1;2021;3;0;12206,60365442673;0,000000000000000000;0,0000000000000
03;973;0-1;2022;4;0;12069,84138281991;0,000000000000000000;0,0000000000000
03;973;0-1;2023;6;0;11727,46826801027;0,000000000000000000;0,0000000000000
03;973;0-1;2024;1;0;11053,33969609248;0,000000000000000000;0,0000000000000
03;973;2-4;2019;3;0;18704,50932848434;0,000000000000000000;0,0000000000000
03;973;2-4;2020;1;0;18960,82438343386;0,000000000000000000;0,0000000000000
03;973;2-4;2021;3;0;19325,39634557327;0,000000000000000000;0,0000000000000
03;973;2-4;2022;1;0;19005,15861718009;0,000000000000000000;0,0000000000000
03;973;2-4;2023;0;0;18414,53173198973;NA;NA
03;973;2-4;2024;1;0;18091,66030390752;0,000000000000000000;0,0000000000000
03;973;5-17;2019;10;0;76874,05665521858;0,000000000000000000;0,0000000000000
03;973;5-17;2020;3;0;77050,00552599544;0,000000000000000000;0,0000000000000
03;973;5-17;2021;9;0;76145,39793781926;0,000000000000000000;0,0000000000000
03;973;5-17;2022;8;0;76322,03483383970;0,000000000000000000;0,0000000000000
03;973;5-17;2023;4;0;76673,01512378913;0,000000000000000000;0,0000000000000
03;973;5-17;2024;11;0;77389,90522335931;0,000000000000000000;0,0000000000000
03;973;18-64;2019;30;6;158104,94334478144;0,200000000000000011;31620,9886689562882
03;973;18-64;2020;16;0;159877,99447400455;0,000000000000000000;0,0000000000000
03;973;18-64;2021;20;0;160834,60206218075;0,000000000000000000;0,0000000000000
03;973;18-64;2022;20;0;161684,96516616031;0,000000000000000000;0,0000000000000
03;973;18-64;2023;9;0;163201,98487621086;0,000000000000000000;0,0000000000000
03;973;18-64;2024;7;0;164037,09477664068;0,000000000000000000;0,0000000000000
03;973;65-79;2019;7;0;13401,00000000000;0,000000000000000000;0,0000000000000
03;973;65-79;2020;1;0;14163,00000000000;0,000000000000000000;0,0000000000000
03;973;65-79;2021;1;0;14884,00000000000;0,000000000000000000;0,0000000000000
03;973;65-79;2022;5;0;15836,00000000000;0,000000000000000000;0,0000000000000
03;973;65-79;2023;1;0;16551,00000000000;0,000000000000000000;0,0000000000000
03;973;65-79;2024;7;0;17471,00000000000;0,000000000000000000;0,0000000000000
03;973;80+;2019;1;0;2943,00000000000;0,000000000000000000;0,0000000000000
03;973;80+;2020;2;0;3143,00000000000;0,000000000000000000;0,0000000000000
03;973;80+;2021;1;0;3222,00000000000;0,000000000000000000;0,0000000000000
03;973;80+;2022;0;0;3464,00000000000;NA;NA
03;973;80+;2023;0;0;3542,00000000000;NA;NA
03;973;80+;2024;2;0;3731,00000000000;0,000000000000000000;0,0000000000000
03;973;NA;2019;0;0;NA;NA;NA
03;973;NA;2020;0;0;NA;NA;NA
03;973;NA;2021;0;0;NA;NA;NA
03;973;NA;2022;0;0;NA;NA;NA
03;973;NA;2023;1;0;NA;0,000000000000000000;NA
03;973;NA;2024;1;0;NA;0,000000000000000000;NA
04;974;0-1;2019;17;0;22838,10894145504;0,000000000000000000;0,0000000000000
04;974;0-1;2020;6;0;22592,85923021202;0,000000000000000000;0,0000000000000
04;974;0-1;2021;11;0;22368,06310276643;0,000000000000000000;0,0000000000000
04;974;0-1;2022;10;0;22084,60534789243;0,000000000000000000;0,0000000000000
04;974;0-1;2023;6;0;21910,70186162160;0,000000000000000000;0,0000000000000
04;974;0-1;2024;12;0;21270,04644074972;0,000000000000000000;0,0000000000000
04;974;2-4;2019;8;0;36665,89105854496;0,000000000000000000;0,0000000000000
04;974;2-4;2020;3;0;35883,14076978798;0,000000000000000000;0,0000000000000
04;974;2-4;2021;7;0;35412,93689723357;0,000000000000000000;0,0000000000000
04;974;2-4;2022;21;0;34774,39465210758;0,000000000000000000;0,0000000000000
04;974;2-4;2023;11;0;34404,29813837840;0,000000000000000000;0,0000000000000
04;974;2-4;2024;3;0;34813,95355925028;0,000000000000000000;0,0000000000000
04;974;5-17;2019;37;0;174634,77868982733;0,000000000000000000;0,0000000000000
04;974;5-17;2020;29;0;172550,98834370467;0,000000000000000000;0,0000000000000
04;974;5-17;2021;18;0;174005,42000163929;0,000000000000000000;0,0000000000000
04;974;5-17;2022;35;0;174027,25878790041;0,000000000000000000;0,0000000000000
04;974;5-17;2023;31;0;172985,55861478072;0,000000000000000000;0,0000000000000
04;974;5-17;2024;22;0;172217,22595380913;0,000000000000000000;0,0000000000000
04;974;18-64;2019;109;0;521560,22131017270;0,000000000000000000;0,0000000000000
04;974;18-64;2020;56;0;521025,01165629533;0,000000000000000000;0,0000000000000
04;974;18-64;2021;69;0;523272,57999836071;0,000000000000000000;0,0000000000000
04;974;18-64;2022;94;16;527731,74121209956;0,170212765957446804;89826,6793552509916
04;974;18-64;2023;70;5;528916,44138521922;0,071428571428571425;37779,7458132299435
04;974;18-64;2024;64;6;529094,77404619090;0,093750000000000000;49602,6350668303930
04;974;65-79;2019;38;0;81788,00000000000;0,000000000000000000;0,0000000000000
04;974;65-79;2020;10;0;86322,00000000000;0,000000000000000000;0,0000000000000
04;974;65-79;2021;19;0;90355,00000000000;0,000000000000000000;0,0000000000000
04;974;65-79;2022;45;0;95683,00000000000;0,000000000000000000;0,0000000000000
04;974;65-79;2023;21;0;100099,00000000000;0,000000000000000000;0,0000000000000
04;974;65-79;2024;53;0;105190,00000000000;0,000000000000000000;0,0000000000000
04;974;80+;2019;2;0;23723,00000000000;0,000000000000000000;0,0000000000000
04;974;80+;2020;1;0;24709,00000000000;0,000000000000000000;0,0000000000000
04;974;80+;2021;5;0;25743,00000000000;0,000000000000000000;0,0000000000000
04;974;80+;2022;7;0;27047,00000000000;0,000000000000000000;0,0000000000000
04;974;80+;2023;6;0;28137,00000000000;0,000000000000000000;0,0000000000000
04;974;80+;2024;11;0;29516,00000000000;0,000000000000000000;0,0000000000000
04;974;NA;2019;0;0;NA;NA;NA
04;974;NA;2020;0;0;NA;NA;NA
04;974;NA;2021;0;0;NA;NA;NA
04;974;NA;2022;0;0;NA;NA;NA
04;974;NA;2023;0;0;NA;NA;NA
04;974;NA;2024;1;0;NA;0,000000000000000000;NA
06;976;0-1;2019;7;0;16262,32713697217;0,000000000000000000;0,0000000000000
06;976;0-1;2020;4;0;16987,91688031316;0,000000000000000000;0,0000000000000
06;976;0-1;2021;2;0;17592,96301151456;0,000000000000000000;0,0000000000000
06;976;0-1;2022;0;0;18286,34375875016;NA;NA
06;976;0-1;2023;5;0;18965,02266790169;0,000000000000000000;0,0000000000000
06;976;0-1;2024;4;0;19086,30549135529;0,000000000000000000;0,0000000000000
06;976;2-4;2019;1;0;26108,67286302784;0,000000000000000000;0,0000000000000
06;976;2-4;2020;2;0;26981,08311968684;0,000000000000000000;0,0000000000000
06;976;2-4;2021;3;0;27853,03698848544;0,000000000000000000;0,0000000000000
06;976;2-4;2022;0;0;28793,65624124984;NA;NA
06;976;2-4;2023;5;0;29778,97733209832;0,000000000000000000;0,0000000000000
06;976;2-4;2024;6;0;31239,69450864470;0,000000000000000000;0,0000000000000
06;976;5-17;2019;9;0;91818,06075058415;0,000000000000000000;0,0000000000000
06;976;5-17;2020;7;0;95130,97137456581;0,000000000000000000;0,0000000000000
06;976;5-17;2021;4;0;98490,78459119458;0,000000000000000000;0,0000000000000
06;976;5-17;2022;3;0;102280,60027820380;0,000000000000000000;0,0000000000000
06;976;5-17;2023;3;0;105924,98406092566;0,000000000000000000;0,0000000000000
06;976;5-17;2024;3;0;109414,90130944329;0,000000000000000000;0,0000000000000
06;976;18-64;2019;17;0;128203,93924941585;0,000000000000000000;0,0000000000000
06;976;18-64;2020;9;0;133147,02862543418;0,000000000000000000;0,0000000000000
06;976;18-64;2021;11;0;137410,21540880544;0,000000000000000000;0,0000000000000
06;976;18-64;2022;41;5;142261,39972179619;0,121951219512195119;17348,9511855849014
06;976;18-64;2023;20;0;147262,01593907434;0,000000000000000000;0,0000000000000
06;976;18-64;2024;31;7;152011,09869055671;0,225806451612903220;34325,0868010934500
06;976;65-79;2019;0;0;5952,00000000000;NA;NA
06;976;65-79;2020;3;0;6174,00000000000;0,000000000000000000;0,0000000000000
06;976;65-79;2021;1;0;6381,00000000000;0,000000000000000000;0,0000000000000
06;976;65-79;2022;1;0;6609,00000000000;0,000000000000000000;0,0000000000000
06;976;65-79;2023;5;0;6857,00000000000;0,000000000000000000;0,0000000000000
06;976;65-79;2024;4;0;7072,00000000000;0,000000000000000000;0,0000000000000
06;976;80+;2019;0;0;1234,00000000000;NA;NA
06;976;80+;2020;0;0;1275,00000000000;NA;NA
06;976;80+;2021;0;0;1311,00000000000;NA;NA
06;976;80+;2022;0;0;1403,00000000000;NA;NA
06;976;80+;2023;0;0;1411,00000000000;NA;NA
06;976;80+;2024;0;0;1458,00000000000;NA;NA
06;976;NA;2019;0;0;NA;NA;NA
06;976;NA;2020;0;0;NA;NA;NA
06;976;NA;2021;0;0;NA;NA;NA
06;976;NA;2022;0;0;NA;NA;NA
06;976;NA;2023;1;0;NA;0,000000000000000000;NA
06;976;NA;2024;0;0;NA;NA;NA
11;75;0-1;2019;102;0;41568,32127091101;0,000000000000000000;0,0000000000000
11;75;0-1;2020;55;0;39105,93816001677;0,000000000000000000;0,0000000000000
11;75;0-1;2021;122;18;36741,36600411141;0,147540983606557374;5420,8572792951263
11;75;0-1;2022;27;0;34993,41237469917;0,000000000000000000;0,0000000000000
11;75;0-1;2023;29;0;33871,61452485468;0,000000000000000000;0,0000000000000
11;75;0-1;2024;91;5;31583,84205012473;0,054945054945054944;1735,3759368200404
11;75;2-4;2019;90;0;66736,67872908901;0,000000000000000000;0,0000000000000
11;75;2-4;2020;57;0;62110,06183998323;0,000000000000000000;0,0000000000000
11;75;2-4;2021;61;0;58168,63399588859;0,000000000000000000;0,0000000000000
11;75;2-4;2022;72;9;55100,58762530083;0,125000000000000000;6887,5734531626040
11;75;2-4;2023;65;0;53185,38547514532;0,000000000000000000;0,0000000000000
11;75;2-4;2024;34;0;51695,15794987527;0,000000000000000000;0,0000000000000
11;75;5-17;2019;437;0;259520,20209633614;0,000000000000000000;0,0000000000000
11;75;5-17;2020;222;0;259128,14465613107;0,000000000000000000;0,0000000000000
11;75;5-17;2021;223;0;257636,15295108763;0,000000000000000000;0,0000000000000
11;75;5-17;2022;209;11;252440,18592963193;0,052631578947368418;13286,3255752437854
11;75;5-17;2023;201;10;245131,33875249431;0,049751243781094530;12195,5889926614091
11;75;5-17;2024;261;17;238212,32890199687;0,065134099616858232;15515,7455606664607
11;75;18-64;2019;2373;171;1427778,79790366394;0,072060682680151714;102886,7148931843840
11;75;18-64;2020;2126;141;1411670,85534386896;0,066321730950141114;93624,4546582716575
11;75;18-64;2021;2365;198;1404056,84704891243;0,083720930232558138;117548,9453343275527
11;75;18-64;2022;2579;201;1392584,81407036795;0,077937184955409078;108534,1402202962345
11;75;18-64;2023;2173;183;1381102,66124750557;0,084215370455591354;116310,0722541617724
11;75;18-64;2024;2473;215;1368887,67109800316;0,086938940558026687;119009,6438682048756
11;75;65-79;2019;263;12;262415,00000000000;0,045627376425855515;11973,3079847908757
11;75;65-79;2020;301;0;264825,00000000000;0,000000000000000000;0,0000000000000
11;75;65-79;2021;203;8;267247,00000000000;0,039408866995073892;10531,9014778325127
11;75;65-79;2022;352;14;269329,00000000000;0,039772727272727272;10711,9488636363640
11;75;65-79;2023;234;18;269199,00000000000;0,076923076923076927;20707,6153846153866
11;75;65-79;2024;408;11;268522,00000000000;0,026960784313725492;7239,5637254901967
11;75;80+;2019;218;0;107404,00000000000;0,000000000000000000;0,0000000000000
11;75;80+;2020;209;0;109066,00000000000;0,000000000000000000;0,0000000000000
11;75;80+;2021;207;0;109261,00000000000;0,000000000000000000;0,0000000000000
11;75;80+;2022;174;0;109257,00000000000;0,000000000000000000;0,0000000000000
11;75;80+;2023;168;0;110323,00000000000;0,000000000000000000;0,0000000000000
11;75;80+;2024;239;0;111905,00000000000;0,000000000000000000;0,0000000000000
11;75;NA;2019;0;0;NA;NA;NA
11;75;NA;2020;0;0;NA;NA;NA
11;75;NA;2021;0;0;NA;NA;NA
11;75;NA;2022;0;0;NA;NA;NA
11;75;NA;2023;29;0;NA;0,000000000000000000;NA
11;75;NA;2024;0;0;NA;NA;NA
11;77;0-1;2019;63;0;35136,08364403139;0,000000000000000000;0,0000000000000
11;77;0-1;2020;39;0;34642,69324197502;0,000000000000000000;0,0000000000000
11;77;0-1;2021;60;0;34765,51591365746;0,000000000000000000;0,0000000000000
11;77;0-1;2022;68;0;35111,48902088992;0,000000000000000000;0,0000000000000
11;77;0-1;2023;50;0;35016,65928342260;0,000000000000000000;0,0000000000000
11;77;0-1;2024;43;0;33773,27180018622;0,000000000000000000;0,0000000000000
11;77;2-4;2019;67;0;56409,91635596861;0,000000000000000000;0,0000000000000
11;77;2-4;2020;66;0;55021,30675802498;0,000000000000000000;0,0000000000000
11;77;2-4;2021;65;0;55040,48408634254;0,000000000000000000;0,0000000000000
11;77;2-4;2022;74;0;55286,51097911009;0,000000000000000000;0,0000000000000
11;77;2-4;2023;53;0;54983,34071657740;0,000000000000000000;0,0000000000000
11;77;2-4;2024;64;0;55278,72819981378;0,000000000000000000;0,0000000000000
11;77;5-17;2019;293;0;263221,20014396403;0,000000000000000000;0,0000000000000
11;77;5-17;2020;164;0;262668,28968446783;0,000000000000000000;0,0000000000000
11;77;5-17;2021;227;0;263340,73758028133;0,000000000000000000;0,0000000000000
11;77;5-17;2022;227;0;264012,32102059940;0,000000000000000000;0,0000000000000
11;77;5-17;2023;247;0;263326,34466380917;0,000000000000000000;0,0000000000000
11;77;5-17;2024;208;0;263424,15899960452;0,000000000000000000;0,0000000000000
11;77;18-64;2019;484;8;856044,79985603597;0,016528925619834711;14149,5008240667103
11;77;18-64;2020;476;6;859577,71031553217;0,012605042016806723;10835,0131552378007
11;77;18-64;2021;292;0;864318,26241971867;0,000000000000000000;0,0000000000000
11;77;18-64;2022;504;6;872897,67897940055;0,011904761904761904;10391,6390354690539
11;77;18-64;2023;516;5;878119,65533619083;0,009689922480620155;8508,9113889165783
11;77;18-64;2024;412;7;882401,84100039548;0,016990291262135922;14992,2642888416703
11;77;65-79;2019;206;0;153882,00000000000;0,000000000000000000;0,0000000000000
11;77;65-79;2020;149;0;159204,00000000000;0,000000000000000000;0,0000000000000
11;77;65-79;2021;161;0;162975,00000000000;0,000000000000000000;0,0000000000000
11;77;65-79;2022;191;0;167292,00000000000;0,000000000000000000;0,0000000000000
11;77;65-79;2023;152;0;171596,00000000000;0,000000000000000000;0,0000000000000
11;77;65-79;2024;170;0;175636,00000000000;0,000000000000000000;0,0000000000000
11;77;80+;2019;69;0;56503,00000000000;0,000000000000000000;0,0000000000000
11;77;80+;2020;29;0;57522,00000000000;0,000000000000000000;0,0000000000000
11;77;80+;2021;39;0;57660,00000000000;0,000000000000000000;0,0000000000000
11;77;80+;2022;48;0;57799,00000000000;0,000000000000000000;0,0000000000000
11;77;80+;2023;50;0;58510,00000000000;0,000000000000000000;0,0000000000000
11;77;80+;2024;49;0;60249,00000000000;0,000000000000000000;0,0000000000000
11;77;NA;2019;0;0;NA;NA;NA
11;77;NA;2020;0;0;NA;NA;NA
11;77;NA;2021;0;0;NA;NA;NA
11;77;NA;2022;0;0;NA;NA;NA
11;77;NA;2023;6;0;NA;0,000000000000000000;NA
11;77;NA;2024;0;0;NA;NA;NA
11;78;0-1;2019;84;0;35180,22155960458;0,000000000000000000;0,0000000000000
11;78;0-1;2020;69;0;34701,03378756230;0,000000000000000000;0,0000000000000
11;78;0-1;2021;103;5;34148,06276039060;0,048543689320388349;1657,6729495335244
11;78;0-1;2022;106;0;34302,04253845075;0,000000000000000000;0,0000000000000
11;78;0-1;2023;65;0;34299,20684210448;0,000000000000000000;0,0000000000000
11;78;0-1;2024;85;0;33120,19748360803;0,000000000000000000;0,0000000000000
11;78;2-4;2019;93;0;56480,77844039543;0,000000000000000000;0,0000000000000
11;78;2-4;2020;70;0;55113,96621243770;0,000000000000000000;0,0000000000000
11;78;2-4;2021;86;0;54062,93723960940;0,000000000000000000;0,0000000000000
11;78;2-4;2022;77;0;54011,95746154925;0,000000000000000000;0,0000000000000
11;78;2-4;2023;82;0;53856,79315789552;0,000000000000000000;0,0000000000000
11;78;2-4;2024;95;0;54209,80251639197;0,000000000000000000;0,0000000000000
11;78;5-17;2019;447;0;260024,65812754416;0,000000000000000000;0,0000000000000
11;78;5-17;2020;320;0;258795,69828703118;0,000000000000000000;0,0000000000000
11;78;5-17;2021;272;0;259903,18434725809;0,000000000000000000;0,0000000000000
11;78;5-17;2022;365;0;261340,56914077824;0,000000000000000000;0,0000000000000
11;78;5-17;2023;368;0;260211,88128403443;0,000000000000000000;0,0000000000000
11;78;5-17;2024;365;0;260072,39044915792;0,000000000000000000;0,0000000000000
11;78;18-64;2019;602;8;856503,34187245579;0,013289036544850499;11382,1042109296450
11;78;18-64;2020;589;5;856980,30171296885;0,008488964346349746;7274,8752267654409
11;78;18-64;2021;376;0;861289,81565274193;0,000000000000000000;0,0000000000000
11;78;18-64;2022;762;24;871645,43085922173;0,031496062992125984;27453,3993971408418
11;78;18-64;2023;581;23;876018,11871596554;0,039586919104991396;34678,8584001156778
11;78;18-64;2024;614;10;879720,60955084208;0,016286644951140065;14327,6972239550832
11;78;65-79;2019;233;0;169633,00000000000;0,000000000000000000;0,0000000000000
11;78;65-79;2020;235;0;171484,00000000000;0,000000000000000000;0,0000000000000
11;78;65-79;2021;293;0;173769,00000000000;0,000000000000000000;0,0000000000000
11;78;65-79;2022;247;0;176631,00000000000;0,000000000000000000;0,0000000000000
11;78;65-79;2023;223;0;179132,00000000000;0,000000000000000000;0,0000000000000
11;78;65-79;2024;303;0;181017,00000000000;0,000000000000000000;0,0000000000000
11;78;80+;2019;111;0;70385,00000000000;0,000000000000000000;0,0000000000000
11;78;80+;2020;101;0;72648,00000000000;0,000000000000000000;0,0000000000000
11;78;80+;2021;111;0;73192,00000000000;0,000000000000000000;0,0000000000000
11;78;80+;2022;117;0;72847,00000000000;0,000000000000000000;0,0000000000000
11;78;80+;2023;109;0;73710,00000000000;0,000000000000000000;0,0000000000000
11;78;80+;2024;117;0;75436,00000000000;0,000000000000000000;0,0000000000000
11;78;NA;2019;0;0;NA;NA;NA
11;78;NA;2020;0;0;NA;NA;NA
11;78;NA;2021;0;0;NA;NA;NA
11;78;NA;2022;0;0;NA;NA;NA
11;78;NA;2023;15;0;NA;0,000000000000000000;NA
11;78;NA;2024;0;0;NA;NA;NA
11;91;0-1;2019;65;0;33751,68832687912;0,000000000000000000;0,0000000000000
11;91;0-1;2020;34;0;33283,86079938908;0,000000000000000000;0,0000000000000
11;91;0-1;2021;48;0;32472,61621033482;0,000000000000000000;0,0000000000000
11;91;0-1;2022;70;6;32810,93647027230;0,085714285714285715;2812,3659831661967
11;91;0-1;2023;56;0;32798,54845481380;0,000000000000000000;0,0000000000000
11;91;0-1;2024;46;0;31654,38317839625;0,000000000000000000;0,0000000000000
11;91;2-4;2019;91;0;54187,31167312088;0,000000000000000000;0,0000000000000
11;91;2-4;2020;44;0;52863,13920061092;0,000000000000000000;0,0000000000000
11;91;2-4;2021;72;0;51410,38378966518;0,000000000000000000;0,0000000000000
11;91;2-4;2022;87;0;51664,06352972770;0,000000000000000000;0,0000000000000
11;91;2-4;2023;61;0;51500,45154518620;0,000000000000000000;0,0000000000000
11;91;2-4;2024;72;0;51810,61682160375;0,000000000000000000;0,0000000000000
11;91;5-17;2019;275;0;234008,94382457843;0,000000000000000000;0,0000000000000
11;91;5-17;2020;201;0;233191,23021756706;0,000000000000000000;0,0000000000000
11;91;5-17;2021;178;0;234987,65189896739;0,000000000000000000;0,0000000000000
11;91;5-17;2022;197;0;235930,59386135853;0,000000000000000000;0,0000000000000
11;91;5-17;2023;181;0;235857,85261656839;0,000000000000000000;0,0000000000000
11;91;5-17;2024;215;0;236246,69759362537;0,000000000000000000;0,0000000000000
11;91;18-64;2019;381;8;781148,05617542157;0,020997375328083989;16402,0589223185634
11;91;18-64;2020;459;0;783583,76978243294;0,000000000000000000;0,0000000000000
11;91;18-64;2021;334;19;788978,34810103266;0,056886227544910177;44882,0018380826950
11;91;18-64;2022;371;16;795909,40613864153;0,043126684636118601;34324,9339574616315
11;91;18-64;2023;391;13;799236,14738343155;0,033248081841432228;26573,0688388353228
11;91;18-64;2024;389;5;801979,30240637460;0,012853470437017995;10308,2172545806498
11;91;65-79;2019;224;0;140719,00000000000;0,000000000000000000;0,0000000000000
11;91;65-79;2020;179;0;143095,00000000000;0,000000000000000000;0,0000000000000
11;91;65-79;2021;199;0;145747,00000000000;0,000000000000000000;0,0000000000000
11;91;65-79;2022;219;0;148441,00000000000;0,000000000000000000;0,0000000000000
11;91;65-79;2023;213;0;151322,00000000000;0,000000000000000000;0,0000000000000
11;91;65-79;2024;197;0;154316,00000000000;0,000000000000000000;0,0000000000000
11;91;80+;2019;83;0;57844,00000000000;0,000000000000000000;0,0000000000000
11;91;80+;2020;57;0;60101,00000000000;0,000000000000000000;0,0000000000000
11;91;80+;2021;77;0;60172,00000000000;0,000000000000000000;0,0000000000000
11;91;80+;2022;82;0;59790,00000000000;0,000000000000000000;0,0000000000000
11;91;80+;2023;76;0;60467,00000000000;0,000000000000000000;0,0000000000000
11;91;80+;2024;86;0;61485,00000000000;0,000000000000000000;0,0000000000000
11;91;NA;2019;0;0;NA;NA;NA
11;91;NA;2020;0;0;NA;NA;NA
11;91;NA;2021;0;0;NA;NA;NA
11;91;NA;2022;0;0;NA;NA;NA
11;91;NA;2023;7;0;NA;0,000000000000000000;NA
11;91;NA;2024;0;0;NA;NA;NA
11;92;0-1;2019;91;0;41452,02745857468;0,000000000000000000;0,0000000000000
11;92;0-1;2020;72;0;39646,07115823546;0,000000000000000000;0,0000000000000
11;92;0-1;2021;118;13;37874,46028599988;0,110169491525423727;4172,6100315084614
11;92;0-1;2022;72;0;36914,87674544124;0,000000000000000000;0,0000000000000
11;92;0-1;2023;51;0;36292,04382932327;0,000000000000000000;0,0000000000000
11;92;0-1;2024;43;0;34721,40524469578;0,000000000000000000;0,0000000000000
11;92;2-4;2019;104;0;66549,97254142532;0,000000000000000000;0,0000000000000
11;92;2-4;2020;109;0;62967,92884176454;0,000000000000000000;0,0000000000000
11;92;2-4;2021;117;0;59962,53971400013;0,000000000000000000;0,0000000000000
11;92;2-4;2022;99;5;58126,12325455875;0,050505050505050504;2935,6627906342801
11;92;2-4;2023;66;0;56985,95617067673;0,000000000000000000;0,0000000000000
11;92;2-4;2024;95;0;56830,59475530422;0,000000000000000000;0,0000000000000
11;92;5-17;2019;334;0;261616,08840465624;0,000000000000000000;0,0000000000000
11;92;5-17;2020;252;0;260409,25759973953;0,000000000000000000;0,0000000000000
11;92;5-17;2021;166;0;261747,85401759541;0,000000000000000000;0,0000000000000
11;92;5-17;2022;331;0;261546,05782294177;0,000000000000000000;0,0000000000000
11;92;5-17;2023;326;0;259154,69263896885;0,000000000000000000;0,0000000000000
11;92;5-17;2024;283;0;257046,55743551650;0,000000000000000000;0,0000000000000
11;92;18-64;2019;590;44;1007943,91159534373;0,074576271186440682;75168,6984918561502
11;92;18-64;2020;699;27;1011740,74240026041;0,038626609442060089;39080,1145133147802
11;92;18-64;2021;943;71;1021593,14598240459;0,075291622481442208;76917,4054769360810
11;92;18-64;2022;975;80;1032157,94217705820;0,082051282051282051;84689,8824350406794
11;92;18-64;2023;973;94;1038660,30736103118;0,096608427543679348;100343,3390461839008
11;92;18-64;2024;666;50;1043773,44256448350;0,075075075075075076;78361,3695618981583
11;92;65-79;2019;278;0;169526,00000000000;0,000000000000000000;0,0000000000000
11;92;65-79;2020;247;0;173205,00000000000;0,000000000000000000;0,0000000000000
11;92;65-79;2021;201;0;175968,00000000000;0,000000000000000000;0,0000000000000
11;92;65-79;2022;243;0;179952,00000000000;0,000000000000000000;0,0000000000000
11;92;65-79;2023;235;0;183046,00000000000;0,000000000000000000;0,0000000000000
11;92;65-79;2024;236;0;186253,00000000000;0,000000000000000000;0,0000000000000
11;92;80+;2019;151;0;77269,00000000000;0,000000000000000000;0,0000000000000
11;92;80+;2020;137;0;78244,00000000000;0,000000000000000000;0,0000000000000
11;92;80+;2021;152;0;78145,00000000000;0,000000000000000000;0,0000000000000
11;92;80+;2022;131;0;78738,00000000000;0,000000000000000000;0,0000000000000
11;92;80+;2023;128;0;79073,00000000000;0,000000000000000000;0,0000000000000
11;92;80+;2024;150;0;79989,00000000000;0,000000000000000000;0,0000000000000
11;92;NA;2019;0;0;NA;NA;NA
11;92;NA;2020;0;0;NA;NA;NA
11;92;NA;2021;0;0;NA;NA;NA
11;92;NA;2022;0;0;NA;NA;NA
11;92;NA;2023;17;0;NA;0,000000000000000000;NA
11;92;NA;2024;0;0;NA;NA;NA
11;93;0-1;2019;56;0;50369,42163620587;0,000000000000000000;0,0000000000000
11;93;0-1;2020;42;0;48671,08310772794;0,000000000000000000;0,0000000000000
11;93;0-1;2021;64;0;46401,12057054901;0,000000000000000000;0,0000000000000
11;93;0-1;2022;55;0;45165,09398799886;0,000000000000000000;0,0000000000000
11;93;0-1;2023;46;0;44543,91412645782;0,000000000000000000;0,0000000000000
11;93;0-1;2024;65;0;42696,72452653242;0,000000000000000000;0,0000000000000
11;93;2-4;2019;71;0;80866,57836379413;0,000000000000000000;0,0000000000000
11;93;2-4;2020;65;0;77301,91689227206;0,000000000000000000;0,0000000000000
11;93;2-4;2021;59;0;73461,87942945099;0,000000000000000000;0,0000000000000
11;93;2-4;2022;81;0;71116,90601200114;0,000000000000000000;0,0000000000000
11;93;2-4;2023;41;0;69943,08587354218;0,000000000000000000;0,0000000000000
11;93;2-4;2024;59;0;69884,27547346760;0,000000000000000000;0,0000000000000
11;93;5-17;2019;150;0;308288,30808656308;0,000000000000000000;0,0000000000000
11;93;5-17;2020;149;0;310917,55201867362;0,000000000000000000;0,0000000000000
11;93;5-17;2021;121;0;314687,31816642574;0,000000000000000000;0,0000000000000
11;93;5-17;2022;150;0;313753,76371483138;0,000000000000000000;0,0000000000000
11;93;5-17;2023;173;0;312482,10674892098;0,000000000000000000;0,0000000000000
11;93;5-17;2024;199;0;310791,50222675584;0,000000000000000000;0,0000000000000
11;93;18-64;2019;447;20;1006965,69191343698;0,044742729306487698;45054,3933742029985
11;93;18-64;2020;350;27;1014171,44798132638;0,077142857142857138;78236,0831299880228
11;93;18-64;2021;556;49;1024413,68183357420;0,088129496402877691;90281,0618882106646
11;93;18-64;2022;565;59;1035468,23628516856;0,104424778761061945;108128,5414881857432
11;93;18-64;2023;580;58;1044011,89325107902;0,100000000000000006;104401,1893251079018
11;93;18-64;2024;556;45;1051770,49777324428;0,080935251798561147;85125,3100715755281
11;93;65-79;2019;112;0;145445,00000000000;0,000000000000000000;0,0000000000000
11;93;65-79;2020;111;0;150627,00000000000;0,000000000000000000;0,0000000000000
11;93;65-79;2021;147;0;155607,00000000000;0,000000000000000000;0,0000000000000
11;93;65-79;2022;134;0;162273,00000000000;0,000000000000000000;0,0000000000000
11;93;65-79;2023;123;0;166710,00000000000;0,000000000000000000;0,0000000000000
11;93;65-79;2024;118;0;171388,00000000000;0,000000000000000000;0,0000000000000
11;93;80+;2019;70;0;52968,00000000000;0,000000000000000000;0,0000000000000
11;93;80+;2020;51;0;53733,00000000000;0,000000000000000000;0,0000000000000
11;93;80+;2021;35;0;54099,00000000000;0,000000000000000000;0,0000000000000
11;93;80+;2022;72;6;53948,00000000000;0,083333333333333329;4495,6666666666661
11;93;80+;2023;68;0;54424,00000000000;0,000000000000000000;0,0000000000000
11;93;80+;2024;44;0;55627,00000000000;0,000000000000000000;0,0000000000000
11;93;NA;2019;0;0;NA;NA;NA
11;93;NA;2020;0;0;NA;NA;NA
11;93;NA;2021;0;0;NA;NA;NA
11;93;NA;2022;0;0;NA;NA;NA
11;93;NA;2023;6;0;NA;0,000000000000000000;NA
11;93;NA;2024;1;0;NA;0,000000000000000000;NA
11;94;0-1;2019;87;0;36687,81923240028;0,000000000000000000;0,0000000000000
11;94;0-1;2020;52;0;35150,75825818216;0,000000000000000000;0,0000000000000
11;94;0-1;2021;77;5;33593,32271736150;0,064935064935064929;2181,3845920364611
11;94;0-1;2022;85;0;33059,51888330543;0,000000000000000000;0,0000000000000
11;94;0-1;2023;65;0;32386,51909724553;0,000000000000000000;0,0000000000000
11;94;0-1;2024;51;0;30822,30126749465;0,000000000000000000;0,0000000000000
11;94;2-4;2019;69;0;58901,18076759973;0,000000000000000000;0,0000000000000
11;94;2-4;2020;70;0;55828,24174181784;0,000000000000000000;0,0000000000000
11;94;2-4;2021;77;0;53184,67728263850;0,000000000000000000;0,0000000000000
11;94;2-4;2022;84;0;52055,48111669457;0,000000000000000000;0,0000000000000
11;94;2-4;2023;75;0;50853,48090275447;0,000000000000000000;0,0000000000000
11;94;2-4;2024;58;0;50448,69873250534;0,000000000000000000;0,0000000000000
11;94;5-17;2019;267;0;233643,58625530041;0,000000000000000000;0,0000000000000
11;94;5-17;2020;207;0;233383,30536596943;0,000000000000000000;0,0000000000000
11;94;5-17;2021;120;0;235660,68199775263;0,000000000000000000;0,0000000000000
11;94;5-17;2022;186;0;233798,08322119794;0,000000000000000000;0,0000000000000
11;94;5-17;2023;225;0;231596,87838206650;0,000000000000000000;0,0000000000000
11;94;5-17;2024;249;0;229157,94075535992;0,000000000000000000;0,0000000000000
11;94;18-64;2019;361;17;867789,41374469956;0,047091412742382273;40865,4294561215866
11;94;18-64;2020;388;0;868562,69463403057;0,000000000000000000;0,0000000000000
11;94;18-64;2021;391;26;874134,31800224737;0,066496163682864456;58126,5786906865324
11;94;18-64;2022;306;16;878582,91677880206;0,052287581699346407;45938,9760407216745
11;94;18-64;2023;476;28;882151,12161793350;0,058823529411764705;51891,2424481137350
11;94;18-64;2024;330;29;884585,05924464006;0,087878787878787876;77736,2627821047354
11;94;65-79;2019;200;0;145936,00000000000;0,000000000000000000;0,0000000000000
11;94;65-79;2020;192;0;149813,00000000000;0,000000000000000000;0,0000000000000
11;94;65-79;2021;196;0;153168,00000000000;0,000000000000000000;0,0000000000000
11;94;65-79;2022;229;0;156754,00000000000;0,000000000000000000;0,0000000000000
11;94;65-79;2023;186;0;159563,00000000000;0,000000000000000000;0,0000000000000
11;94;65-79;2024;163;0;162837,00000000000;0,000000000000000000;0,0000000000000
11;94;80+;2019;92;0;64166,00000000000;0,000000000000000000;0,0000000000000
11;94;80+;2020;79;0;65234,00000000000;0,000000000000000000;0,0000000000000
11;94;80+;2021;77;0;65626,00000000000;0,000000000000000000;0,0000000000000
11;94;80+;2022;89;0;65281,00000000000;0,000000000000000000;0,0000000000000
11;94;80+;2023;89;0;65635,00000000000;0,000000000000000000;0,0000000000000
11;94;80+;2024;91;0;66510,00000000000;0,000000000000000000;0,0000000000000
11;94;NA;2019;0;0;NA;NA;NA
11;94;NA;2020;0;0;NA;NA;NA
11;94;NA;2021;0;0;NA;NA;NA
11;94;NA;2022;0;0;NA;NA;NA
11;94;NA;2023;11;0;NA;0,000000000000000000;NA
11;94;NA;2024;0;0;NA;NA;NA
11;95;0-1;2019;65;0;34909,25313878132;0,000000000000000000;0,0000000000000
11;95;0-1;2020;41;0;34196,05966118760;0,000000000000000000;0,0000000000000
11;95;0-1;2021;52;0;33720,29740969475;0,000000000000000000;0,0000000000000
11;95;0-1;2022;52;0;33387,33694049288;0,000000000000000000;0,0000000000000
11;95;0-1;2023;32;0;33181,78633697126;0,000000000000000000;0,0000000000000
11;95;0-1;2024;48;0;31831,11525245283;0,000000000000000000;0,0000000000000
11;95;2-4;2019;63;0;56045,74686121868;0,000000000000000000;0,0000000000000
11;95;2-4;2020;46;0;54311,94033881240;0,000000000000000000;0,0000000000000
11;95;2-4;2021;63;0;53385,70259030526;0,000000000000000000;0,0000000000000
11;95;2-4;2022;68;0;52571,66305950712;0,000000000000000000;0,0000000000000
11;95;2-4;2023;61;0;52102,21366302874;0,000000000000000000;0,0000000000000
11;95;2-4;2024;51;0;52099,88474754717;0,000000000000000000;0,0000000000000
11;95;5-17;2019;230;0;235403,66641358600;0,000000000000000000;0,0000000000000
11;95;5-17;2020;153;0;234271,28216805699;0,000000000000000000;0,0000000000000
11;95;5-17;2021;170;0;235046,25286579007;0,000000000000000000;0,0000000000000
11;95;5-17;2022;182;0;236611,69872603408;0,000000000000000000;0,0000000000000
11;95;5-17;2023;154;0;236268,71084592800;0,000000000000000000;0,0000000000000
11;95;5-17;2024;161;0;235922,92073858072;0,000000000000000000;0,0000000000000
11;95;18-64;2019;371;7;752592,33358641400;0,018867924528301886;14199,8553506870558
11;95;18-64;2020;392;0;752669,71783194307;0,000000000000000000;0,0000000000000
11;95;18-64;2021;349;7;754532,74713420996;0,020057306590257881;15133,8946416603721
11;95;18-64;2022;402;15;764048,30127396586;0,037313432835820892;28509,2649729091718
11;95;18-64;2023;386;12;767316,28915407206;0,031088082901554404;23854,3924089348839
11;95;18-64;2024;443;18;770139,07926141925;0,040632054176072234;31292,3327916603739
11;95;65-79;2019;151;0;124259,00000000000;0,000000000000000000;0,0000000000000
11;95;65-79;2020;118;0;129125,00000000000;0,000000000000000000;0,0000000000000
11;95;65-79;2021;124;0;132216,00000000000;0,000000000000000000;0,0000000000000
11;95;65-79;2022;156;0;136789,00000000000;0,000000000000000000;0,0000000000000
11;95;65-79;2023;150;0;140519,00000000000;0,000000000000000000;0,0000000000000
11;95;65-79;2024;150;8;144159,00000000000;0,053333333333333337;7688,4800000000005
11;95;80+;2019;43;0;46464,00000000000;0,000000000000000000;0,0000000000000
11;95;80+;2020;39;0;47230,00000000000;0,000000000000000000;0,0000000000000
11;95;80+;2021;58;0;47706,00000000000;0,000000000000000000;0,0000000000000
11;95;80+;2022;35;0;47437,00000000000;0,000000000000000000;0,0000000000000
11;95;80+;2023;50;0;47683,00000000000;0,000000000000000000;0,0000000000000
11;95;80+;2024;49;0;48429,00000000000;0,000000000000000000;0,0000000000000
11;95;NA;2019;0;0;NA;NA;NA
11;95;NA;2020;0;0;NA;NA;NA
11;95;NA;2021;0;0;NA;NA;NA
11;95;NA;2022;0;0;NA;NA;NA
11;95;NA;2023;6;0;NA;0,000000000000000000;NA
11;95;NA;2024;0;0;NA;NA;NA
24;18;0-1;2019;20;0;5377,91715662255;0,000000000000000000;0,0000000000000
24;18;0-1;2020;25;0;5278,08075011845;0,000000000000000000;0,0000000000000
24;18;0-1;2021;22;0;5315,51676959703;0,000000000000000000;0,0000000000000
24;18;0-1;2022;167;0;5313,06066856294;0,000000000000000000;0,0000000000000
24;18;0-1;2023;128;0;5298,02054958184;0,000000000000000000;0,0000000000000
24;18;0-1;2024;118;0;5018,28069510021;0,000000000000000000;0,0000000000000
24;18;2-4;2019;17;0;8634,08284337745;0,000000000000000000;0,0000000000000
24;18;2-4;2020;12;0;8382,91924988155;0,000000000000000000;0,0000000000000
24;18;2-4;2021;27;0;8415,48323040297;0,000000000000000000;0,0000000000000
24;18;2-4;2022;114;0;8365,93933143705;0,000000000000000000;0,0000000000000
24;18;2-4;2023;81;0;8318,97945041816;0,000000000000000000;0,0000000000000
24;18;2-4;2024;82;0;8213,71930489979;0,000000000000000000;0,0000000000000
24;18;5-17;2019;78;0;43426,38382537685;0,000000000000000000;0,0000000000000
24;18;5-17;2020;84;0;43394,20273692088;0,000000000000000000;0,0000000000000
24;18;5-17;2021;118;0;43507,79552271765;0,000000000000000000;0,0000000000000
24;18;5-17;2022;225;0;43404,34811142419;0,000000000000000000;0,0000000000000
24;18;5-17;2023;135;0;43061,37837709526;0,000000000000000000;0,0000000000000
24;18;5-17;2024;229;0;42849,98776300665;0,000000000000000000;0,0000000000000
24;18;18-64;2019;491;10;166814,61617462317;0,020366598778004074;3397,4463579352987
24;18;18-64;2020;421;5;164780,79726307912;0,011876484560570071;1957,0165945733861
24;18;18-64;2021;296;0;163134,20447728236;0,000000000000000000;0,0000000000000
24;18;18-64;2022;290;8;162702,65188857581;0,027586206896551724;4488,3490176158848
24;18;18-64;2023;247;0;161652,62162290476;0,000000000000000000;0,0000000000000
24;18;18-64;2024;237;5;160530,01223699335;0,021097046413502109;3386,7091189239104
24;18;65-79;2019;204;0;53552,00000000000;0,000000000000000000;0,0000000000000
24;18;65-79;2020;105;0;54413,00000000000;0,000000000000000000;0,0000000000000
24;18;65-79;2021;118;0;55192,00000000000;0,000000000000000000;0,0000000000000
24;18;65-79;2022;98;0;56380,00000000000;0,000000000000000000;0,0000000000000
24;18;65-79;2023;149;0;57154,00000000000;0,000000000000000000;0,0000000000000
24;18;65-79;2024;130;0;57591,00000000000;0,000000000000000000;0,0000000000000
24;18;80+;2019;94;0;24501,00000000000;0,000000000000000000;0,0000000000000
24;18;80+;2020;46;0;24684,00000000000;0,000000000000000000;0,0000000000000
24;18;80+;2021;69;0;24008,00000000000;0,000000000000000000;0,0000000000000
24;18;80+;2022;57;0;23330,00000000000;0,000000000000000000;0,0000000000000
24;18;80+;2023;59;0;22919,00000000000;0,000000000000000000;0,0000000000000
24;18;80+;2024;66;0;22816,00000000000;0,000000000000000000;0,0000000000000
24;18;NA;2019;0;0;NA;NA;NA
24;18;NA;2020;0;0;NA;NA;NA
24;18;NA;2021;0;0;NA;NA;NA
24;18;NA;2022;0;0;NA;NA;NA
24;18;NA;2023;9;0;NA;0,000000000000000000;NA
24;18;NA;2024;0;0;NA;NA;NA
24;28;0-1;2019;14;0;9464,70433073880;0,000000000000000000;0,0000000000000
24;28;0-1;2020;9;0;9387,80514357500;0,000000000000000000;0,0000000000000
24;28;0-1;2021;8;0;9417,80583866845;0,000000000000000000;0,0000000000000
24;28;0-1;2022;13;0;9119,47886813286;0,000000000000000000;0,0000000000000
24;28;0-1;2023;7;0;9049,86105480455;0,000000000000000000;0,0000000000000
24;28;0-1;2024;14;0;8599,19108832393;0,000000000000000000;0,0000000000000
24;28;2-4;2019;24;0;15195,29566926120;0,000000000000000000;0,0000000000000
24;28;2-4;2020;7;0;14910,19485642500;0,000000000000000000;0,0000000000000
24;28;2-4;2021;23;0;14910,19416133155;0,000000000000000000;0,0000000000000
24;28;2-4;2022;13;0;14359,52113186714;0,000000000000000000;0,0000000000000
24;28;2-4;2023;15;0;14210,13894519545;0,000000000000000000;0,0000000000000
24;28;2-4;2024;25;0;14074,80891167607;0,000000000000000000;0,0000000000000
24;28;5-17;2019;81;0;74347,84245392588;0,000000000000000000;0,0000000000000
24;28;5-17;2020;58;0;73892,89601949330;0,000000000000000000;0,0000000000000
24;28;5-17;2021;47;0;73144,87879549715;0,000000000000000000;0,0000000000000
24;28;5-17;2022;62;0;73368,85937738119;0,000000000000000000;0,0000000000000
24;28;5-17;2023;58;0;73083,60329514417;0,000000000000000000;0,0000000000000
24;28;5-17;2024;61;0;72994,51899487384;0,000000000000000000;0,0000000000000
24;28;18-64;2019;126;0;244102,15754607410;0,000000000000000000;0,0000000000000
24;28;18-64;2020;113;0;243446,10398050668;0,000000000000000000;0,0000000000000
24;28;18-64;2021;135;6;242693,12120450285;0,044444444444444446;10786,3609424223487
24;28;18-64;2022;138;0;243332,14062261881;0,000000000000000000;0,0000000000000
24;28;18-64;2023;94;0;242837,39670485581;0,000000000000000000;0,0000000000000
24;28;18-64;2024;151;0;242532,48100512614;0,000000000000000000;0,0000000000000
24;28;65-79;2019;47;0;61503,00000000000;0,000000000000000000;0,0000000000000
24;28;65-79;2020;57;0;63155,00000000000;0,000000000000000000;0,0000000000000
24;28;65-79;2021;57;0;64832,00000000000;0,000000000000000000;0,0000000000000
24;28;65-79;2022;55;0;66653,00000000000;0,000000000000000000;0,0000000000000
24;28;65-79;2023;48;0;68170,00000000000;0,000000000000000000;0,0000000000000
24;28;65-79;2024;55;0;69464,00000000000;0,000000000000000000;0,0000000000000
24;28;80+;2019;6;0;26962,00000000000;0,000000000000000000;0,0000000000000
24;28;80+;2020;9;0;26651,00000000000;0,000000000000000000;0,0000000000000
24;28;80+;2021;12;0;26279,00000000000;0,000000000000000000;0,0000000000000
24;28;80+;2022;13;0;26117,00000000000;0,000000000000000000;0,0000000000000
24;28;80+;2023;12;0;25781,00000000000;0,000000000000000000;0,0000000000000
24;28;80+;2024;19;0;25639,00000000000;0,000000000000000000;0,0000000000000
24;28;NA;2019;0;0;NA;NA;NA
24;28;NA;2020;0;0;NA;NA;NA
24;28;NA;2021;0;0;NA;NA;NA
24;28;NA;2022;0;0;NA;NA;NA
24;28;NA;2023;2;0;NA;0,000000000000000000;NA
24;28;NA;2024;0;0;NA;NA;NA
24;36;0-1;2019;6;0;3531,80086177852;0,000000000000000000;0,0000000000000
24;36;0-1;2020;5;0;3492,31914942688;0,000000000000000000;0,0000000000000
24;36;0-1;2021;6;0;3492,57827509317;0,000000000000000000;0,0000000000000
24;36;0-1;2022;14;0;3555,50532641459;0,000000000000000000;0,0000000000000
24;36;0-1;2023;8;0;3520,34147996009;0,000000000000000000;0,0000000000000
24;36;0-1;2024;28;0;3379,90610298769;0,000000000000000000;0,0000000000000
24;36;2-4;2019;7;0;5670,19913822148;0,000000000000000000;0,0000000000000
24;36;2-4;2020;6;0;5546,68085057312;0,000000000000000000;0,0000000000000
24;36;2-4;2021;7;0;5529,42172490683;0,000000000000000000;0,0000000000000
24;36;2-4;2022;10;0;5598,49467358541;0,000000000000000000;0,0000000000000
24;36;2-4;2023;5;0;5527,65852003991;0,000000000000000000;0,0000000000000
24;36;2-4;2024;15;0;5532,09389701231;0,000000000000000000;0,0000000000000
24;36;5-17;2019;21;0;30423,54340166843;0,000000000000000000;0,0000000000000
24;36;5-17;2020;12;0;29964,10583729700;0,000000000000000000;0,0000000000000
24;36;5-17;2021;16;0;29286,24166656849;0,000000000000000000;0,0000000000000
24;36;5-17;2022;29;0;29184,84779204104;0,000000000000000000;0,0000000000000
24;36;5-17;2023;21;0;28849,15812903976;0,000000000000000000;0,0000000000000
24;36;5-17;2024;27;0;28625,60935496151;0,000000000000000000;0,0000000000000
24;36;18-64;2019;35;0;117963,45659833157;0,000000000000000000;0,0000000000000
24;36;18-64;2020;98;0;117201,89416270300;0,000000000000000000;0,0000000000000
24;36;18-64;2021;98;0;116213,75833343151;0,000000000000000000;0,0000000000000
24;36;18-64;2022;67;0;115553,15220795896;0,000000000000000000;0,0000000000000
24;36;18-64;2023;91;5;114529,84187096024;0,054945054945054944;6292,8484544483645
24;36;18-64;2024;106;5;113465,39064503850;0,047169811320754720;5352,1410681621937
24;36;65-79;2019;44;0;41287,00000000000;0,000000000000000000;0,0000000000000
24;36;65-79;2020;43;0;41989,00000000000;0,000000000000000000;0,0000000000000
24;36;65-79;2021;36;0;42709,00000000000;0,000000000000000000;0,0000000000000
24;36;65-79;2022;33;0;43515,00000000000;0,000000000000000000;0,0000000000000
24;36;65-79;2023;29;0;44042,00000000000;0,000000000000000000;0,0000000000000
24;36;65-79;2024;29;0;44463,00000000000;0,000000000000000000;0,0000000000000
24;36;80+;2019;9;0;20440,00000000000;0,000000000000000000;0,0000000000000
24;36;80+;2020;10;0;20513,00000000000;0,000000000000000000;0,0000000000000
24;36;80+;2021;9;0;19997,00000000000;0,000000000000000000;0,0000000000000
24;36;80+;2022;9;0;19402,00000000000;0,000000000000000000;0,0000000000000
24;36;80+;2023;5;0;19109,00000000000;0,000000000000000000;0,0000000000000
24;36;80+;2024;14;0;19059,00000000000;0,000000000000000000;0,0000000000000
24;36;NA;2019;0;0;NA;NA;NA
24;36;NA;2020;0;0;NA;NA;NA
24;36;NA;2021;0;0;NA;NA;NA
24;36;NA;2022;0;0;NA;NA;NA
24;36;NA;2023;2;0;NA;0,000000000000000000;NA
24;36;NA;2024;0;0;NA;NA;NA
24;37;0-1;2019;9;0;12084,96128394049;0,000000000000000000;0,0000000000000
24;37;0-1;2020;7;0;11913,06213667757;0,000000000000000000;0,0000000000000
24;37;0-1;2021;20;0;11608,11928141697;0,000000000000000000;0,0000000000000
24;37;0-1;2022;23;0;11715,99985426805;0,000000000000000000;0,0000000000000
24;37;0-1;2023;17;0;11587,40163087658;0,000000000000000000;0,0000000000000
24;37;0-1;2024;27;0;11048,40940218103;0,000000000000000000;0,0000000000000
24;37;2-4;2019;20;0;19402,03871605951;0,000000000000000000;0,0000000000000
24;37;2-4;2020;26;0;18920,93786332243;0,000000000000000000;0,0000000000000
24;37;2-4;2021;27;0;18377,88071858303;0,000000000000000000;0,0000000000000
24;37;2-4;2022;30;0;18448,00014573195;0,000000000000000000;0,0000000000000
24;37;2-4;2023;25;0;18194,59836912342;0,000000000000000000;0,0000000000000
24;37;2-4;2024;32;0;18083,59059781897;0,000000000000000000;0,0000000000000
24;37;5-17;2019;107;0;96017,85294334129;0,000000000000000000;0,0000000000000
24;37;5-17;2020;82;0;95611,36948780958;0,000000000000000000;0,0000000000000
24;37;5-17;2021;84;0;94634,68796131306;0,000000000000000000;0,0000000000000
24;37;5-17;2022;110;0;95265,70715645235;0,000000000000000000;0,0000000000000
24;37;5-17;2023;64;0;94655,08420081668;0,000000000000000000;0,0000000000000
24;37;5-17;2024;87;0;94238,82512297975;0,000000000000000000;0,0000000000000
24;37;18-64;2019;291;7;350539,14705665869;0,024054982817869417;8432,2131594385264
24;37;18-64;2020;173;0;350861,63051219040;0,000000000000000000;0,0000000000000
24;37;18-64;2021;165;0;350158,31203868694;0,000000000000000000;0,0000000000000
24;37;18-64;2022;313;7;351217,29284354765;0,022364217252396165;7854,6998399515442
24;37;18-64;2023;237;6;351772,91579918331;0,025316455696202531;8905,6434379540078
24;37;18-64;2024;190;0;352192,17487702024;0,000000000000000000;0,0000000000000
24;37;65-79;2019;87;0;90086,00000000000;0,000000000000000000;0,0000000000000
24;37;65-79;2020;64;0;92372,00000000000;0,000000000000000000;0,0000000000000
24;37;65-79;2021;66;0;95037,00000000000;0,000000000000000000;0,0000000000000
24;37;65-79;2022;80;0;97670,00000000000;0,000000000000000000;0,0000000000000
24;37;65-79;2023;98;0;99635,00000000000;0,000000000000000000;0,0000000000000
24;37;65-79;2024;57;0;101239,00000000000;0,000000000000000000;0,0000000000000
24;37;80+;2019;13;0;41949,00000000000;0,000000000000000000;0,0000000000000
24;37;80+;2020;14;0;42440,00000000000;0,000000000000000000;0,0000000000000
24;37;80+;2021;19;0;42344,00000000000;0,000000000000000000;0,0000000000000
24;37;80+;2022;18;0;42009,00000000000;0,000000000000000000;0,0000000000000
24;37;80+;2023;21;0;41858,00000000000;0,000000000000000000;0,0000000000000
24;37;80+;2024;19;0;42508,00000000000;0,000000000000000000;0,0000000000000
24;37;NA;2019;0;0;NA;NA;NA
24;37;NA;2020;0;0;NA;NA;NA
24;37;NA;2021;0;0;NA;NA;NA
24;37;NA;2022;0;0;NA;NA;NA
24;37;NA;2023;3;0;NA;0,000000000000000000;NA
24;37;NA;2024;0;0;NA;NA;NA
24;41;0-1;2019;10;0;6071,07433510244;0,000000000000000000;0,0000000000000
24;41;0-1;2020;5;0;6162,07524219597;0,000000000000000000;0,0000000000000
24;41;0-1;2021;7;0;6102,91470924893;0,000000000000000000;0,0000000000000
24;41;0-1;2022;11;0;5928,30214081996;0,000000000000000000;0,0000000000000
24;41;0-1;2023;11;0;5890,19116546372;0,000000000000000000;0,0000000000000
24;41;0-1;2024;10;0;5670,59650492279;0,000000000000000000;0,0000000000000
24;41;2-4;2019;12;0;9746,92566489756;0,000000000000000000;0,0000000000000
24;41;2-4;2020;3;0;9786,92475780403;0,000000000000000000;0,0000000000000
24;41;2-4;2021;10;0;9662,08529075107;0,000000000000000000;0,0000000000000
24;41;2-4;2022;12;0;9334,69785918004;0,000000000000000000;0,0000000000000
24;41;2-4;2023;16;0;9248,80883453628;0,000000000000000000;0,0000000000000
24;41;2-4;2024;20;0;9281,40349507721;0,000000000000000000;0,0000000000000
24;41;5-17;2019;46;0;51186,31072357530;0,000000000000000000;0,0000000000000
24;41;5-17;2020;31;0;50750,19467678561;0,000000000000000000;0,0000000000000
24;41;5-17;2021;37;0;49943,79929556195;0,000000000000000000;0,0000000000000
24;41;5-17;2022;48;0;49521,86900751280;0,000000000000000000;0,0000000000000
24;41;5-17;2023;50;0;49083,43636624401;0,000000000000000000;0,0000000000000
24;41;5-17;2024;28;0;48699,05514223519;0,000000000000000000;0,0000000000000
24;41;18-64;2019;157;0;180320,68927642470;0,000000000000000000;0,0000000000000
24;41;18-64;2020;101;0;179619,80532321439;0,000000000000000000;0,0000000000000
24;41;18-64;2021;88;0;178445,20070443806;0,000000000000000000;0,0000000000000
24;41;18-64;2022;148;6;178783,13099248719;0,040540540540540543;7247,9647699656971
24;41;18-64;2023;121;0;178100,56363375598;0,000000000000000000;0,0000000000000
24;41;18-64;2024;124;5;177325,94485776481;0,040322580645161289;7150,2397120066453
24;41;65-79;2019;46;0;55001,00000000000;0,000000000000000000;0,0000000000000
24;41;65-79;2020;45;0;56075,00000000000;0,000000000000000000;0,0000000000000
24;41;65-79;2021;34;0;57661,00000000000;0,000000000000000000;0,0000000000000
24;41;65-79;2022;39;0;59113,00000000000;0,000000000000000000;0,0000000000000
24;41;65-79;2023;52;0;60317,00000000000;0,000000000000000000;0,0000000000000
24;41;65-79;2024;54;0;61362,00000000000;0,000000000000000000;0,0000000000000
24;41;80+;2019;16;0;27144,00000000000;0,000000000000000000;0,0000000000000
24;41;80+;2020;8;0;26963,00000000000;0,000000000000000000;0,0000000000000
24;41;80+;2021;10;0;26689,00000000000;0,000000000000000000;0,0000000000000
24;41;80+;2022;10;0;26272,00000000000;0,000000000000000000;0,0000000000000
24;41;80+;2023;12;0;25720,00000000000;0,000000000000000000;0,0000000000000
24;41;80+;2024;16;0;25673,00000000000;0,000000000000000000;0,0000000000000
24;41;NA;2019;0;0;NA;NA;NA
24;41;NA;2020;0;0;NA;NA;NA
24;41;NA;2021;0;0;NA;NA;NA
24;41;NA;2022;0;0;NA;NA;NA
24;41;NA;2023;2;0;NA;0,000000000000000000;NA
24;41;NA;2024;0;0;NA;NA;NA
24;45;0-1;2019;24;0;15302,42342524558;0,000000000000000000;0,0000000000000
24;45;0-1;2020;15;0;14967,63401358530;0,000000000000000000;0,0000000000000
24;45;0-1;2021;17;0;14624,54246026047;0,000000000000000000;0,0000000000000
24;45;0-1;2022;30;0;14699,76563070643;0,000000000000000000;0,0000000000000
24;45;0-1;2023;14;0;14507,40194112199;0,000000000000000000;0,0000000000000
24;45;0-1;2024;23;0;13862,84871886321;0,000000000000000000;0,0000000000000
24;45;2-4;2019;35;0;24567,57657475443;0,000000000000000000;0,0000000000000
24;45;2-4;2020;26;0;23772,36598641470;0,000000000000000000;0,0000000000000
24;45;2-4;2021;28;0;23153,45753973953;0,000000000000000000;0,0000000000000
24;45;2-4;2022;30;0;23146,23436929357;0,000000000000000000;0,0000000000000
24;45;2-4;2023;25;0;22779,59805887801;0,000000000000000000;0,0000000000000
24;45;2-4;2024;36;0;22690,15128113679;0,000000000000000000;0,0000000000000
24;45;5-17;2019;138;0;115554,51654351543;0,000000000000000000;0,0000000000000
24;45;5-17;2020;80;0;115317,24262101608;0,000000000000000000;0,0000000000000
24;45;5-17;2021;80;0;116138,74019209623;0,000000000000000000;0,0000000000000
24;45;5-17;2022;95;0;115913,61734980076;0,000000000000000000;0,0000000000000
24;45;5-17;2023;77;0;115442,30621018649;0,000000000000000000;0,0000000000000
24;45;5-17;2024;83;0;115044,92032834023;0,000000000000000000;0,0000000000000
24;45;18-64;2019;249;0;388459,48345648457;0,000000000000000000;0,0000000000000
24;45;18-64;2020;199;0;388122,75737898389;0,000000000000000000;0,0000000000000
24;45;18-64;2021;290;8;388477,25980790379;0,027586206896551724;10716,6140636663113
24;45;18-64;2022;256;5;389221,38265019923;0,019531250000000000;7601,9801298867042
24;45;18-64;2023;153;6;389661,69378981349;0,039215686274509803;15280,8507368554310
24;45;18-64;2024;320;11;389980,07967165980;0,034375000000000003;13405,5652387133068
24;45;65-79;2019;108;6;94722,00000000000;0,055555555555555552;5262,3333333333330
24;45;65-79;2020;62;0;97600,00000000000;0,000000000000000000;0,0000000000000
24;45;65-79;2021;79;0;100265,00000000000;0,000000000000000000;0,0000000000000
24;45;65-79;2022;107;0;102984,00000000000;0,000000000000000000;0,0000000000000
24;45;65-79;2023;112;0;105230,00000000000;0,000000000000000000;0,0000000000000
24;45;65-79;2024;92;0;107078,00000000000;0,000000000000000000;0,0000000000000
24;45;80+;2019;25;0;41828,00000000000;0,000000000000000000;0,0000000000000
24;45;80+;2020;29;0;42524,00000000000;0,000000000000000000;0,0000000000000
24;45;80+;2021;33;0;41902,00000000000;0,000000000000000000;0,0000000000000
24;45;80+;2022;34;0;41098,00000000000;0,000000000000000000;0,0000000000000
24;45;80+;2023;25;0;40918,00000000000;0,000000000000000000;0,0000000000000
24;45;80+;2024;28;0;41189,00000000000;0,000000000000000000;0,0000000000000
24;45;NA;2019;0;0;NA;NA;NA
24;45;NA;2020;0;0;NA;NA;NA
24;45;NA;2021;0;0;NA;NA;NA
24;45;NA;2022;0;0;NA;NA;NA
24;45;NA;2023;7;0;NA;0,000000000000000000;NA
24;45;NA;2024;0;0;NA;NA;NA
27;21;0-1;2019;12;0;10233,08786967388;0,000000000000000000;0,0000000000000
27;21;0-1;2020;13;0;10109,52791944948;0,000000000000000000;0,0000000000000
27;21;0-1;2021;25;0;10127,00594950537;0,000000000000000000;0,0000000000000
27;21;0-1;2022;64;6;10109,92442006176;0,093750000000000000;947,8054143807905
27;21;0-1;2023;14;0;9898,04235744746;0,000000000000000000;0,0000000000000
27;21;0-1;2024;15;0;9413,44809046874;0,000000000000000000;0,0000000000000
27;21;2-4;2019;28;0;16428,91213032612;0,000000000000000000;0,0000000000000
27;21;2-4;2020;22;0;16056,47208055052;0,000000000000000000;0,0000000000000
27;21;2-4;2021;17;0;16032,99405049463;0,000000000000000000;0,0000000000000
27;21;2-4;2022;16;0;15919,07557993824;0,000000000000000000;0,0000000000000
27;21;2-4;2023;18;0;15541,95764255254;0,000000000000000000;0,0000000000000
27;21;2-4;2024;27;0;15407,55190953126;0,000000000000000000;0,0000000000000
27;21;5-17;2019;67;0;80892,46845553021;0,000000000000000000;0,0000000000000
27;21;5-17;2020;81;0;80987,78553049780;0,000000000000000000;0,0000000000000
27;21;5-17;2021;70;0;80428,71859925511;0,000000000000000000;0,0000000000000
27;21;5-17;2022;143;17;80232,05810179406;0,118881118881118880;9538,0768372762159
27;21;5-17;2023;60;0;79917,82235556775;0,000000000000000000;0,0000000000000
27;21;5-17;2024;51;0;79411,27142028214;0,000000000000000000;0,0000000000000
27;21;18-64;2019;423;35;314190,53154446982;0,082742316784869971;25996,8524918592047
27;21;18-64;2020;418;35;313425,21446950221;0,083732057416267949;26243,7380536664568
27;21;18-64;2021;420;34;312543,28140074492;0,080952380952380956;25301,1227800603046
27;21;18-64;2022;527;55;313526,94189820596;0,104364326375711580;32721,0280918431272
27;21;18-64;2023;458;61;313342,17764443223;0,133187772925764197;41733,3468041711094
27;21;18-64;2024;336;33;313329,72857971786;0,098214285714285712;30773,4554855080023
27;21;65-79;2019;71;0;77975,00000000000;0,000000000000000000;0,0000000000000
27;21;65-79;2020;53;0;79622,00000000000;0,000000000000000000;0,0000000000000
27;21;65-79;2021;100;0;81593,00000000000;0,000000000000000000;0,0000000000000
27;21;65-79;2022;65;0;83710,00000000000;0,000000000000000000;0,0000000000000
27;21;65-79;2023;78;0;85245,00000000000;0,000000000000000000;0,0000000000000
27;21;65-79;2024;82;0;86493,00000000000;0,000000000000000000;0,0000000000000
27;21;80+;2019;44;0;34404,00000000000;0,000000000000000000;0,0000000000000
27;21;80+;2020;20;0;34877,00000000000;0,000000000000000000;0,0000000000000
27;21;80+;2021;28;0;34778,00000000000;0,000000000000000000;0,0000000000000
27;21;80+;2022;20;0;34079,00000000000;0,000000000000000000;0,0000000000000
27;21;80+;2023;35;0;34135,00000000000;0,000000000000000000;0,0000000000000
27;21;80+;2024;22;0;34453,00000000000;0,000000000000000000;0,0000000000000
27;21;NA;2019;0;0;NA;NA;NA
27;21;NA;2020;0;0;NA;NA;NA
27;21;NA;2021;0;0;NA;NA;NA
27;21;NA;2022;0;0;NA;NA;NA
27;21;NA;2023;0;0;NA;NA;NA
27;21;NA;2024;0;0;NA;NA;NA
27;25;0-1;2019;39;0;11786,74249785030;0,000000000000000000;0,0000000000000
27;25;0-1;2020;17;0;11701,33618315551;0,000000000000000000;0,0000000000000
27;25;0-1;2021;22;0;11546,56752507250;0,000000000000000000;0,0000000000000
27;25;0-1;2022;26;0;11347,01033492199;0,000000000000000000;0,0000000000000
27;25;0-1;2023;23;0;10968,38490954407;0,000000000000000000;0,0000000000000
27;25;0-1;2024;25;5;10300,52174115188;0,200000000000000011;2060,1043482303771
27;25;2-4;2019;24;0;18923,25750214970;0,000000000000000000;0,0000000000000
27;25;2-4;2020;29;0;18584,66381684449;0,000000000000000000;0,0000000000000
27;25;2-4;2021;31;0;18280,43247492750;0,000000000000000000;0,0000000000000
27;25;2-4;2022;30;0;17866,98966507801;0,000000000000000000;0,0000000000000
27;25;2-4;2023;50;0;17222,61509045593;0,000000000000000000;0,0000000000000
27;25;2-4;2024;28;0;16859,47825884811;0,000000000000000000;0,0000000000000
27;25;5-17;2019;103;0;89971,46771525058;0,000000000000000000;0,0000000000000
27;25;5-17;2020;80;0;90012,07821978485;0,000000000000000000;0,0000000000000
27;25;5-17;2021;69;0;91143,21518848054;0,000000000000000000;0,0000000000000
27;25;5-17;2022;100;5;90999,44397824952;0,050000000000000003;4549,9721989124764
27;25;5-17;2023;71;0;91062,49194657296;0,000000000000000000;0,0000000000000
27;25;5-17;2024;94;0;91002,85735457714;0,000000000000000000;0,0000000000000
27;25;18-64;2019;413;35;316404,53228474944;0,084745762711864403;26813,9434139618170
27;25;18-64;2020;361;19;316176,92178021517;0,052631578947368418;16640,8906200113233
27;25;18-64;2021;404;20;316032,78481151944;0,049504950495049507;15645,1873669069028
27;25;18-64;2022;389;35;316835,55602175050;0,089974293059125965;28507,0551690521024
27;25;18-64;2023;370;29;317119,50805342704;0,078378378378378383;24855,3127933767137
27;25;18-64;2024;391;43;317528,14264542283;0,109974424552429673;34919,9747666321782
27;25;65-79;2019;72;0;74525,00000000000;0,000000000000000000;0,0000000000000
27;25;65-79;2020;59;0;75888,00000000000;0,000000000000000000;0,0000000000000
27;25;65-79;2021;70;0;77333,00000000000;0,000000000000000000;0,0000000000000
27;25;65-79;2022;99;0;79290,00000000000;0,000000000000000000;0,0000000000000
27;25;65-79;2023;65;0;80719,00000000000;0,000000000000000000;0,0000000000000
27;25;65-79;2024;107;6;82037,00000000000;0,056074766355140186;4600,2056074766351
27;25;80+;2019;31;0;32363,00000000000;0,000000000000000000;0,0000000000000
27;25;80+;2020;13;0;32846,00000000000;0,000000000000000000;0,0000000000000
27;25;80+;2021;36;0;32760,00000000000;0,000000000000000000;0,0000000000000
27;25;80+;2022;19;0;32323,00000000000;0,000000000000000000;0,0000000000000
27;25;80+;2023;27;0;32370,00000000000;0,000000000000000000;0,0000000000000
27;25;80+;2024;48;0;32527,00000000000;0,000000000000000000;0,0000000000000
27;25;NA;2019;0;0;NA;NA;NA
27;25;NA;2020;0;0;NA;NA;NA
27;25;NA;2021;0;0;NA;NA;NA
27;25;NA;2022;0;0;NA;NA;NA
27;25;NA;2023;4;0;NA;0,000000000000000000;NA
27;25;NA;2024;0;0;NA;NA;NA
27;39;0-1;2019;174;0;4811,41660543964;0,000000000000000000;0,0000000000000
27;39;0-1;2020;78;0;4842,26528374457;0,000000000000000000;0,0000000000000
27;39;0-1;2021;129;0;4849,42674042254;0,000000000000000000;0,0000000000000
27;39;0-1;2022;225;0;4754,13864925875;0,000000000000000000;0,0000000000000
27;39;0-1;2023;58;0;4638,92920706942;0,000000000000000000;0,0000000000000
27;39;0-1;2024;102;0;4414,13006425872;0,000000000000000000;0,0000000000000
27;39;2-4;2019;142;0;7724,58339456036;0,000000000000000000;0,0000000000000
27;39;2-4;2020;79;0;7690,73471625543;0,000000000000000000;0,0000000000000
27;39;2-4;2021;127;0;7677,57325957746;0,000000000000000000;0,0000000000000
27;39;2-4;2022;226;0;7485,86135074125;0,000000000000000000;0,0000000000000
27;39;2-4;2023;109;0;7284,07079293058;0,000000000000000000;0,0000000000000
27;39;2-4;2024;180;0;7224,86993574128;0,000000000000000000;0,0000000000000
27;39;5-17;2019;207;0;40551,94853946349;0,000000000000000000;0,0000000000000
27;39;5-17;2020;287;0;39703,94853913632;0,000000000000000000;0,0000000000000
27;39;5-17;2021;262;0;39618,82122553272;0,000000000000000000;0,0000000000000
27;39;5-17;2022;302;0;39275,69150505663;0,000000000000000000;0,0000000000000
27;39;5-17;2023;197;0;38984,69180031876;0,000000000000000000;0,0000000000000
27;39;5-17;2024;329;6;38751,47263030679;0,018237082066869300;706,7137865709445
27;39;18-64;2019;729;30;144812,05146053652;0,041152263374485597;5959,3436815035602
27;39;18-64;2020;666;12;144127,05146086367;0,018018018018018018;2596,8838101056517
27;39;18-64;2021;906;33;143946,17877446729;0,036423841059602648;5243,0727368183452
27;39;18-64;2022;936;49;143727,30849494337;0,052350427350427352;7524,1860216369923
27;39;18-64;2023;707;51;143152,30819968125;0,072135785007072142;10326,4041275583368
27;39;18-64;2024;1596;71;142430,52736969321;0,044486215538847115;6336,1951398798356
27;39;65-79;2019;327;11;42126,00000000000;0,033639143730886847;1417,0825688073394
27;39;65-79;2020;498;0;43068,00000000000;0,000000000000000000;0,0000000000000
27;39;65-79;2021;465;0;43811,00000000000;0,000000000000000000;0,0000000000000
27;39;65-79;2022;462;0;44659,00000000000;0,000000000000000000;0,0000000000000
27;39;65-79;2023;403;0;45401,00000000000;0,000000000000000000;0,0000000000000
27;39;65-79;2024;300;0;46256,00000000000;0,000000000000000000;0,0000000000000
27;39;80+;2019;295;0;19173,00000000000;0,000000000000000000;0,0000000000000
27;39;80+;2020;321;0;19366,00000000000;0,000000000000000000;0,0000000000000
27;39;80+;2021;312;0;18652,00000000000;0,000000000000000000;0,0000000000000
27;39;80+;2022;297;0;18503,00000000000;0,000000000000000000;0,0000000000000
27;39;80+;2023;161;0;18525,00000000000;0,000000000000000000;0,0000000000000
27;39;80+;2024;213;0;18567,00000000000;0,000000000000000000;0,0000000000000
27;39;NA;2019;0;0;NA;NA;NA
27;39;NA;2020;0;0;NA;NA;NA
27;39;NA;2021;0;0;NA;NA;NA
27;39;NA;2022;1;0;NA;0,000000000000000000;NA
27;39;NA;2023;2;0;NA;0,000000000000000000;NA
27;39;NA;2024;1;0;NA;0,000000000000000000;NA
27;58;0-1;2019;317;0;3247,78297026406;0,000000000000000000;0,0000000000000
27;58;0-1;2020;186;0;3174,34385791473;0,000000000000000000;0,0000000000000
27;58;0-1;2021;230;0;3098,10506933836;0,000000000000000000;0,0000000000000
27;58;0-1;2022;196;0;3175,25191647796;0,000000000000000000;0,0000000000000
27;58;0-1;2023;388;0;3115,31545424850;0,000000000000000000;0,0000000000000
27;58;0-1;2024;345;0;2924,42279624529;0,000000000000000000;0,0000000000000
27;58;2-4;2019;252;0;5214,21702973594;0,000000000000000000;0,0000000000000
27;58;2-4;2020;134;0;5041,65614208527;0,000000000000000000;0,0000000000000
27;58;2-4;2021;171;0;4904,89493066164;0,000000000000000000;0,0000000000000
27;58;2-4;2022;283;0;4999,74808352204;0,000000000000000000;0,0000000000000
27;58;2-4;2023;222;0;4891,68454575150;0,000000000000000000;0,0000000000000
27;58;2-4;2024;238;0;4786,57720375471;0,000000000000000000;0,0000000000000
27;58;5-17;2019;449;0;27368,31526056370;0,000000000000000000;0,0000000000000
27;58;5-17;2020;274;0;26671,67362348092;0,000000000000000000;0,0000000000000
27;58;5-17;2021;265;0;26419,80444976054;0,000000000000000000;0,0000000000000
27;58;5-17;2022;423;0;26471,79981647628;0,000000000000000000;0,0000000000000
27;58;5-17;2023;297;0;26260,79081968973;0,000000000000000000;0,0000000000000
27;58;5-17;2024;514;0;26244,81492240541;0,000000000000000000;0,0000000000000
27;58;18-64;2019;996;5;108300,68473943630;0,005020080321285141;543,6781362421501
27;58;18-64;2020;729;6;106773,32637651908;0,008230452674897120;878,7928096832846
27;58;18-64;2021;554;0;106261,19555023946;0,000000000000000000;0,0000000000000
27;58;18-64;2022;764;11;106130,20018352372;0,014397905759162303;1528,0526204434043
27;58;18-64;2023;206;0;105192,20918031027;0,000000000000000000;0,0000000000000
27;58;18-64;2024;737;13;104418,18507759458;0,017639077340569877;1841,8404423456302
27;58;65-79;2019;191;0;40748,00000000000;0,000000000000000000;0,0000000000000
27;58;65-79;2020;183;0;41376,00000000000;0,000000000000000000;0,0000000000000
27;58;65-79;2021;218;0;42129,00000000000;0,000000000000000000;0,0000000000000
27;58;65-79;2022;254;0;43116,00000000000;0,000000000000000000;0,0000000000000
27;58;65-79;2023;162;0;43817,00000000000;0,000000000000000000;0,0000000000000
27;58;65-79;2024;273;0;44262,00000000000;0,000000000000000000;0,0000000000000
27;58;80+;2019;158;0;19573,00000000000;0,000000000000000000;0,0000000000000
27;58;80+;2020;123;0;19633,00000000000;0,000000000000000000;0,0000000000000
27;58;80+;2021;148;0;19604,00000000000;0,000000000000000000;0,0000000000000
27;58;80+;2022;146;0;18406,00000000000;0,000000000000000000;0,0000000000000
27;58;80+;2023;96;0;18132,00000000000;0,000000000000000000;0,0000000000000
27;58;80+;2024;103;0;17905,00000000000;0,000000000000000000;0,0000000000000
27;58;NA;2019;0;0;NA;NA;NA
27;58;NA;2020;0;0;NA;NA;NA
27;58;NA;2021;0;0;NA;NA;NA
27;58;NA;2022;0;0;NA;NA;NA
27;58;NA;2023;11;0;NA;0,000000000000000000;NA
27;58;NA;2024;0;0;NA;NA;NA
27;70;0-1;2019;8;0;4384,62215224493;0,000000000000000000;0,0000000000000
27;70;0-1;2020;3;0;4432,72238094642;0,000000000000000000;0,0000000000000
27;70;0-1;2021;9;0;4270,29826563432;0,000000000000000000;0,0000000000000
27;70;0-1;2022;5;0;4188,22524958800;0,000000000000000000;0,0000000000000
27;70;0-1;2023;11;0;4028,08303956971;0,000000000000000000;0,0000000000000
27;70;0-1;2024;22;0;3774,32961590367;0,000000000000000000;0,0000000000000
27;70;2-4;2019;12;0;7039,37784775507;0,000000000000000000;0,0000000000000
27;70;2-4;2020;5;0;7040,27761905359;0,000000000000000000;0,0000000000000
27;70;2-4;2021;9;0;6760,70173436568;0,000000000000000000;0,0000000000000
27;70;2-4;2022;8;0;6594,77475041200;0,000000000000000000;0,0000000000000
27;70;2-4;2023;14;0;6324,91696043029;0,000000000000000000;0,0000000000000
27;70;2-4;2024;7;0;6177,67038409633;0,000000000000000000;0,0000000000000
27;70;5-17;2019;38;0;37450,56997388936;0,000000000000000000;0,0000000000000
27;70;5-17;2020;15;0;37121,50183298211;0,000000000000000000;0,0000000000000
27;70;5-17;2021;23;0;36290,93021817176;0,000000000000000000;0,0000000000000
27;70;5-17;2022;24;0;35995,60651995577;0,000000000000000000;0,0000000000000
27;70;5-17;2023;29;0;35682,26708221356;0,000000000000000000;0,0000000000000
27;70;5-17;2024;16;0;35502,83395978165;0,000000000000000000;0,0000000000000
27;70;18-64;2019;123;5;132187,43002611064;0,040650406504065040;5373,4727652890506
27;70;18-64;2020;45;0;131360,49816701788;0,000000000000000000;0,0000000000000
27;70;18-64;2021;84;7;130961,06978182824;0,083333333333333329;10913,4224818190196
27;70;18-64;2022;84;5;130139,39348004422;0,059523809523809521;7746,3924690502508
27;70;18-64;2023;38;0;129455,73291778644;0,000000000000000000;0,0000000000000
27;70;18-64;2024;122;7;128540,16604021835;0,057377049180327870;7375,2554285371189
27;70;65-79;2019;36;0;38464,00000000000;0,000000000000000000;0,0000000000000
27;70;65-79;2020;19;0;39322,00000000000;0,000000000000000000;0,0000000000000
27;70;65-79;2021;30;0;40450,00000000000;0,000000000000000000;0,0000000000000
27;70;65-79;2022;29;0;41773,00000000000;0,000000000000000000;0,0000000000000
27;70;65-79;2023;25;0;42604,00000000000;0,000000000000000000;0,0000000000000
27;70;65-79;2024;50;0;43444,00000000000;0,000000000000000000;0,0000000000000
27;70;80+;2019;5;0;15787,00000000000;0,000000000000000000;0,0000000000000
27;70;80+;2020;2;0;15324,00000000000;0,000000000000000000;0,0000000000000
27;70;80+;2021;6;0;15563,00000000000;0,000000000000000000;0,0000000000000
27;70;80+;2022;6;0;15229,00000000000;0,000000000000000000;0,0000000000000
27;70;80+;2023;7;0;15198,00000000000;0,000000000000000000;0,0000000000000
27;70;80+;2024;8;0;15187,00000000000;0,000000000000000000;0,0000000000000
27;70;NA;2019;0;0;NA;NA;NA
27;70;NA;2020;0;0;NA;NA;NA
27;70;NA;2021;0;0;NA;NA;NA
27;70;NA;2022;0;0;NA;NA;NA
27;70;NA;2023;0;0;NA;NA;NA
27;70;NA;2024;0;0;NA;NA;NA
27;71;0-1;2019;315;0;9997,81358927068;0,000000000000000000;0,0000000000000
27;71;0-1;2020;262;7;9760,64372961294;0,026717557251908396;260,7805576614145
27;71;0-1;2021;243;8;9677,56199280140;0,032921810699588480;318,6028639605400
27;71;0-1;2022;431;0;9758,02494161173;0,000000000000000000;0,0000000000000
27;71;0-1;2023;334;0;9560,32613235845;0,000000000000000000;0,0000000000000
27;71;0-1;2024;511;19;9074,77482408992;0,037181996086105673;337,4182419916019
27;71;2-4;2019;294;5;16051,18641072932;0,017006802721088437;272,9793607266892
27;71;2-4;2020;250;5;15502,35627038706;0,020000000000000000;310,0471254077411
27;71;2-4;2021;271;0;15321,43800719860;0,000000000000000000;0,0000000000000
27;71;2-4;2022;324;9;15364,97505838827;0,027777777777777776;426,8048627330075
27;71;2-4;2023;250;0;15011,67386764155;0,000000000000000000;0,0000000000000
27;71;2-4;2024;280;6;14853,22517591008;0,021428571428571429;318,2833966266445
27;71;5-17;2019;990;22;82009,60738183782;0,022222222222222223;1822,4357195963960
27;71;5-17;2020;729;13;81519,44437868451;0,017832647462277092;1453,7075129257869
27;71;5-17;2021;786;37;80142,27750858929;0,047073791348600506;3772,6008496409718
27;71;5-17;2022;677;17;79200,59479843194;0,025110782865583457;1988,7889388084830
27;71;5-17;2023;807;31;78664,45389885294;0,038413878562577448;3021,8067792620091
27;71;5-17;2024;761;38;78374,43158777853;0,049934296977660969;3913,5721423595055
27;71;18-64;2019;3030;184;300974,39261816215;0,060726072607260727;18276,9928190567116
27;71;18-64;2020;2886;92;299139,55562131549;0,031878031878031877;9535,9802900765844
27;71;18-64;2021;3070;179;297359,72249141074;0,058306188925081430;17337,9121582939806
27;71;18-64;2022;2790;194;297004,40520156804;0,069534050179211465;20651,9192147326867
27;71;18-64;2023;2433;197;295367,54610114708;0,080969995889847921;23915,9089938043435
27;71;18-64;2024;2638;184;293340,56841222144;0,069749810462471570;20460,4490477061190
27;71;65-79;2019;580;25;96943,00000000000;0,043103448275862072;4178,5775862068967
27;71;65-79;2020;690;23;99364,00000000000;0,033333333333333333;3312,1333333333332
27;71;65-79;2021;924;6;101525,00000000000;0,006493506493506494;659,2532467532468
27;71;65-79;2022;1121;22;103615,00000000000;0,019625334522747548;2033,4790365744873
27;71;65-79;2023;683;13;105417,00000000000;0,019033674963396779;2006,4729136163983
27;71;65-79;2024;394;7;107286,00000000000;0,017766497461928935;1906,0964467005078
27;71;80+;2019;808;5;45517,00000000000;0,006188118811881188;281,6646039603961
27;71;80+;2020;555;0;45777,00000000000;0,000000000000000000;0,0000000000000
27;71;80+;2021;1204;0;45262,00000000000;0,000000000000000000;0,0000000000000
27;71;80+;2022;643;0;44193,00000000000;0,000000000000000000;0,0000000000000
27;71;80+;2023;1062;0;43767,00000000000;0,000000000000000000;0,0000000000000
27;71;80+;2024;749;5;43825,00000000000;0,006675567423230975;292,5567423230975
27;71;NA;2019;0;0;NA;NA;NA
27;71;NA;2020;0;0;NA;NA;NA
27;71;NA;2021;0;0;NA;NA;NA
27;71;NA;2022;1;0;NA;0,000000000000000000;NA
27;71;NA;2023;7;0;NA;0,000000000000000000;NA
27;71;NA;2024;4;0;NA;0,000000000000000000;NA
27;89;0-1;2019;20;0;6262,59450789396;0,000000000000000000;0,0000000000000
27;89;0-1;2020;9;0;6370,71030588560;0,000000000000000000;0,0000000000000
27;89;0-1;2021;19;0;6469,90253952918;0,000000000000000000;0,0000000000000
27;89;0-1;2022;16;0;6202,90802521750;0,000000000000000000;0,0000000000000
27;89;0-1;2023;21;0;6138,03129839194;0,000000000000000000;0,0000000000000
27;89;0-1;2024;12;0;5768,06462301837;0,000000000000000000;0,0000000000000
27;89;2-4;2019;19;0;10054,40549210605;0,000000000000000000;0,0000000000000
27;89;2-4;2020;11;0;10118,28969411440;0,000000000000000000;0,0000000000000
27;89;2-4;2021;10;0;10243,09746047082;0,000000000000000000;0,0000000000000
27;89;2-4;2022;19;0;9767,09197478250;0,000000000000000000;0,0000000000000
27;89;2-4;2023;23;0;9637,96870160806;0,000000000000000000;0,0000000000000
27;89;2-4;2024;21;0;9440,93537698163;0,000000000000000000;0,0000000000000
27;89;5-17;2019;63;0;52602,28580506968;0,000000000000000000;0,0000000000000
27;89;5-17;2020;46;0;51578,35551376724;0,000000000000000000;0,0000000000000
27;89;5-17;2021;33;0;51447,67918641716;0,000000000000000000;0,0000000000000
27;89;5-17;2022;67;0;51077,46804709361;0,000000000000000000;0,0000000000000
27;89;5-17;2023;68;0;50581,89623681251;0,000000000000000000;0,0000000000000
27;89;5-17;2024;40;0;50534,08102064877;0,000000000000000000;0,0000000000000
27;89;18-64;2019;214;10;184622,71419493033;0,046728971962616821;8627,2296352771173
27;89;18-64;2020;149;5;183177,64448623275;0,033557046979865772;6146,9008216856628
27;89;18-64;2021;84;0;182571,32081358283;0,000000000000000000;0,0000000000000
27;89;18-64;2022;147;0;182267,53195290640;0,000000000000000000;0,0000000000000
27;89;18-64;2023;168;12;181136,10376318748;0,071428571428571425;12938,2931259419620
27;89;18-64;2024;193;14;180055,91897935123;0,072538860103626937;13061,0511176731452
27;89;65-79;2019;55;0;56594,00000000000;0,000000000000000000;0,0000000000000
27;89;65-79;2020;49;0;57463,00000000000;0,000000000000000000;0,0000000000000
27;89;65-79;2021;48;0;58432,00000000000;0,000000000000000000;0,0000000000000
27;89;65-79;2022;46;0;60417,00000000000;0,000000000000000000;0,0000000000000
27;89;65-79;2023;50;0;61630,00000000000;0,000000000000000000;0,0000000000000
27;89;65-79;2024;62;0;62560,00000000000;0,000000000000000000;0,0000000000000
27;89;80+;2019;17;0;25571,00000000000;0,000000000000000000;0,0000000000000
27;89;80+;2020;7;0;25448,00000000000;0,000000000000000000;0,0000000000000
27;89;80+;2021;9;0;24221,00000000000;0,000000000000000000;0,0000000000000
27;89;80+;2022;13;0;24164,00000000000;0,000000000000000000;0,0000000000000
27;89;80+;2023;27;0;23566,00000000000;0,000000000000000000;0,0000000000000
27;89;80+;2024;19;0;23486,00000000000;0,000000000000000000;0,0000000000000
27;89;NA;2019;0;0;NA;NA;NA
27;89;NA;2020;0;0;NA;NA;NA
27;89;NA;2021;0;0;NA;NA;NA
27;89;NA;2022;0;0;NA;NA;NA
27;89;NA;2023;3;0;NA;0,000000000000000000;NA
27;89;NA;2024;0;0;NA;NA;NA
27;90;0-1;2019;7;0;2938,43375329020;0,000000000000000000;0,0000000000000
27;90;0-1;2020;6;0;2806,14160662545;0,000000000000000000;0,0000000000000
27;90;0-1;2021;6;0;2779,89410257638;0,000000000000000000;0,0000000000000
27;90;0-1;2022;2;0;2763,92570491220;0,000000000000000000;0,0000000000000
27;90;0-1;2023;6;0;2664,76777146846;0,000000000000000000;0,0000000000000
27;90;0-1;2024;10;0;2486,76439825968;0,000000000000000000;0,0000000000000
27;90;2-4;2019;3;0;4717,56624670980;0,000000000000000000;0,0000000000000
27;90;2-4;2020;4;0;4456,85839337455;0,000000000000000000;0,0000000000000
27;90;2-4;2021;4;0;4401,10589742362;0,000000000000000000;0,0000000000000
27;90;2-4;2022;7;0;4352,07429508780;0,000000000000000000;0,0000000000000
27;90;2-4;2023;7;0;4184,23222853154;0,000000000000000000;0,0000000000000
27;90;2-4;2024;4;0;4070,23560174032;0,000000000000000000;0,0000000000000
27;90;5-17;2019;14;0;22963,73848119173;0,000000000000000000;0,0000000000000
27;90;5-17;2020;12;0;22771,00170421839;0,000000000000000000;0,0000000000000
27;90;5-17;2021;11;0;22512,23097116150;0,000000000000000000;0,0000000000000
27;90;5-17;2022;16;0;22633,05342291193;0,000000000000000000;0,0000000000000
27;90;5-17;2023;21;0;22617,87049815914;0,000000000000000000;0,0000000000000
27;90;5-17;2024;12;0;22615,71482742181;0,000000000000000000;0,0000000000000
27;90;18-64;2019;80;11;82637,26151880827;0,137500000000000011;11362,6234588361385
27;90;18-64;2020;28;0;81422,99829578161;0,000000000000000000;0,0000000000000
27;90;18-64;2021;35;0;81285,76902883849;0,000000000000000000;0,0000000000000
27;90;18-64;2022;37;0;81358,94657708806;0,000000000000000000;0,0000000000000
27;90;18-64;2023;44;8;80928,12950184086;0,181818181818181823;14714,2053639710648
27;90;18-64;2024;78;6;80265,28517257819;0,076923076923076927;6174,2527055829387
27;90;65-79;2019;20;0;19544,00000000000;0,000000000000000000;0,0000000000000
27;90;65-79;2020;10;0;19912,00000000000;0,000000000000000000;0,0000000000000
27;90;65-79;2021;17;0;20133,00000000000;0,000000000000000000;0,0000000000000
27;90;65-79;2022;11;0;20766,00000000000;0,000000000000000000;0,0000000000000
27;90;65-79;2023;18;0;21085,00000000000;0,000000000000000000;0,0000000000000
27;90;65-79;2024;11;0;21510,00000000000;0,000000000000000000;0,0000000000000
27;90;80+;2019;2;0;8517,00000000000;0,000000000000000000;0,0000000000000
27;90;80+;2020;1;0;8751,00000000000;0,000000000000000000;0,0000000000000
27;90;80+;2021;3;0;8542,00000000000;0,000000000000000000;0,0000000000000
27;90;80+;2022;7;0;8208,00000000000;0,000000000000000000;0,0000000000000
27;90;80+;2023;6;0;8046,00000000000;0,000000000000000000;0,0000000000000
27;90;80+;2024;12;0;8039,00000000000;0,000000000000000000;0,0000000000000
27;90;NA;2019;0;0;NA;NA;NA
27;90;NA;2020;0;0;NA;NA;NA
27;90;NA;2021;0;0;NA;NA;NA
27;90;NA;2022;0;0;NA;NA;NA
27;90;NA;2023;2;0;NA;0,000000000000000000;NA
27;90;NA;2024;0;0;NA;NA;NA
28;14;0-1;2019;14;0;13019,91747816919;0,000000000000000000;0,0000000000000
28;14;0-1;2020;8;0;13505,25676161265;0,000000000000000000;0,0000000000000
28;14;0-1;2021;10;0;13247,95097874514;0,000000000000000000;0,0000000000000
28;14;0-1;2022;17;0;13154,67056969733;0,000000000000000000;0,0000000000000
28;14;0-1;2023;14;0;13062,38113469275;0,000000000000000000;0,0000000000000
28;14;0-1;2024;14;0;12492,98551823580;0,000000000000000000;0,0000000000000
28;14;2-4;2019;16;0;20903,08252183081;0,000000000000000000;0,0000000000000
28;14;2-4;2020;9;0;21449,74323838735;0,000000000000000000;0,0000000000000
28;14;2-4;2021;11;0;20974,04902125486;0,000000000000000000;0,0000000000000
28;14;2-4;2022;29;0;20713,32943030267;0,000000000000000000;0,0000000000000
28;14;2-4;2023;13;0;20510,61886530725;0,000000000000000000;0,0000000000000
28;14;2-4;2024;20;0;20448,01448176420;0,000000000000000000;0,0000000000000
28;14;5-17;2019;96;0;110534,98397757453;0,000000000000000000;0,0000000000000
28;14;5-17;2020;53;0;110420,96008399433;0,000000000000000000;0,0000000000000
28;14;5-17;2021;59;0;109957,16502910218;0,000000000000000000;0,0000000000000
28;14;5-17;2022;74;0;109495,16223691421;0,000000000000000000;0,0000000000000
28;14;5-17;2023;57;0;108822,63777996844;0,000000000000000000;0,0000000000000
28;14;5-17;2024;70;0;108247,64298359408;0,000000000000000000;0,0000000000000
28;14;18-64;2019;269;8;399296,01602242544;0,029739776951672861;11874,9744541985256
28;14;18-64;2020;140;0;397923,03991600568;0,000000000000000000;0,0000000000000
28;14;18-64;2021;198;7;398002,83497089782;0,035353535353535352;14070,8072969509321
28;14;18-64;2022;272;6;399220,83776308579;0,022058823529411766;8806,3420094798348
28;14;18-64;2023;236;10;399329,36222003156;0,042372881355932202;16920,7356872894707
28;14;18-64;2024;256;6;399963,35701640591;0,023437500000000000;9374,1411800720125
28;14;65-79;2019;53;0;105469,00000000000;0,000000000000000000;0,0000000000000
28;14;65-79;2020;31;0;108831,00000000000;0,000000000000000000;0,0000000000000
28;14;65-79;2021;60;0;112868,00000000000;0,000000000000000000;0,0000000000000
28;14;65-79;2022;85;0;116913,00000000000;0,000000000000000000;0,0000000000000
28;14;65-79;2023;85;0;120229,00000000000;0,000000000000000000;0,0000000000000
28;14;65-79;2024;67;0;122960,00000000000;0,000000000000000000;0,0000000000000
28;14;80+;2019;19;0;45682,00000000000;0,000000000000000000;0,0000000000000
28;14;80+;2020;13;0;45417,00000000000;0,000000000000000000;0,0000000000000
28;14;80+;2021;19;0;45583,00000000000;0,000000000000000000;0,0000000000000
28;14;80+;2022;14;0;45108,00000000000;0,000000000000000000;0,0000000000000
28;14;80+;2023;8;0;44594,00000000000;0,000000000000000000;0,0000000000000
28;14;80+;2024;18;0;45016,00000000000;0,000000000000000000;0,0000000000000
28;14;NA;2019;0;0;NA;NA;NA
28;14;NA;2020;0;0;NA;NA;NA
28;14;NA;2021;0;0;NA;NA;NA
28;14;NA;2022;0;0;NA;NA;NA
28;14;NA;2023;2;0;NA;0,000000000000000000;NA
28;14;NA;2024;0;0;NA;NA;NA
28;27;0-1;2019;20;0;13035,26979662943;0,000000000000000000;0,0000000000000
28;27;0-1;2020;8;0;13181,48605166468;0,000000000000000000;0,0000000000000
28;27;0-1;2021;20;0;13030,77780069955;0,000000000000000000;0,0000000000000
28;27;0-1;2022;34;0;12716,15565670607;0,000000000000000000;0,0000000000000
28;27;0-1;2023;12;0;12584,59827247005;0,000000000000000000;0,0000000000000
28;27;0-1;2024;22;0;11932,82827921955;0,000000000000000000;0,0000000000000
28;27;2-4;2019;25;0;20927,73020337057;0,000000000000000000;0,0000000000000
28;27;2-4;2020;18;0;20935,51394833532;0,000000000000000000;0,0000000000000
28;27;2-4;2021;10;0;20630,22219930045;0,000000000000000000;0,0000000000000
28;27;2-4;2022;23;0;20022,84434329393;0,000000000000000000;0,0000000000000
28;27;2-4;2023;18;0;19760,40172752995;0,000000000000000000;0,0000000000000
28;27;2-4;2024;22;0;19531,17172078045;0,000000000000000000;0,0000000000000
28;27;5-17;2019;95;0;105124,11828904838;0,000000000000000000;0,0000000000000
28;27;5-17;2020;66;0;104104,03538820954;0,000000000000000000;0,0000000000000
28;27;5-17;2021;75;0;103157,80199009264;0,000000000000000000;0,0000000000000
28;27;5-17;2022;80;0;103240,30758380970;0,000000000000000000;0,0000000000000
28;27;5-17;2023;92;0;102459,48023132226;0,000000000000000000;0,0000000000000
28;27;5-17;2024;91;0;102184,23235503913;0,000000000000000000;0,0000000000000
28;27;18-64;2019;208;0;343969,88171095162;0,000000000000000000;0,0000000000000
28;27;18-64;2020;152;0;343098,96461179049;0,000000000000000000;0,0000000000000
28;27;18-64;2021;175;6;341286,19800990733;0,034285714285714287;11701,2410746253954
28;27;18-64;2022;242;12;342293,69241619029;0,049586776859504134;16973,2409462573705
28;27;18-64;2023;224;8;341607,51976867771;0,035714285714285712;12200,2685631670611
28;27;18-64;2024;167;0;340680,76764496090;0,000000000000000000;0,0000000000000
28;27;65-79;2019;64;0;84022,00000000000;0,000000000000000000;0,0000000000000
28;27;65-79;2020;51;0;85985,00000000000;0,000000000000000000;0,0000000000000
28;27;65-79;2021;52;0;88567,00000000000;0,000000000000000000;0,0000000000000
28;27;65-79;2022;58;0;91157,00000000000;0,000000000000000000;0,0000000000000
28;27;65-79;2023;55;0;93382,00000000000;0,000000000000000000;0,0000000000000
28;27;65-79;2024;74;0;95355,00000000000;0,000000000000000000;0,0000000000000
28;27;80+;2019;14;0;32428,00000000000;0,000000000000000000;0,0000000000000
28;27;80+;2020;10;0;32363,00000000000;0,000000000000000000;0,0000000000000
28;27;80+;2021;22;0;32262,00000000000;0,000000000000000000;0,0000000000000
28;27;80+;2022;18;0;31875,00000000000;0,000000000000000000;0,0000000000000
28;27;80+;2023;12;0;31739,00000000000;0,000000000000000000;0,0000000000000
28;27;80+;2024;21;0;32169,00000000000;0,000000000000000000;0,0000000000000
28;27;NA;2019;0;0;NA;NA;NA
28;27;NA;2020;0;0;NA;NA;NA
28;27;NA;2021;0;0;NA;NA;NA
28;27;NA;2022;0;0;NA;NA;NA
28;27;NA;2023;4;0;NA;0,000000000000000000;NA
28;27;NA;2024;0;0;NA;NA;NA
28;50;0-1;2019;2;0;8796,49466975679;0,000000000000000000;0,0000000000000
28;50;0-1;2020;8;0;8981,73949183834;0,000000000000000000;0,0000000000000
28;50;0-1;2021;8;0;8926,94025977040;0,000000000000000000;0,0000000000000
28;50;0-1;2022;10;0;8897,69674650486;0,000000000000000000;0,0000000000000
28;50;0-1;2023;4;0;8875,94498036355;0,000000000000000000;0,0000000000000
28;50;0-1;2024;2;0;8547,61262894261;0,000000000000000000;0,0000000000000
28;50;2-4;2019;5;0;14122,50533024321;0,000000000000000000;0,0000000000000
28;50;2-4;2020;6;0;14265,26050816166;0,000000000000000000;0,0000000000000
28;50;2-4;2021;8;0;14133,05974022960;0,000000000000000000;0,0000000000000
28;50;2-4;2022;15;0;14010,30325349514;0,000000000000000000;0,0000000000000
28;50;2-4;2023;8;0;13937,05501963645;0,000000000000000000;0,0000000000000
28;50;2-4;2024;7;0;13990,38737105739;0,000000000000000000;0,0000000000000
28;50;5-17;2019;37;0;74544,67564799417;0,000000000000000000;0,0000000000000
28;50;5-17;2020;28;0;73772,52012166863;0,000000000000000000;0,0000000000000
28;50;5-17;2021;23;0;72913,14670403751;0,000000000000000000;0,0000000000000
28;50;5-17;2022;35;0;72286,08829566125;0,000000000000000000;0,0000000000000
28;50;5-17;2023;26;0;71686,14459207404;0,000000000000000000;0,0000000000000
28;50;5-17;2024;27;0;71223,63422810110;0,000000000000000000;0,0000000000000
28;50;18-64;2019;140;0;274058,32435200585;0,000000000000000000;0,0000000000000
28;50;18-64;2020;87;0;273622,47987833136;0,000000000000000000;0,0000000000000
28;50;18-64;2021;80;0;272880,85329596250;0,000000000000000000;0,0000000000000
28;50;18-64;2022;100;0;272146,91170433874;0,000000000000000000;0,0000000000000
28;50;18-64;2023;96;0;271051,85540792596;0,000000000000000000;0,0000000000000
28;50;18-64;2024;111;5;269960,36577189888;0,045045045045045043;12160,3768365720207
28;50;65-79;2019;40;0;82445,00000000000;0,000000000000000000;0,0000000000000
28;50;65-79;2020;20;0;84300,00000000000;0,000000000000000000;0,0000000000000
28;50;65-79;2021;31;0;87013,00000000000;0,000000000000000000;0,0000000000000
28;50;65-79;2022;32;0;90224,00000000000;0,000000000000000000;0,0000000000000
28;50;65-79;2023;27;0;92812,00000000000;0,000000000000000000;0,0000000000000
28;50;65-79;2024;30;0;94807,00000000000;0,000000000000000000;0,0000000000000
28;50;80+;2019;5;0;41078,00000000000;0,000000000000000000;0,0000000000000
28;50;80+;2020;1;0;40151,00000000000;0,000000000000000000;0,0000000000000
28;50;80+;2021;5;0;39641,00000000000;0,000000000000000000;0,0000000000000
28;50;80+;2022;8;0;39250,00000000000;0,000000000000000000;0,0000000000000
28;50;80+;2023;7;0;38078,00000000000;0,000000000000000000;0,0000000000000
28;50;80+;2024;7;0;37802,00000000000;0,000000000000000000;0,0000000000000
28;50;NA;2019;0;0;NA;NA;NA
28;50;NA;2020;0;0;NA;NA;NA
28;50;NA;2021;0;0;NA;NA;NA
28;50;NA;2022;0;0;NA;NA;NA
28;50;NA;2023;2;0;NA;0,000000000000000000;NA
28;50;NA;2024;0;0;NA;NA;NA
28;61;0-1;2019;3;0;4990,27111550145;0,000000000000000000;0,0000000000000
28;61;0-1;2020;2;0;4945,03737067316;0,000000000000000000;0,0000000000000
28;61;0-1;2021;2;0;4786,32651222035;0,000000000000000000;0,0000000000000
28;61;0-1;2022;3;0;4742,48634864782;0,000000000000000000;0,0000000000000
28;61;0-1;2023;1;0;4682,50549417768;0,000000000000000000;0,0000000000000
28;61;0-1;2024;9;0;4476,32761821855;0,000000000000000000;0,0000000000000
28;61;2-4;2019;5;0;8011,72888449855;0,000000000000000000;0,0000000000000
28;61;2-4;2020;8;0;7853,96262932684;0,000000000000000000;0,0000000000000
28;61;2-4;2021;5;0;7577,67348777965;0,000000000000000000;0,0000000000000
28;61;2-4;2022;6;0;7467,51365135218;0,000000000000000000;0,0000000000000
28;61;2-4;2023;4;0;7352,49450582232;0,000000000000000000;0,0000000000000
28;61;2-4;2024;5;0;7326,67238178145;0,000000000000000000;0,0000000000000
28;61;5-17;2019;30;0;42300,77746501012;0,000000000000000000;0,0000000000000
28;61;5-17;2020;18;0;41727,76804306317;0,000000000000000000;0,0000000000000
28;61;5-17;2021;19;0;41157,75178083414;0,000000000000000000;0,0000000000000
28;61;5-17;2022;33;0;40765,66545506425;0,000000000000000000;0,0000000000000
28;61;5-17;2023;22;0;40114,63145603972;0,000000000000000000;0,0000000000000
28;61;5-17;2024;12;0;39706,30221788575;0,000000000000000000;0,0000000000000
28;61;18-64;2019;79;0;152040,22253498988;0,000000000000000000;0,0000000000000
28;61;18-64;2020;40;0;150215,23195693683;0,000000000000000000;0,0000000000000
28;61;18-64;2021;68;0;148742,24821916586;0,000000000000000000;0,0000000000000
28;61;18-64;2022;44;0;147962,33454493576;0,000000000000000000;0,0000000000000
28;61;18-64;2023;42;0;146699,36854396027;0,000000000000000000;0,0000000000000
28;61;18-64;2024;77;0;145406,69778211426;0,000000000000000000;0,0000000000000
28;61;65-79;2019;25;0;48432,00000000000;0,000000000000000000;0,0000000000000
28;61;65-79;2020;23;0;49494,00000000000;0,000000000000000000;0,0000000000000
28;61;65-79;2021;27;0;50903,00000000000;0,000000000000000000;0,0000000000000
28;61;65-79;2022;23;0;52087,00000000000;0,000000000000000000;0,0000000000000
28;61;65-79;2023;20;0;53255,00000000000;0,000000000000000000;0,0000000000000
28;61;65-79;2024;35;0;54089,00000000000;0,000000000000000000;0,0000000000000
28;61;80+;2019;9;0;24167,00000000000;0,000000000000000000;0,0000000000000
28;61;80+;2020;6;0;24239,00000000000;0,000000000000000000;0,0000000000000
28;61;80+;2021;6;0;23806,00000000000;0,000000000000000000;0,0000000000000
28;61;80+;2022;9;0;23119,00000000000;0,000000000000000000;0,0000000000000
28;61;80+;2023;8;0;22638,00000000000;0,000000000000000000;0,0000000000000
28;61;80+;2024;4;0;22414,00000000000;0,000000000000000000;0,0000000000000
28;61;NA;2019;0;0;NA;NA;NA
28;61;NA;2020;0;0;NA;NA;NA
28;61;NA;2021;0;0;NA;NA;NA
28;61;NA;2022;0;0;NA;NA;NA
28;61;NA;2023;0;0;NA;NA;NA
28;61;NA;2024;0;0;NA;NA;NA
28;76;0-1;2019;52;0;26978,24542222064;0,000000000000000000;0,0000000000000
28;76;0-1;2020;22;0;26875,67345428516;0,000000000000000000;0,0000000000000
28;76;0-1;2021;25;0;26239,62986503719;0,000000000000000000;0,0000000000000
28;76;0-1;2022;36;0;26138,44073043438;0,000000000000000000;0,0000000000000
28;76;0-1;2023;36;0;25786,26789631241;0,000000000000000000;0,0000000000000
28;76;0-1;2024;38;0;24407,98888869856;0,000000000000000000;0,0000000000000
28;76;2-4;2019;44;0;43312,75457777937;0,000000000000000000;0,0000000000000
28;76;2-4;2020;29;0;42685,32654571484;0,000000000000000000;0,0000000000000
28;76;2-4;2021;31;0;41542,37013496281;0,000000000000000000;0,0000000000000
28;76;2-4;2022;50;0;41157,55926956562;0,000000000000000000;0,0000000000000
28;76;2-4;2023;34;0;40489,73210368759;0,000000000000000000;0,0000000000000
28;76;2-4;2024;56;0;39950,01111130144;0,000000000000000000;0,0000000000000
28;76;5-17;2019;176;0;204882,93624862615;0,000000000000000000;0,0000000000000
28;76;5-17;2020;111;0;203142,18237505120;0,000000000000000000;0,0000000000000
28;76;5-17;2021;137;0;203691,57438646790;0,000000000000000000;0,0000000000000
28;76;5-17;2022;152;0;203194,56989627343;0,000000000000000000;0,0000000000000
28;76;5-17;2023;131;0;202202,56031569434;0,000000000000000000;0,0000000000000
28;76;5-17;2024;158;0;201464,98959984921;0,000000000000000000;0,0000000000000
28;76;18-64;2019;399;0;728721,06375137379;0,000000000000000000;0,0000000000000
28;76;18-64;2020;385;21;724729,81762494880;0,054545454545454543;39530,7173249972038
28;76;18-64;2021;437;6;722792,42561353208;0,013729977116704805;9923,9234638013550
28;76;18-64;2022;571;15;723540,43010372657;0,026269702276707531;19007,1916839858131
28;76;18-64;2023;462;25;722078,43968430569;0,054112554112554112;39073,5086409256328
28;76;18-64;2024;394;12;720706,01040015079;0,030456852791878174;21950,4368649792123
28;76;65-79;2019;149;0;175726,00000000000;0,000000000000000000;0,0000000000000
28;76;65-79;2020;102;0;180753,00000000000;0,000000000000000000;0,0000000000000
28;76;65-79;2021;110;0;185536,00000000000;0,000000000000000000;0,0000000000000
28;76;65-79;2022;141;0;190776,00000000000;0,000000000000000000;0,0000000000000
28;76;65-79;2023;111;0;195341,00000000000;0,000000000000000000;0,0000000000000
28;76;65-79;2024;156;0;199173,00000000000;0,000000000000000000;0,0000000000000
28;76;80+;2019;32;0;76012,00000000000;0,000000000000000000;0,0000000000000
28;76;80+;2020;38;0;76553,00000000000;0,000000000000000000;0,0000000000000
28;76;80+;2021;42;0;76116,00000000000;0,000000000000000000;0,0000000000000
28;76;80+;2022;42;0;75398,00000000000;0,000000000000000000;0,0000000000000
28;76;80+;2023;40;0;74360,00000000000;0,000000000000000000;0,0000000000000
28;76;80+;2024;30;0;74610,00000000000;0,000000000000000000;0,0000000000000
28;76;NA;2019;0;0;NA;NA;NA
28;76;NA;2020;0;0;NA;NA;NA
28;76;NA;2021;0;0;NA;NA;NA
28;76;NA;2022;0;0;NA;NA;NA
28;76;NA;2023;1;0;NA;0,000000000000000000;NA
28;76;NA;2024;0;0;NA;NA;NA
32;02;0-1;2019;7;0;11078,61680887167;0,000000000000000000;0,0000000000000
32;02;0-1;2020;8;0;10903,11388392817;0,000000000000000000;0,0000000000000
32;02;0-1;2021;7;0;10920,59777658817;0,000000000000000000;0,0000000000000
32;02;0-1;2022;9;0;10715,45564180967;0,000000000000000000;0,0000000000000
32;02;0-1;2023;15;0;10443,91316827681;0,000000000000000000;0,0000000000000
32;02;0-1;2024;9;0;10006,60037335392;0,000000000000000000;0,0000000000000
32;02;2-4;2019;15;0;17786,38319112833;0,000000000000000000;0,0000000000000
32;02;2-4;2020;7;0;17316,88611607184;0,000000000000000000;0,0000000000000
32;02;2-4;2021;8;0;17289,40222341183;0,000000000000000000;0,0000000000000
32;02;2-4;2022;10;0;16872,54435819033;0,000000000000000000;0,0000000000000
32;02;2-4;2023;9;0;16399,08683172319;0,000000000000000000;0,0000000000000
32;02;2-4;2024;6;0;16378,39962664608;0,000000000000000000;0,0000000000000
32;02;5-17;2019;55;0;90977,99374417563;0,000000000000000000;0,0000000000000
32;02;5-17;2020;28;0;89482,87183908749;0,000000000000000000;0,0000000000000
32;02;5-17;2021;21;0;88848,45572685530;0,000000000000000000;0,0000000000000
32;02;5-17;2022;45;0;88044,16503840704;0,000000000000000000;0,0000000000000
32;02;5-17;2023;36;0;87215,77315956821;0,000000000000000000;0,0000000000000
32;02;5-17;2024;48;0;86260,72943346159;0,000000000000000000;0,0000000000000
32;02;18-64;2019;93;0;301930,00625582435;0,000000000000000000;0,0000000000000
32;02;18-64;2020;65;0;300026,12816091254;0,000000000000000000;0,0000000000000
32;02;18-64;2021;76;0;297974,54427314468;0,000000000000000000;0,0000000000000
32;02;18-64;2022;96;0;296239,83496159298;0,000000000000000000;0,0000000000000
32;02;18-64;2023;130;0;294595,22684043180;0,000000000000000000;0,0000000000000
32;02;18-64;2024;127;8;292392,27056653844;0,062992125984251968;18418,4107443488792
32;02;65-79;2019;39;0;77137,00000000000;0,000000000000000000;0,0000000000000
32;02;65-79;2020;24;0;79140,00000000000;0,000000000000000000;0,0000000000000
32;02;65-79;2021;48;0;81180,00000000000;0,000000000000000000;0,0000000000000
32;02;65-79;2022;56;0;83392,00000000000;0,000000000000000000;0,0000000000000
32;02;65-79;2023;54;0;84955,00000000000;0,000000000000000000;0,0000000000000
32;02;65-79;2024;54;0;86718,00000000000;0,000000000000000000;0,0000000000000
32;02;80+;2019;16;0;32435,00000000000;0,000000000000000000;0,0000000000000
32;02;80+;2020;9;0;32505,00000000000;0,000000000000000000;0,0000000000000
32;02;80+;2021;10;0;31255,00000000000;0,000000000000000000;0,0000000000000
32;02;80+;2022;15;0;30294,00000000000;0,000000000000000000;0,0000000000000
32;02;80+;2023;8;0;29619,00000000000;0,000000000000000000;0,0000000000000
32;02;80+;2024;9;0;29396,00000000000;0,000000000000000000;0,0000000000000
32;02;NA;2019;0;0;NA;NA;NA
32;02;NA;2020;0;0;NA;NA;NA
32;02;NA;2021;0;0;NA;NA;NA
32;02;NA;2022;0;0;NA;NA;NA
32;02;NA;2023;0;0;NA;NA;NA
32;02;NA;2024;0;0;NA;NA;NA
32;59;0-1;2019;118;0;60868,87223116494;0,000000000000000000;0,0000000000000
32;59;0-1;2020;55;0;59431,24333690581;0,000000000000000000;0,0000000000000
32;59;0-1;2021;92;0;57812,19680807079;0,000000000000000000;0,0000000000000
32;59;0-1;2022;72;0;56530,35959387797;0,000000000000000000;0,0000000000000
32;59;0-1;2023;63;0;55240,72538955935;0,000000000000000000;0,0000000000000
32;59;0-1;2024;81;0;52518,24925151806;0,000000000000000000;0,0000000000000
32;59;2-4;2019;103;0;97723,12776883507;0,000000000000000000;0,0000000000000
32;59;2-4;2020;76;0;94391,75666309419;0,000000000000000000;0,0000000000000
32;59;2-4;2021;86;0;91527,80319192921;0,000000000000000000;0,0000000000000
32;59;2-4;2022;100;0;89012,64040612204;0,000000000000000000;0,0000000000000
32;59;2-4;2023;71;0;86739,27461044065;0,000000000000000000;0,0000000000000
32;59;2-4;2024;66;0;85959,75074848194;0,000000000000000000;0,0000000000000
32;59;5-17;2019;311;0;454209,55978637433;0,000000000000000000;0,0000000000000
32;59;5-17;2020;265;0;454482,81817141554;0,000000000000000000;0,0000000000000
32;59;5-17;2021;323;0;455280,05946967122;0,000000000000000000;0,0000000000000
32;59;5-17;2022;356;0;452881,61468773405;0,000000000000000000;0,0000000000000
32;59;5-17;2023;345;0;449142,29337093589;0,000000000000000000;0,0000000000000
32;59;5-17;2024;313;0;444314,74185894383;0,000000000000000000;0,0000000000000
32;59;18-64;2019;887;15;1548832,44021362578;0,016910935738444193;26192,2058660703333
32;59;18-64;2020;644;24;1542811,18182858452;0,037267080745341616;57496,0688880217858
32;59;18-64;2021;737;13;1542177,94053032878;0,017639077340569877;27202,5959659352411
32;59;18-64;2022;941;23;1544972,38531226595;0,024442082890541977;37762,3431054007597
32;59;18-64;2023;778;21;1544016,70662906417;0,026992287917737789;41676,5434951289790
32;59;18-64;2024;723;34;1543511,25814105617;0,047026279391424619;72585,5916691506281
32;59;65-79;2019;228;0;316624,00000000000;0,000000000000000000;0,0000000000000
32;59;65-79;2020;148;0;325287,00000000000;0,000000000000000000;0,0000000000000
32;59;65-79;2021;205;0;334686,00000000000;0,000000000000000000;0,0000000000000
32;59;65-79;2022;236;0;347510,00000000000;0,000000000000000000;0,0000000000000
32;59;65-79;2023;217;0;356912,00000000000;0,000000000000000000;0,0000000000000
32;59;65-79;2024;266;0;365369,00000000000;0,000000000000000000;0,0000000000000
32;59;80+;2019;56;0;130088,00000000000;0,000000000000000000;0,0000000000000
32;59;80+;2020;41;0;131342,00000000000;0,000000000000000000;0,0000000000000
32;59;80+;2021;55;0;129809,00000000000;0,000000000000000000;0,0000000000000
32;59;80+;2022;49;0;126002,00000000000;0,000000000000000000;0,0000000000000
32;59;80+;2023;62;0;124288,00000000000;0,000000000000000000;0,0000000000000
32;59;80+;2024;67;0;124494,00000000000;0,000000000000000000;0,0000000000000
32;59;NA;2019;0;0;NA;NA;NA
32;59;NA;2020;0;0;NA;NA;NA
32;59;NA;2021;0;0;NA;NA;NA
32;59;NA;2022;0;0;NA;NA;NA
32;59;NA;2023;6;0;NA;0,000000000000000000;NA
32;59;NA;2024;1;0;NA;0,000000000000000000;NA
32;60;0-1;2019;25;0;19379,23159236267;0,000000000000000000;0,0000000000000
32;60;0-1;2020;15;0;19487,67403229811;0,000000000000000000;0,0000000000000
32;60;0-1;2021;21;0;19138,72504348608;0,000000000000000000;0,0000000000000
32;60;0-1;2022;26;0;18928,38552241231;0,000000000000000000;0,0000000000000
32;60;0-1;2023;31;0;18439,38370465831;0,000000000000000000;0,0000000000000
32;60;0-1;2024;29;0;17502,92263902432;0,000000000000000000;0,0000000000000
32;60;2-4;2019;47;0;31112,76840763733;0,000000000000000000;0,0000000000000
32;60;2-4;2020;24;0;30951,32596770189;0,000000000000000000;0,0000000000000
32;60;2-4;2021;45;0;30300,27495651392;0,000000000000000000;0,0000000000000
32;60;2-4;2022;46;0;29804,61447758769;0,000000000000000000;0,0000000000000
32;60;2-4;2023;21;0;28953,61629534169;0,000000000000000000;0,0000000000000
32;60;2-4;2024;40;0;28648,07736097568;0,000000000000000000;0,0000000000000
32;60;5-17;2019;135;0;147074,49226997874;0,000000000000000000;0,0000000000000
32;60;5-17;2020;95;0;146974,20666041254;0,000000000000000000;0,0000000000000
32;60;5-17;2021;101;0;146322,05308877188;0,000000000000000000;0,0000000000000
32;60;5-17;2022;103;0;146670,72903014522;0,000000000000000000;0,0000000000000
32;60;5-17;2023;110;0;146332,75960246893;0,000000000000000000;0,0000000000000
32;60;5-17;2024;118;0;145907,23818341078;0,000000000000000000;0,0000000000000
32;60;18-64;2019;295;0;489547,50773002126;0,000000000000000000;0,0000000000000
32;60;18-64;2020;244;0;487521,79333958746;0,000000000000000000;0,0000000000000
32;60;18-64;2021;228;0;485673,94691122812;0,000000000000000000;0,0000000000000
32;60;18-64;2022;322;7;485580,27096985478;0,021739130434782608;10556,0928471707557
32;60;18-64;2023;227;0;484888,24039753107;0,000000000000000000;0,0000000000000
32;60;18-64;2024;236;0;483607,76181658922;0,000000000000000000;0,0000000000000
32;60;65-79;2019;91;0;103455,00000000000;0,000000000000000000;0,0000000000000
32;60;65-79;2020;69;0;105882,00000000000;0,000000000000000000;0,0000000000000
32;60;65-79;2021;78;0;108712,00000000000;0,000000000000000000;0,0000000000000
32;60;65-79;2022;98;0;111727,00000000000;0,000000000000000000;0,0000000000000
32;60;65-79;2023;82;0;114001,00000000000;0,000000000000000000;0,0000000000000
32;60;65-79;2024;98;0;116128,00000000000;0,000000000000000000;0,0000000000000
32;60;80+;2019;26;0;38850,00000000000;0,000000000000000000;0,0000000000000
32;60;80+;2020;14;0;38882,00000000000;0,000000000000000000;0,0000000000000
32;60;80+;2021;6;0;38691,00000000000;0,000000000000000000;0,0000000000000
32;60;80+;2022;31;0;38014,00000000000;0,000000000000000000;0,0000000000000
32;60;80+;2023;21;0;37894,00000000000;0,000000000000000000;0,0000000000000
32;60;80+;2024;18;0;38237,00000000000;0,000000000000000000;0,0000000000000
32;60;NA;2019;0;0;NA;NA;NA
32;60;NA;2020;0;0;NA;NA;NA
32;60;NA;2021;0;0;NA;NA;NA
32;60;NA;2022;0;0;NA;NA;NA
32;60;NA;2023;3;0;NA;0,000000000000000000;NA
32;60;NA;2024;0;0;NA;NA;NA
32;62;0-1;2019;32;0;31834,56755915648;0,000000000000000000;0,0000000000000
32;62;0-1;2020;15;0;31386,82716472971;0,000000000000000000;0,0000000000000
32;62;0-1;2021;19;0;30744,52161711647;0,000000000000000000;0,0000000000000
32;62;0-1;2022;41;0;30348,41694116278;0,000000000000000000;0,0000000000000
32;62;0-1;2023;17;0;29513,59674003672;0,000000000000000000;0,0000000000000
32;62;0-1;2024;37;0;28049,20056899309;0,000000000000000000;0,0000000000000
32;62;2-4;2019;27;0;51109,43244084352;0,000000000000000000;0,0000000000000
32;62;2-4;2020;21;0;49850,17283527029;0,000000000000000000;0,0000000000000
32;62;2-4;2021;30;0;48674,47838288354;0,000000000000000000;0,0000000000000
32;62;2-4;2022;47;0;47786,58305883722;0,000000000000000000;0,0000000000000
32;62;2-4;2023;36;0;46342,40325996328;0,000000000000000000;0,0000000000000
32;62;2-4;2024;35;0;45909,79943100691;0,000000000000000000;0,0000000000000
32;62;5-17;2019;168;0;254332,34146426659;0,000000000000000000;0,0000000000000
32;62;5-17;2020;121;0;252594,26235315265;0,000000000000000000;0,0000000000000
32;62;5-17;2021;143;0;251073,25977130828;0,000000000000000000;0,0000000000000
32;62;5-17;2022;189;0;249144,69800944856;0,000000000000000000;0,0000000000000
32;62;5-17;2023;132;0;246990,03712505579;0,000000000000000000;0,0000000000000
32;62;5-17;2024;147;0;244824,70588343995;0,000000000000000000;0,0000000000000
32;62;18-64;2019;347;13;849938,65853573335;0,037463976945244955;31842,0823082551397
32;62;18-64;2020;373;0;844687,73764684738;0,000000000000000000;0,0000000000000
32;62;18-64;2021;330;0;842204,74022869172;0,000000000000000000;0,0000000000000
32;62;18-64;2022;358;6;839844,30199055141;0,016759776536312849;14075,6028266572866
32;62;18-64;2023;354;0;836143,96287494421;0,000000000000000000;0,0000000000000
32;62;18-64;2024;300;0;831632,29411656002;0,000000000000000000;0,0000000000000
32;62;65-79;2019;102;0;197149,00000000000;0,000000000000000000;0,0000000000000
32;62;65-79;2020;59;0;202502,00000000000;0,000000000000000000;0,0000000000000
32;62;65-79;2021;94;0;209163,00000000000;0,000000000000000000;0,0000000000000
32;62;65-79;2022;102;0;217137,00000000000;0,000000000000000000;0,0000000000000
32;62;65-79;2023;125;0;223652,00000000000;0,000000000000000000;0,0000000000000
32;62;65-79;2024;125;0;229439,00000000000;0,000000000000000000;0,0000000000000
32;62;80+;2019;28;0;80914,00000000000;0,000000000000000000;0,0000000000000
32;62;80+;2020;12;0;81146,00000000000;0,000000000000000000;0,0000000000000
32;62;80+;2021;23;0;79581,00000000000;0,000000000000000000;0,0000000000000
32;62;80+;2022;20;0;75923,00000000000;0,000000000000000000;0,0000000000000
32;62;80+;2023;22;0;74031,00000000000;0,000000000000000000;0,0000000000000
32;62;80+;2024;21;0;73677,00000000000;0,000000000000000000;0,0000000000000
32;62;NA;2019;0;0;NA;NA;NA
32;62;NA;2020;0;0;NA;NA;NA
32;62;NA;2021;0;0;NA;NA;NA
32;62;NA;2022;0;0;NA;NA;NA
32;62;NA;2023;4;0;NA;0,000000000000000000;NA
32;62;NA;2024;0;0;NA;NA;NA
32;80;0-1;2019;10;0;11305,06350616023;0,000000000000000000;0,0000000000000
32;80;0-1;2020;7;0;11160,43046247870;0,000000000000000000;0,0000000000000
32;80;0-1;2021;10;0;11024,73250902001;0,000000000000000000;0,0000000000000
32;80;0-1;2022;17;0;10925,58546282675;0,000000000000000000;0,0000000000000
32;80;0-1;2023;7;0;10718,21033266362;0,000000000000000000;0,0000000000000
32;80;0-1;2024;8;0;10163,23201838690;0,000000000000000000;0,0000000000000
32;80;2-4;2019;15;0;18149,93649383977;0,000000000000000000;0,0000000000000
32;80;2-4;2020;4;0;17725,56953752130;0,000000000000000000;0,0000000000000
32;80;2-4;2021;8;0;17454,26749097999;0,000000000000000000;0,0000000000000
32;80;2-4;2022;24;0;17203,41453717325;0,000000000000000000;0,0000000000000
32;80;2-4;2023;10;0;16829,78966733638;0,000000000000000000;0,0000000000000
32;80;2-4;2024;14;0;16634,76798161310;0,000000000000000000;0,0000000000000
32;80;5-17;2019;70;0;92815,04336037545;0,000000000000000000;0,0000000000000
32;80;5-17;2020;35;0;92605,22438318687;0,000000000000000000;0,0000000000000
32;80;5-17;2021;78;0;91216,31378875331;0,000000000000000000;0,0000000000000
32;80;5-17;2022;40;0;90347,81271825866;0,000000000000000000;0,0000000000000
32;80;5-17;2023;45;0;89239,61379591821;0,000000000000000000;0,0000000000000
32;80;5-17;2024;53;0;88043,85198449217;0,000000000000000000;0,0000000000000
32;80;18-64;2019;91;0;333678,95663962455;0,000000000000000000;0,0000000000000
32;80;18-64;2020;141;5;330679,77561681310;0,035460992907801421;11726,2331779011747
32;80;18-64;2021;71;0;328921,68621124671;0,000000000000000000;0,0000000000000
32;80;18-64;2022;83;0;327840,18728174135;0,000000000000000000;0,0000000000000
32;80;18-64;2023;198;6;325893,38620408182;0,030303030303030304;9875,5571576994498
32;80;18-64;2024;108;0;324312,14801550785;0,000000000000000000;0,0000000000000
32;80;65-79;2019;43;0;80778,00000000000;0,000000000000000000;0,0000000000000
32;80;65-79;2020;25;0;83022,00000000000;0,000000000000000000;0,0000000000000
32;80;65-79;2021;39;0;84799,00000000000;0,000000000000000000;0,0000000000000
32;80;65-79;2022;35;0;87621,00000000000;0,000000000000000000;0,0000000000000
32;80;65-79;2023;40;0;89705,00000000000;0,000000000000000000;0,0000000000000
32;80;65-79;2024;43;0;91359,00000000000;0,000000000000000000;0,0000000000000
32;80;80+;2019;14;0;33832,00000000000;0,000000000000000000;0,0000000000000
32;80;80+;2020;9;0;33555,00000000000;0,000000000000000000;0,0000000000000
32;80;80+;2021;12;0;32836,00000000000;0,000000000000000000;0,0000000000000
32;80;80+;2022;10;0;31602,00000000000;0,000000000000000000;0,0000000000000
32;80;80+;2023;6;0;31157,00000000000;0,000000000000000000;0,0000000000000
32;80;80+;2024;15;0;31143,00000000000;0,000000000000000000;0,0000000000000
32;80;NA;2019;0;0;NA;NA;NA
32;80;NA;2020;0;0;NA;NA;NA
32;80;NA;2021;0;0;NA;NA;NA
32;80;NA;2022;0;0;NA;NA;NA
32;80;NA;2023;0;0;NA;NA;NA
32;80;NA;2024;0;0;NA;NA;NA
44;08;0-1;2019;9;0;5318,42692258911;0,000000000000000000;0,0000000000000
44;08;0-1;2020;3;0;5393,60275760585;0,000000000000000000;0,0000000000000
44;08;0-1;2021;7;0;5261,32025457674;0,000000000000000000;0,0000000000000
44;08;0-1;2022;8;0;5143,32548966376;0,000000000000000000;0,0000000000000
44;08;0-1;2023;2;0;5080,52818803258;0,000000000000000000;0,0000000000000
44;08;0-1;2024;8;0;4831,68803322073;0,000000000000000000;0,0000000000000
44;08;2-4;2019;8;0;8538,57307741089;0,000000000000000000;0,0000000000000
44;08;2-4;2020;7;0;8566,39724239415;0,000000000000000000;0,0000000000000
44;08;2-4;2021;2;0;8329,67974542326;0,000000000000000000;0,0000000000000
44;08;2-4;2022;1;0;8098,67451033624;0,000000000000000000;0,0000000000000
44;08;2-4;2023;8;0;7977,47181196742;0,000000000000000000;0,0000000000000
44;08;2-4;2024;7;0;7908,31196677927;0,000000000000000000;0,0000000000000
44;08;5-17;2019;31;0;43247,32841244079;0,000000000000000000;0,0000000000000
44;08;5-17;2020;16;0;42762,10772275687;0,000000000000000000;0,0000000000000
44;08;5-17;2021;41;0;42241,69010089576;0,000000000000000000;0,0000000000000
44;08;5-17;2022;22;0;42241,97388515825;0,000000000000000000;0,0000000000000
44;08;5-17;2023;35;0;41681,37369367945;0,000000000000000000;0,0000000000000
44;08;5-17;2024;24;0;41275,07467855256;0,000000000000000000;0,0000000000000
44;08;18-64;2019;80;8;155123,67158755922;0,100000000000000006;15512,3671587559220
44;08;18-64;2020;46;0;153632,89227724311;0,000000000000000000;0,0000000000000
44;08;18-64;2021;58;0;152330,30989910424;0,000000000000000000;0,0000000000000
44;08;18-64;2022;124;0;150900,02611484175;0,000000000000000000;0,0000000000000
44;08;18-64;2023;49;0;149655,62630632054;0,000000000000000000;0,0000000000000
44;08;18-64;2024;43;0;148316,92532144743;0,000000000000000000;0,0000000000000
44;08;65-79;2019;16;0;40549,00000000000;0,000000000000000000;0,0000000000000
44;08;65-79;2020;10;0;41708,00000000000;0,000000000000000000;0,0000000000000
44;08;65-79;2021;22;0;43211,00000000000;0,000000000000000000;0,0000000000000
44;08;65-79;2022;25;0;44210,00000000000;0,000000000000000000;0,0000000000000
44;08;65-79;2023;18;0;45239,00000000000;0,000000000000000000;0,0000000000000
44;08;65-79;2024;37;0;46067,00000000000;0,000000000000000000;0,0000000000000
44;08;80+;2019;8;0;17805,00000000000;0,000000000000000000;0,0000000000000
44;08;80+;2020;7;0;17638,00000000000;0,000000000000000000;0,0000000000000
44;08;80+;2021;7;0;17485,00000000000;0,000000000000000000;0,0000000000000
44;08;80+;2022;8;0;16610,00000000000;0,000000000000000000;0,0000000000000
44;08;80+;2023;4;0;16231,00000000000;0,000000000000000000;0,0000000000000
44;08;80+;2024;5;0;16157,00000000000;0,000000000000000000;0,0000000000000
44;08;NA;2019;0;0;NA;NA;NA
44;08;NA;2020;0;0;NA;NA;NA
44;08;NA;2021;0;0;NA;NA;NA
44;08;NA;2022;0;0;NA;NA;NA
44;08;NA;2023;0;0;NA;NA;NA
44;08;NA;2024;0;0;NA;NA;NA
44;10;0-1;2019;8;0;6469,46699914571;0,000000000000000000;0,0000000000000
44;10;0-1;2020;3;0;6410,50551247825;0,000000000000000000;0,0000000000000
44;10;0-1;2021;6;0;6368,47763284835;0,000000000000000000;0,0000000000000
44;10;0-1;2022;18;0;6161,73656305889;0,000000000000000000;0,0000000000000
44;10;0-1;2023;6;0;6106,51630503686;0,000000000000000000;0,0000000000000
44;10;0-1;2024;5;0;5863,63647422494;0,000000000000000000;0,0000000000000
44;10;2-4;2019;12;0;10386,53300085429;0,000000000000000000;0,0000000000000
44;10;2-4;2020;11;0;10181,49448752175;0,000000000000000000;0,0000000000000
44;10;2-4;2021;5;0;10082,52236715165;0,000000000000000000;0,0000000000000
44;10;2-4;2022;8;0;9702,26343694111;0,000000000000000000;0,0000000000000
44;10;2-4;2023;7;0;9588,48369496314;0,000000000000000000;0,0000000000000
44;10;2-4;2024;6;0;9597,36352577506;0,000000000000000000;0,0000000000000
44;10;5-17;2019;36;0;51190,52623227115;0,000000000000000000;0,0000000000000
44;10;5-17;2020;12;0;51678,43355555151;0,000000000000000000;0,0000000000000
44;10;5-17;2021;34;0;51290,01748286717;0,000000000000000000;0,0000000000000
44;10;5-17;2022;31;0;51019,82924836336;0,000000000000000000;0,0000000000000
44;10;5-17;2023;30;0;50828,96418660884;0,000000000000000000;0,0000000000000
44;10;5-17;2024;20;0;50566,29537315253;0,000000000000000000;0,0000000000000
44;10;18-64;2019;99;6;175145,47376772884;0,060606060606060608;10614,8771980441725
44;10;18-64;2020;72;6;174699,56644444849;0,083333333333333329;14558,2972037040399
44;10;18-64;2021;82;0;174423,98251713283;0,000000000000000000;0,0000000000000
44;10;18-64;2022;118;6;174196,17075163664;0,050847457627118647;8857,4324111001697
44;10;18-64;2023;149;10;173922,03581339115;0,067114093959731544;11672,6198532477283
44;10;18-64;2024;130;10;173604,70462684747;0,076923076923076927;13354,2080482190358
44;10;65-79;2019;48;0;46562,00000000000;0,000000000000000000;0,0000000000000
44;10;65-79;2020;30;0;47448,00000000000;0,000000000000000000;0,0000000000000
44;10;65-79;2021;38;0;48567,00000000000;0,000000000000000000;0,0000000000000
44;10;65-79;2022;26;0;49910,00000000000;0,000000000000000000;0,0000000000000
44;10;65-79;2023;54;0;50701,00000000000;0,000000000000000000;0,0000000000000
44;10;65-79;2024;40;0;51585,00000000000;0,000000000000000000;0,0000000000000
44;10;80+;2019;11;0;20488,00000000000;0,000000000000000000;0,0000000000000
44;10;80+;2020;6;0;21017,00000000000;0,000000000000000000;0,0000000000000
44;10;80+;2021;5;0;20597,00000000000;0,000000000000000000;0,0000000000000
44;10;80+;2022;12;0;20086,00000000000;0,000000000000000000;0,0000000000000
44;10;80+;2023;8;0;20023,00000000000;0,000000000000000000;0,0000000000000
44;10;80+;2024;9;0;19970,00000000000;0,000000000000000000;0,0000000000000
44;10;NA;2019;0;0;NA;NA;NA
44;10;NA;2020;0;0;NA;NA;NA
44;10;NA;2021;0;0;NA;NA;NA
44;10;NA;2022;0;0;NA;NA;NA
44;10;NA;2023;1;0;NA;0,000000000000000000;NA
44;10;NA;2024;0;0;NA;NA;NA
44;51;0-1;2019;11;0;11849,68700353729;0,000000000000000000;0,0000000000000
44;51;0-1;2020;18;0;11706,74524036227;0,000000000000000000;0,0000000000000
44;51;0-1;2021;11;0;11209,77489601785;0,000000000000000000;0,0000000000000
44;51;0-1;2022;17;0;10987,34265606467;0,000000000000000000;0,0000000000000
44;51;0-1;2023;12;0;10819,36957059351;0,000000000000000000;0,0000000000000
44;51;0-1;2024;11;0;10153,75068394181;0,000000000000000000;0,0000000000000
44;51;2-4;2019;15;0;19024,31299646271;0,000000000000000000;0,0000000000000
44;51;2-4;2020;12;0;18593,25475963773;0,000000000000000000;0,0000000000000
44;51;2-4;2021;24;0;17747,22510398215;0,000000000000000000;0,0000000000000
44;51;2-4;2022;10;0;17300,65734393533;0,000000000000000000;0,0000000000000
44;51;2-4;2023;17;0;16988,63042940649;0,000000000000000000;0,0000000000000
44;51;2-4;2024;25;0;16619,24931605819;0,000000000000000000;0,0000000000000
44;51;5-17;2019;90;0;91206,39313288980;0,000000000000000000;0,0000000000000
44;51;5-17;2020;44;0;91332,10389773893;0,000000000000000000;0,0000000000000
44;51;5-17;2021;34;0;90764,28609850252;0,000000000000000000;0,0000000000000
44;51;5-17;2022;56;0;89856,47687633550;0,000000000000000000;0,0000000000000
44;51;5-17;2023;57;0;88795,09358778186;0,000000000000000000;0,0000000000000
44;51;5-17;2024;66;0;87866,59026584323;0,000000000000000000;0,0000000000000
44;51;18-64;2019;299;8;333790,60686711018;0,026755852842809364;8930,8523576484331
44;51;18-64;2020;237;12;332060,89610226109;0,050632911392405063;16813,2099292284111
44;51;18-64;2021;270;16;330065,71390149748;0,059259259259259262;19559,4497126813330
44;51;18-64;2022;180;6;328379,52312366449;0,033333333333333333;10945,9841041221498
44;51;18-64;2023;254;8;326731,90641221812;0,031496062992125984;10290,7687058966330
44;51;18-64;2024;282;15;324962,40973415680;0,053191489361702128;17285,2345603274880
44;51;65-79;2019;88;0;78274,00000000000;0,000000000000000000;0,0000000000000
44;51;65-79;2020;44;0;80265,00000000000;0,000000000000000000;0,0000000000000
44;51;65-79;2021;85;0;82651,00000000000;0,000000000000000000;0,0000000000000
44;51;65-79;2022;105;0;85199,00000000000;0,000000000000000000;0,0000000000000
44;51;65-79;2023;66;0;86850,00000000000;0,000000000000000000;0,0000000000000
44;51;65-79;2024;62;0;88550,00000000000;0,000000000000000000;0,0000000000000
44;51;80+;2019;15;0;32710,00000000000;0,000000000000000000;0,0000000000000
44;51;80+;2020;13;0;32701,00000000000;0,000000000000000000;0,0000000000000
44;51;80+;2021;19;0;32854,00000000000;0,000000000000000000;0,0000000000000
44;51;80+;2022;33;0;32384,00000000000;0,000000000000000000;0,0000000000000
44;51;80+;2023;26;0;32202,00000000000;0,000000000000000000;0,0000000000000
44;51;80+;2024;25;0;32398,00000000000;0,000000000000000000;0,0000000000000
44;51;NA;2019;0;0;NA;NA;NA
44;51;NA;2020;0;0;NA;NA;NA
44;51;NA;2021;0;0;NA;NA;NA
44;51;NA;2022;0;0;NA;NA;NA
44;51;NA;2023;1;0;NA;0,000000000000000000;NA
44;51;NA;2024;0;0;NA;NA;NA
44;52;0-1;2019;2;0;3106,54164042984;0,000000000000000000;0,0000000000000
44;52;0-1;2020;1;0;2994,29952517517;0,000000000000000000;0,0000000000000
44;52;0-1;2021;2;0;2959,90395603662;0,000000000000000000;0,0000000000000
44;52;0-1;2022;4;0;2939,48703411685;0,000000000000000000;0,0000000000000
44;52;0-1;2023;2;0;2855,02495357506;0,000000000000000000;0,0000000000000
44;52;0-1;2024;4;0;2731,76208032095;0,000000000000000000;0,0000000000000
44;52;2-4;2019;9;0;4987,45835957016;0,000000000000000000;0,0000000000000
44;52;2-4;2020;3;0;4755,70047482483;0,000000000000000000;0,0000000000000
44;52;2-4;2021;7;0;4686,09604396338;0,000000000000000000;0,0000000000000
44;52;2-4;2022;2;0;4628,51296588315;0,000000000000000000;0,0000000000000
44;52;2-4;2023;6;0;4482,97504642494;0,000000000000000000;0,0000000000000
44;52;2-4;2024;6;0;4471,23791967905;0,000000000000000000;0,0000000000000
44;52;5-17;2019;24;0;24758,88332973631;0,000000000000000000;0,0000000000000
44;52;5-17;2020;19;0;24649,24202967524;0,000000000000000000;0,0000000000000
44;52;5-17;2021;11;0;24689,17117764527;0,000000000000000000;0,0000000000000
44;52;5-17;2022;20;0;24096,34882800974;0,000000000000000000;0,0000000000000
44;52;5-17;2023;4;0;23778,34559989580;0,000000000000000000;0,0000000000000
44;52;5-17;2024;11;0;23571,34373348413;0,000000000000000000;0,0000000000000
44;52;18-64;2019;43;0;96801,11667026368;0,000000000000000000;0,0000000000000
44;52;18-64;2020;62;0;95674,75797032476;0,000000000000000000;0,0000000000000
44;52;18-64;2021;47;0;94619,82882235473;0,000000000000000000;0,0000000000000
44;52;18-64;2022;53;0;93535,65117199026;0,000000000000000000;0,0000000000000
44;52;18-64;2023;16;0;92682,65440010419;0,000000000000000000;0,0000000000000
44;52;18-64;2024;51;0;91571,65626651587;0,000000000000000000;0,0000000000000
44;52;65-79;2019;28;0;29231,00000000000;0,000000000000000000;0,0000000000000
44;52;65-79;2020;12;0;29958,00000000000;0,000000000000000000;0,0000000000000
44;52;65-79;2021;27;0;30606,00000000000;0,000000000000000000;0,0000000000000
44;52;65-79;2022;21;0;31558,00000000000;0,000000000000000000;0,0000000000000
44;52;65-79;2023;19;0;32076,00000000000;0,000000000000000000;0,0000000000000
44;52;65-79;2024;21;0;32667,00000000000;0,000000000000000000;0,0000000000000
44;52;80+;2019;7;0;13627,00000000000;0,000000000000000000;0,0000000000000
44;52;80+;2020;6;0;13766,00000000000;0,000000000000000000;0,0000000000000
44;52;80+;2021;5;0;13481,00000000000;0,000000000000000000;0,0000000000000
44;52;80+;2022;5;0;13107,00000000000;0,000000000000000000;0,0000000000000
44;52;80+;2023;6;0;12979,00000000000;0,000000000000000000;0,0000000000000
44;52;80+;2024;8;0;12996,00000000000;0,000000000000000000;0,0000000000000
44;52;NA;2019;0;0;NA;NA;NA
44;52;NA;2020;0;0;NA;NA;NA
44;52;NA;2021;0;0;NA;NA;NA
44;52;NA;2022;0;0;NA;NA;NA
44;52;NA;2023;2;0;NA;0,000000000000000000;NA
44;52;NA;2024;0;0;NA;NA;NA
44;54;0-1;2019;8;0;14499,88097773646;0,000000000000000000;0,0000000000000
44;54;0-1;2020;8;0;14221,95684150942;0,000000000000000000;0,0000000000000
44;54;0-1;2021;29;0;14099,22338252810;0,000000000000000000;0,0000000000000
44;54;0-1;2022;22;0;13966,44751225867;0,000000000000000000;0,0000000000000
44;54;0-1;2023;21;0;13513,70696545686;0,000000000000000000;0,0000000000000
44;54;0-1;2024;17;0;12588,17811606456;0,000000000000000000;0,0000000000000
44;54;2-4;2019;19;0;23279,11902226355;0,000000000000000000;0,0000000000000
44;54;2-4;2020;19;0;22588,04315849058;0,000000000000000000;0,0000000000000
44;54;2-4;2021;26;0;22321,77661747190;0,000000000000000000;0,0000000000000
44;54;2-4;2022;33;0;21991,55248774133;0,000000000000000000;0,0000000000000
44;54;2-4;2023;17;0;21219,29303454314;0,000000000000000000;0,0000000000000
44;54;2-4;2024;13;0;20603,82188393544;0,000000000000000000;0,0000000000000
44;54;5-17;2019;92;0;114216,81643136320;0,000000000000000000;0,0000000000000
44;54;5-17;2020;44;0;114363,26003216475;0,000000000000000000;0,0000000000000
44;54;5-17;2021;80;0;114196,77857775400;0,000000000000000000;0,0000000000000
44;54;5-17;2022;72;0;115120,17455829472;0,000000000000000000;0,0000000000000
44;54;5-17;2023;49;0;114797,26987009126;0,000000000000000000;0,0000000000000
44;54;5-17;2024;72;9;114342,50332812217;0,125000000000000000;14292,8129160152712
44;54;18-64;2019;261;8;438500,18356863677;0,030651340996168581;13440,6186534448043
44;54;18-64;2020;258;6;435600,73996783525;0,023255813953488372;10130,2497666938434
44;54;18-64;2021;267;13;434646,22142224602;0,048689138576779027;21162,5501067011173
44;54;18-64;2022;240;12;433259,82544170530;0,050000000000000003;21662,9912720852662
44;54;18-64;2023;209;11;432117,73012990871;0,052631578947368418;22743,0384278899292
44;54;18-64;2024;221;12;431193,49667187780;0,054298642533936653;23413,2215387444958
44;54;65-79;2019;76;0;98885,00000000000;0,000000000000000000;0,0000000000000
44;54;65-79;2020;69;0;101098,00000000000;0,000000000000000000;0,0000000000000
44;54;65-79;2021;36;0;103304,00000000000;0,000000000000000000;0,0000000000000
44;54;65-79;2022;66;0;106011,00000000000;0,000000000000000000;0,0000000000000
44;54;65-79;2023;61;0;108268,00000000000;0,000000000000000000;0,0000000000000
44;54;65-79;2024;61;0;110579,00000000000;0,000000000000000000;0,0000000000000
44;54;80+;2019;19;0;44379,00000000000;0,000000000000000000;0,0000000000000
44;54;80+;2020;24;0;44718,00000000000;0,000000000000000000;0,0000000000000
44;54;80+;2021;19;0;43918,00000000000;0,000000000000000000;0,0000000000000
44;54;80+;2022;20;0;42549,00000000000;0,000000000000000000;0,0000000000000
44;54;80+;2023;27;0;41828,00000000000;0,000000000000000000;0,0000000000000
44;54;80+;2024;17;0;41191,00000000000;0,000000000000000000;0,0000000000000
44;54;NA;2019;0;0;NA;NA;NA
44;54;NA;2020;0;0;NA;NA;NA
44;54;NA;2021;0;0;NA;NA;NA
44;54;NA;2022;0;0;NA;NA;NA
44;54;NA;2023;0;0;NA;NA;NA
44;54;NA;2024;0;0;NA;NA;NA
44;55;0-1;2019;9;0;3377,12625329159;0,000000000000000000;0,0000000000000
44;55;0-1;2020;2;0;3306,47939825150;0,000000000000000000;0,0000000000000
44;55;0-1;2021;2;0;3263,40444015024;0,000000000000000000;0,0000000000000
44;55;0-1;2022;3;0;3257,20643077483;0,000000000000000000;0,0000000000000
44;55;0-1;2023;4;0;3132,04563590613;0,000000000000000000;0,0000000000000
44;55;0-1;2024;1;0;2939,97218473525;0,000000000000000000;0,0000000000000
44;55;2-4;2019;6;0;5421,87374670841;0,000000000000000000;0,0000000000000
44;55;2-4;2020;6;0;5251,52060174850;0,000000000000000000;0,0000000000000
44;55;2-4;2021;3;0;5166,59555984976;0,000000000000000000;0,0000000000000
44;55;2-4;2022;3;0;5128,79356922517;0,000000000000000000;0,0000000000000
44;55;2-4;2023;1;0;4917,95436409387;0,000000000000000000;0,0000000000000
44;55;2-4;2024;2;0;4812,02781526475;0,000000000000000000;0,0000000000000
44;55;5-17;2019;12;0;28746,95769128568;0,000000000000000000;0,0000000000000
44;55;5-17;2020;10;0;28121,52851885821;0,000000000000000000;0,0000000000000
44;55;5-17;2021;14;0;27540,57986200494;0,000000000000000000;0,0000000000000
44;55;5-17;2022;14;0;27233,45163371778;0,000000000000000000;0,0000000000000
44;55;5-17;2023;11;0;26855,76387327087;0,000000000000000000;0,0000000000000
44;55;5-17;2024;7;0;26597,34177837404;0,000000000000000000;0,0000000000000
44;55;18-64;2019;20;0;104344,04230871431;0,000000000000000000;0,0000000000000
44;55;18-64;2020;33;0;103190,47148114178;0,000000000000000000;0,0000000000000
44;55;18-64;2021;43;0;102197,42013799507;0,000000000000000000;0,0000000000000
44;55;18-64;2022;63;0;100948,54836628222;0,000000000000000000;0,0000000000000
44;55;18-64;2023;22;0;99666,23612672913;0,000000000000000000;0,0000000000000
44;55;18-64;2024;36;0;98416,65822162596;0,000000000000000000;0,0000000000000
44;55;65-79;2019;18;0;29048,00000000000;0,000000000000000000;0,0000000000000
44;55;65-79;2020;12;0;29969,00000000000;0,000000000000000000;0,0000000000000
44;55;65-79;2021;15;0;30901,00000000000;0,000000000000000000;0,0000000000000
44;55;65-79;2022;19;0;31854,00000000000;0,000000000000000000;0,0000000000000
44;55;65-79;2023;19;0;32786,00000000000;0,000000000000000000;0,0000000000000
44;55;65-79;2024;15;0;33566,00000000000;0,000000000000000000;0,0000000000000
44;55;80+;2019;4;0;13145,00000000000;0,000000000000000000;0,0000000000000
44;55;80+;2020;9;0;13162,00000000000;0,000000000000000000;0,0000000000000
44;55;80+;2021;5;0;12850,00000000000;0,000000000000000000;0,0000000000000
44;55;80+;2022;3;0;12323,00000000000;0,000000000000000000;0,0000000000000
44;55;80+;2023;3;0;12081,00000000000;0,000000000000000000;0,0000000000000
44;55;80+;2024;8;0;11899,00000000000;0,000000000000000000;0,0000000000000
44;55;NA;2019;0;0;NA;NA;NA
44;55;NA;2020;0;0;NA;NA;NA
44;55;NA;2021;0;0;NA;NA;NA
44;55;NA;2022;0;0;NA;NA;NA
44;55;NA;2023;1;0;NA;0,000000000000000000;NA
44;55;NA;2024;0;0;NA;NA;NA
44;57;0-1;2019;38;0;20714,49949044216;0,000000000000000000;0,0000000000000
44;57;0-1;2020;16;0;20551,71285711520;0,000000000000000000;0,0000000000000
44;57;0-1;2021;27;0;20527,70429986320;0,000000000000000000;0,0000000000000
44;57;0-1;2022;20;0;20174,40486774091;0,000000000000000000;0,0000000000000
44;57;0-1;2023;20;0;19664,96677957810;0,000000000000000000;0,0000000000000
44;57;0-1;2024;19;0;18522,73497193881;0,000000000000000000;0,0000000000000
44;57;2-4;2019;20;0;33256,50050955785;0,000000000000000000;0,0000000000000
44;57;2-4;2020;19;0;32641,28714288480;0,000000000000000000;0,0000000000000
44;57;2-4;2021;31;0;32499,29570013680;0,000000000000000000;0,0000000000000
44;57;2-4;2022;37;0;31766,59513225909;0,000000000000000000;0,0000000000000
44;57;2-4;2023;21;0;30878,03322042190;0,000000000000000000;0,0000000000000
44;57;2-4;2024;25;0;30317,26502806119;0,000000000000000000;0,0000000000000
44;57;5-17;2019;88;0;157336,73208240131;0,000000000000000000;0,0000000000000
44;57;5-17;2020;65;0;157416,12306396328;0,000000000000000000;0,0000000000000
44;57;5-17;2021;73;0;156945,98846114223;0,000000000000000000;0,0000000000000
44;57;5-17;2022;80;0;157052,69884924791;0,000000000000000000;0,0000000000000
44;57;5-17;2023;86;0;156824,18840346276;0,000000000000000000;0,0000000000000
44;57;5-17;2024;78;0;156941,67127910029;0,000000000000000000;0,0000000000000
44;57;18-64;2019;221;0;627702,26791759871;0,000000000000000000;0,0000000000000
44;57;18-64;2020;236;14;625990,87693603674;0,059322033898305086;37135,0520216293007
44;57;18-64;2021;266;6;624993,01153885771;0,022556390977443608;14097,5867264403987
44;57;18-64;2022;245;0;623164,30115075212;0,000000000000000000;0,0000000000000
44;57;18-64;2023;268;18;621097,81159653724;0,067164179104477612;41715,5246594689161
44;57;18-64;2024;250;5;618751,32872089976;0,020000000000000000;12375,0265744179960
44;57;65-79;2019;81;0;145828,00000000000;0,000000000000000000;0,0000000000000
44;57;65-79;2020;60;0;149372,00000000000;0,000000000000000000;0,0000000000000
44;57;65-79;2021;66;0;153256,00000000000;0,000000000000000000;0,0000000000000
44;57;65-79;2022;91;0;157440,00000000000;0,000000000000000000;0,0000000000000
44;57;65-79;2023;73;0;161375,00000000000;0,000000000000000000;0,0000000000000
44;57;65-79;2024;74;0;165636,00000000000;0,000000000000000000;0,0000000000000
44;57;80+;2019;29;0;61705,00000000000;0,000000000000000000;0,0000000000000
44;57;80+;2020;15;0;63183,00000000000;0,000000000000000000;0,0000000000000
44;57;80+;2021;21;0;61720,00000000000;0,000000000000000000;0,0000000000000
44;57;80+;2022;25;0;61123,00000000000;0,000000000000000000;0,0000000000000
44;57;80+;2023;23;0;60852,00000000000;0,000000000000000000;0,0000000000000
44;57;80+;2024;23;0;60728,00000000000;0,000000000000000000;0,0000000000000
44;57;NA;2019;0;0;NA;NA;NA
44;57;NA;2020;0;0;NA;NA;NA
44;57;NA;2021;1;0;NA;0,000000000000000000;NA
44;57;NA;2022;0;0;NA;NA;NA
44;57;NA;2023;3;0;NA;0,000000000000000000;NA
44;57;NA;2024;0;0;NA;NA;NA
44;67;0-1;2019;20;0;23241,87491695939;0,000000000000000000;0,0000000000000
44;67;0-1;2020;17;0;22908,12999312079;0,000000000000000000;0,0000000000000
44;67;0-1;2021;24;0;22682,01577191967;0,000000000000000000;0,0000000000000
44;67;0-1;2022;35;0;22527,00436108734;0,000000000000000000;0,0000000000000
44;67;0-1;2023;43;0;22031,70387314543;0,000000000000000000;0,0000000000000
44;67;0-1;2024;16;0;20888,89679605687;0,000000000000000000;0,0000000000000
44;67;2-4;2019;34;0;37314,12508304061;0,000000000000000000;0,0000000000000
44;67;2-4;2020;20;0;36383,87000687921;0,000000000000000000;0,0000000000000
44;67;2-4;2021;30;0;35909,98422808033;0,000000000000000000;0,0000000000000
44;67;2-4;2022;23;0;35470,99563891266;0,000000000000000000;0,0000000000000
44;67;2-4;2023;27;0;34594,29612685458;0,000000000000000000;0,0000000000000
44;67;2-4;2024;36;0;34190,10320394313;0,000000000000000000;0,0000000000000
44;67;5-17;2019;93;0;173673,77829585984;0,000000000000000000;0,0000000000000
44;67;5-17;2020;77;0;174666,84884460425;0,000000000000000000;0,0000000000000
44;67;5-17;2021;100;0;174892,24806576560;0,000000000000000000;0,0000000000000
44;67;5-17;2022;107;0;175534,32182148914;0,000000000000000000;0,0000000000000
44;67;5-17;2023;78;0;175565,13972745612;0,000000000000000000;0,0000000000000
44;67;5-17;2024;88;0;175147,50035665050;0,000000000000000000;0,0000000000000
44;67;18-64;2019;449;13;695200,22170414019;0,028953229398663696;20128,2914970018319
44;67;18-64;2020;347;23;696818,15115539578;0,066282420749279536;46186,7938806170059
44;67;18-64;2021;405;20;698050,75193423440;0,049382716049382713;34471,6420708263904
44;67;18-64;2022;440;21;698244,67817851086;0,047727272727272729;33325,3141857925657
44;67;18-64;2023;372;21;699283,86027254385;0,056451612903225805;39475,7017895790850
44;67;18-64;2024;408;24;700494,49964334944;0,058823529411764705;41205,5588025499674
44;67;65-79;2019;84;0;148811,00000000000;0,000000000000000000;0,0000000000000
44;67;65-79;2020;38;0;153465,00000000000;0,000000000000000000;0,0000000000000
44;67;65-79;2021;107;0;158228,00000000000;0,000000000000000000;0,0000000000000
44;67;65-79;2022;105;0;161767,00000000000;0,000000000000000000;0,0000000000000
44;67;65-79;2023;91;0;165514,00000000000;0,000000000000000000;0,0000000000000
44;67;65-79;2024;95;0;169735,00000000000;0,000000000000000000;0,0000000000000
44;67;80+;2019;13;0;61816,00000000000;0,000000000000000000;0,0000000000000
44;67;80+;2020;26;0;63831,00000000000;0,000000000000000000;0,0000000000000
44;67;80+;2021;27;0;62899,00000000000;0,000000000000000000;0,0000000000000
44;67;80+;2022;37;0;63419,00000000000;0,000000000000000000;0,0000000000000
44;67;80+;2023;26;0;63739,00000000000;0,000000000000000000;0,0000000000000
44;67;80+;2024;34;0;64341,00000000000;0,000000000000000000;0,0000000000000
44;67;NA;2019;0;0;NA;NA;NA
44;67;NA;2020;0;0;NA;NA;NA
44;67;NA;2021;0;0;NA;NA;NA
44;67;NA;2022;0;0;NA;NA;NA
44;67;NA;2023;0;0;NA;NA;NA
44;67;NA;2024;0;0;NA;NA;NA
44;68;0-1;2019;31;0;15832,46222008541;0,000000000000000000;0,0000000000000
44;68;0-1;2020;15;0;15588,51650867646;0,000000000000000000;0,0000000000000
44;68;0-1;2021;25;0;15140,95782481093;0,000000000000000000;0,0000000000000
44;68;0-1;2022;20;0;14701,70768080825;0,000000000000000000;0,0000000000000
44;68;0-1;2023;30;0;14273,17939791509;0,000000000000000000;0,0000000000000
44;68;0-1;2024;27;0;13349,33964531684;0,000000000000000000;0,0000000000000
44;68;2-4;2019;19;0;25418,53777991459;0,000000000000000000;0,0000000000000
44;68;2-4;2020;17;0;24758,48349132354;0,000000000000000000;0,0000000000000
44;68;2-4;2021;23;0;23971,04217518907;0,000000000000000000;0,0000000000000
44;68;2-4;2022;34;0;23149,29231919175;0,000000000000000000;0,0000000000000
44;68;2-4;2023;18;0;22411,82060208491;0,000000000000000000;0,0000000000000
44;68;2-4;2024;26;0;21849,66035468316;0,000000000000000000;0,0000000000000
44;68;5-17;2019;91;0;120278,04701411820;0,000000000000000000;0,0000000000000
44;68;5-17;2020;64;0;119564,56078158706;0,000000000000000000;0,0000000000000
44;68;5-17;2021;84;0;119103,06002837904;0,000000000000000000;0,0000000000000
44;68;5-17;2022;93;0;118295,65573414353;0,000000000000000000;0,0000000000000
44;68;5-17;2023;68;0;117387,19139267615;0,000000000000000000;0,0000000000000
44;68;5-17;2024;82;0;116712,99357289899;0,000000000000000000;0,0000000000000
44;68;18-64;2019;235;0;452943,95298588177;0,000000000000000000;0,0000000000000
44;68;18-64;2020;155;0;452006,43921841291;0,000000000000000000;0,0000000000000
44;68;18-64;2021;261;7;449785,93997162097;0,026819923371647510;12063,2244436833207
44;68;18-64;2022;227;5;449703,34426585649;0,022026431718061675;9905,3600058558695
44;68;18-64;2023;240;5;448178,80860732385;0,020833333333333332;9337,0585126525802
44;68;18-64;2024;267;16;446279,00642710098;0,059925093632958802;26743,3112465678496
44;68;65-79;2019;87;0;107715,00000000000;0,000000000000000000;0,0000000000000
44;68;65-79;2020;54;0;110765,00000000000;0,000000000000000000;0,0000000000000
44;68;65-79;2021;73;0;113435,00000000000;0,000000000000000000;0,0000000000000
44;68;65-79;2022;89;0;115978,00000000000;0,000000000000000000;0,0000000000000
44;68;65-79;2023;88;0;118455,00000000000;0,000000000000000000;0,0000000000000
44;68;65-79;2024;86;0;121418,00000000000;0,000000000000000000;0,0000000000000
44;68;80+;2019;18;0;44898,00000000000;0,000000000000000000;0,0000000000000
44;68;80+;2020;11;0;45159,00000000000;0,000000000000000000;0,0000000000000
44;68;80+;2021;14;0;45647,00000000000;0,000000000000000000;0,0000000000000
44;68;80+;2022;21;0;45972,00000000000;0,000000000000000000;0,0000000000000
44;68;80+;2023;26;0;46454,00000000000;0,000000000000000000;0,0000000000000
44;68;80+;2024;29;0;46940,00000000000;0,000000000000000000;0,0000000000000
44;68;NA;2019;0;0;NA;NA;NA
44;68;NA;2020;0;0;NA;NA;NA
44;68;NA;2021;0;0;NA;NA;NA
44;68;NA;2022;0;0;NA;NA;NA
44;68;NA;2023;4;0;NA;0,000000000000000000;NA
44;68;NA;2024;0;0;NA;NA;NA
44;88;0-1;2019;4;0;6384,64543965288;0,000000000000000000;0,0000000000000
44;88;0-1;2020;6;0;6414,75548599785;0,000000000000000000;0,0000000000000
44;88;0-1;2021;9;0;6334,41125197845;0,000000000000000000;0,0000000000000
44;88;0-1;2022;7;0;6242,52584729466;0,000000000000000000;0,0000000000000
44;88;0-1;2023;5;0;6081,61556954643;0,000000000000000000;0,0000000000000
44;88;0-1;2024;4;0;5666,42471776695;0,000000000000000000;0,0000000000000
44;88;2-4;2019;4;0;10250,35456034712;0,000000000000000000;0,0000000000000
44;88;2-4;2020;10;0;10188,24451400215;0,000000000000000000;0,0000000000000
44;88;2-4;2021;9;0;10028,58874802155;0,000000000000000000;0,0000000000000
44;88;2-4;2022;4;0;9829,47415270534;0,000000000000000000;0,0000000000000
44;88;2-4;2023;7;0;9549,38443045357;0,000000000000000000;0,0000000000000
44;88;2-4;2024;5;0;9274,57528223305;0,000000000000000000;0,0000000000000
44;88;5-17;2019;34;0;54953,91185432934;0,000000000000000000;0,0000000000000
44;88;5-17;2020;19;0;53748,44536117787;0,000000000000000000;0,0000000000000
44;88;5-17;2021;24;0;53057,80401161731;0,000000000000000000;0,0000000000000
44;88;5-17;2022;19;0;51985,90943785322;0,000000000000000000;0,0000000000000
44;88;5-17;2023;37;0;51191,82007426055;0,000000000000000000;0,0000000000000
44;88;5-17;2024;32;0;50712,23922194750;0,000000000000000000;0,0000000000000
44;88;18-64;2019;93;0;204875,08814567066;0,000000000000000000;0,0000000000000
44;88;18-64;2020;124;0;202395,55463882213;0,000000000000000000;0,0000000000000
44;88;18-64;2021;58;0;200469,19598838268;0,000000000000000000;0,0000000000000
44;88;18-64;2022;124;0;199334,09056214677;0,000000000000000000;0,0000000000000
44;88;18-64;2023;84;0;197481,17992573945;0,000000000000000000;0,0000000000000
44;88;18-64;2024;102;0;195353,76077805250;0,000000000000000000;0,0000000000000
44;88;65-79;2019;36;0;60711,00000000000;0,000000000000000000;0,0000000000000
44;88;65-79;2020;26;0;62129,00000000000;0,000000000000000000;0,0000000000000
44;88;65-79;2021;44;0;63780,00000000000;0,000000000000000000;0,0000000000000
44;88;65-79;2022;48;0;65684,00000000000;0,000000000000000000;0,0000000000000
44;88;65-79;2023;44;0;67205,00000000000;0,000000000000000000;0,0000000000000
44;88;65-79;2024;56;0;68647,00000000000;0,000000000000000000;0,0000000000000
44;88;80+;2019;5;0;27324,00000000000;0,000000000000000000;0,0000000000000
44;88;80+;2020;4;0;27521,00000000000;0,000000000000000000;0,0000000000000
44;88;80+;2021;10;0;27003,00000000000;0,000000000000000000;0,0000000000000
44;88;80+;2022;13;0;25624,00000000000;0,000000000000000000;0,0000000000000
44;88;80+;2023;12;0;24924,00000000000;0,000000000000000000;0,0000000000000
44;88;80+;2024;11;0;24796,00000000000;0,000000000000000000;0,0000000000000
44;88;NA;2019;0;0;NA;NA;NA
44;88;NA;2020;0;0;NA;NA;NA
44;88;NA;2021;0;0;NA;NA;NA
44;88;NA;2022;0;0;NA;NA;NA
44;88;NA;2023;0;0;NA;NA;NA
44;88;NA;2024;0;0;NA;NA;NA
52;44;0-1;2019;35;0;31478,39377087888;0,000000000000000000;0,0000000000000
52;44;0-1;2020;23;0;31339,69109478502;0,000000000000000000;0,0000000000000
52;44;0-1;2021;47;0;31245,83938105414;0,000000000000000000;0,0000000000000
52;44;0-1;2022;62;0;31544,71980388476;0,000000000000000000;0,0000000000000
52;44;0-1;2023;24;0;31279,21451590530;0,000000000000000000;0,0000000000000
52;44;0-1;2024;28;0;29924,22926885520;0,000000000000000000;0,0000000000000
52;44;2-4;2019;39;0;50537,60622912112;0,000000000000000000;0,0000000000000
52;44;2-4;2020;33;0;49775,30890521499;0,000000000000000000;0,0000000000000
52;44;2-4;2021;46;0;49468,16061894586;0,000000000000000000;0,0000000000000
52;44;2-4;2022;61;0;49670,28019611524;0,000000000000000000;0,0000000000000
52;44;2-4;2023;35;0;49114,78548409470;0,000000000000000000;0,0000000000000
52;44;2-4;2024;44;0;48978,77073114480;0,000000000000000000;0,0000000000000
52;44;5-17;2019;199;0;243498,73401730813;0,000000000000000000;0,0000000000000
52;44;5-17;2020;162;0;243702,28325226496;0,000000000000000000;0,0000000000000
52;44;5-17;2021;145;0;244810,81478974014;0,000000000000000000;0,0000000000000
52;44;5-17;2022;132;0;244067,82822698579;0,000000000000000000;0,0000000000000
52;44;5-17;2023;107;0;243868,90061822481;0,000000000000000000;0,0000000000000
52;44;5-17;2024;166;0;243796,14533231326;0,000000000000000000;0,0000000000000
52;44;18-64;2019;426;9;841133,26598269190;0,021126760563380281;17770,4211123103923
52;44;18-64;2020;341;6;849765,71674773504;0,017595307917888565;14951,8894442416731
52;44;18-64;2021;317;12;856471,18521025986;0,037854889589905363;32421,6221530697730
52;44;18-64;2022;436;17;866481,17177301424;0,038990825688073397;33784,8163305991839
52;44;18-64;2023;398;8;874865,09938177525;0,020100502512562814;17585,2281282768890
52;44;18-64;2024;493;32;883197,85466768674;0,064908722109533468;57327,2441163610056
52;44;65-79;2019;76;0;184362,00000000000;0,000000000000000000;0,0000000000000
52;44;65-79;2020;104;0;190468,00000000000;0,000000000000000000;0,0000000000000
52;44;65-79;2021;103;0;196136,00000000000;0,000000000000000000;0,0000000000000
52;44;65-79;2022;102;0;201902,00000000000;0,000000000000000000;0,0000000000000
52;44;65-79;2023;128;0;207378,00000000000;0,000000000000000000;0,0000000000000
52;44;65-79;2024;129;0;211966,00000000000;0,000000000000000000;0,0000000000000
52;44;80+;2019;33;0;78262,00000000000;0,000000000000000000;0,0000000000000
52;44;80+;2020;10;0;80120,00000000000;0,000000000000000000;0,0000000000000
52;44;80+;2021;28;0;79674,00000000000;0,000000000000000000;0,0000000000000
52;44;80+;2022;35;0;79490,00000000000;0,000000000000000000;0,0000000000000
52;44;80+;2023;18;0;79643,00000000000;0,000000000000000000;0,0000000000000
52;44;80+;2024;29;0;81096,00000000000;0,000000000000000000;0,0000000000000
52;44;NA;2019;0;0;NA;NA;NA
52;44;NA;2020;0;0;NA;NA;NA
52;44;NA;2021;0;0;NA;NA;NA
52;44;NA;2022;0;0;NA;NA;NA
52;44;NA;2023;4;0;NA;0,000000000000000000;NA
52;44;NA;2024;0;0;NA;NA;NA
52;49;0-1;2019;26;0;16307,61647642988;0,000000000000000000;0,0000000000000
52;49;0-1;2020;11;0;16674,57792354967;0,000000000000000000;0,0000000000000
52;49;0-1;2021;24;0;16706,46287296841;0,000000000000000000;0,0000000000000
52;49;0-1;2022;27;0;16701,24246564355;0,000000000000000000;0,0000000000000
52;49;0-1;2023;8;0;16593,61668642990;0,000000000000000000;0,0000000000000
52;49;0-1;2024;22;0;15982,49584740879;0,000000000000000000;0,0000000000000
52;49;2-4;2019;35;0;26181,38352357013;0,000000000000000000;0,0000000000000
52;49;2-4;2020;12;0;26483,42207645033;0,000000000000000000;0,0000000000000
52;49;2-4;2021;16;0;26449,53712703159;0,000000000000000000;0,0000000000000
52;49;2-4;2022;26;0;26297,75753435645;0,000000000000000000;0,0000000000000
52;49;2-4;2023;21;0;26055,38331357010;0,000000000000000000;0,0000000000000
52;49;2-4;2024;31;0;26159,50415259121;0,000000000000000000;0,0000000000000
52;49;5-17;2019;102;0;141732,56811208738;0,000000000000000000;0,0000000000000
52;49;5-17;2020;62;0;141518,58403035684;0,000000000000000000;0,0000000000000
52;49;5-17;2021;75;0;141419,62666838447;0,000000000000000000;0,0000000000000
52;49;5-17;2022;89;0;141255,99288602397;0,000000000000000000;0,0000000000000
52;49;5-17;2023;74;0;140396,96461935627;0,000000000000000000;0,0000000000000
52;49;5-17;2024;74;0;139340,87587083707;0,000000000000000000;0,0000000000000
52;49;18-64;2019;152;0;468059,43188791262;0,000000000000000000;0,0000000000000
52;49;18-64;2020;162;0;467789,41596964316;0,000000000000000000;0,0000000000000
52;49;18-64;2021;239;7;469406,37333161553;0,029288702928870293;13748,3038214280696
52;49;18-64;2022;243;6;470615,00711397600;0,024691358024691357;11620,1236324438505
52;49;18-64;2023;142;0;472321,03538064373;0,000000000000000000;0,0000000000000
52;49;18-64;2024;224;5;474032,12412916293;0,022321428571428572;10581,0741993116735
52;49;65-79;2019;74;0;111441,00000000000;0,000000000000000000;0,0000000000000
52;49;65-79;2020;49;0;114107,00000000000;0,000000000000000000;0,0000000000000
52;49;65-79;2021;57;0;117179,00000000000;0,000000000000000000;0,0000000000000
52;49;65-79;2022;68;0;120366,00000000000;0,000000000000000000;0,0000000000000
52;49;65-79;2023;65;0;122711,00000000000;0,000000000000000000;0,0000000000000
52;49;65-79;2024;66;0;125037,00000000000;0,000000000000000000;0,0000000000000
52;49;80+;2019;20;0;54551,00000000000;0,000000000000000000;0,0000000000000
52;49;80+;2020;11;0;54140,00000000000;0,000000000000000000;0,0000000000000
52;49;80+;2021;17;0;53582,00000000000;0,000000000000000000;0,0000000000000
52;49;80+;2022;27;0;52915,00000000000;0,000000000000000000;0,0000000000000
52;49;80+;2023;23;0;52316,00000000000;0,000000000000000000;0,0000000000000
52;49;80+;2024;22;0;52306,00000000000;0,000000000000000000;0,0000000000000
52;49;NA;2019;0;0;NA;NA;NA
52;49;NA;2020;0;0;NA;NA;NA
52;49;NA;2021;0;0;NA;NA;NA
52;49;NA;2022;0;0;NA;NA;NA
52;49;NA;2023;4;0;NA;0,000000000000000000;NA
52;49;NA;2024;0;0;NA;NA;NA
52;53;0-1;2019;3;0;6117,51509844468;0,000000000000000000;0,0000000000000
52;53;0-1;2020;3;0;6279,14269459959;0,000000000000000000;0,0000000000000
52;53;0-1;2021;3;0;6242,66429440839;0,000000000000000000;0,0000000000000
52;53;0-1;2022;4;0;5893,73364900754;0,000000000000000000;0,0000000000000
52;53;0-1;2023;6;0;5861,01061606087;0,000000000000000000;0,0000000000000
52;53;0-1;2024;5;0;5574,26614696062;0,000000000000000000;0,0000000000000
52;53;2-4;2019;3;0;9821,48490155532;0,000000000000000000;0,0000000000000
52;53;2-4;2020;5;0;9972,85730540041;0,000000000000000000;0,0000000000000
52;53;2-4;2021;6;0;9883,33570559161;0,000000000000000000;0,0000000000000
52;53;2-4;2022;4;0;9280,26635099246;0,000000000000000000;0,0000000000000
52;53;2-4;2023;6;0;9202,98938393913;0,000000000000000000;0,0000000000000
52;53;2-4;2024;6;0;9123,73385303938;0,000000000000000000;0,0000000000000
52;53;5-17;2019;32;0;53039,93102375407;0,000000000000000000;0,0000000000000
52;53;5-17;2020;24;0;52291,77344191535;0,000000000000000000;0,0000000000000
52;53;5-17;2021;15;0;51808,64425351849;0,000000000000000000;0,0000000000000
52;53;5-17;2022;25;0;51008,07393476801;0,000000000000000000;0,0000000000000
52;53;5-17;2023;22;0;50202,22194896911;0,000000000000000000;0,0000000000000
52;53;5-17;2024;22;0;49725,65670262739;0,000000000000000000;0,0000000000000
52;53;18-64;2019;74;0;170216,06897624594;0,000000000000000000;0,0000000000000
52;53;18-64;2020;26;0;169439,22655808466;0,000000000000000000;0,0000000000000
52;53;18-64;2021;35;0;169033,35574648151;0,000000000000000000;0,0000000000000
52;53;18-64;2022;73;0;168751,92606523199;0,000000000000000000;0,0000000000000
52;53;18-64;2023;49;0;168169,77805103088;0,000000000000000000;0,0000000000000
52;53;18-64;2024;57;0;167458,34329737260;0,000000000000000000;0,0000000000000
52;53;65-79;2019;27;0;44440,00000000000;0,000000000000000000;0,0000000000000
52;53;65-79;2020;9;0;45299,00000000000;0,000000000000000000;0,0000000000000
52;53;65-79;2021;14;0;46591,00000000000;0,000000000000000000;0,0000000000000
52;53;65-79;2022;25;0;48254,00000000000;0,000000000000000000;0,0000000000000
52;53;65-79;2023;29;0;49472,00000000000;0,000000000000000000;0,0000000000000
52;53;65-79;2024;25;0;50531,00000000000;0,000000000000000000;0,0000000000000
52;53;80+;2019;8;0;23427,00000000000;0,000000000000000000;0,0000000000000
52;53;80+;2020;5;0;23256,00000000000;0,000000000000000000;0,0000000000000
52;53;80+;2021;4;0;22374,00000000000;0,000000000000000000;0,0000000000000
52;53;80+;2022;4;0;22249,00000000000;0,000000000000000000;0,0000000000000
52;53;80+;2023;9;0;21722,00000000000;0,000000000000000000;0,0000000000000
52;53;80+;2024;2;0;21446,00000000000;0,000000000000000000;0,0000000000000
52;53;NA;2019;0;0;NA;NA;NA
52;53;NA;2020;0;0;NA;NA;NA
52;53;NA;2021;0;0;NA;NA;NA
52;53;NA;2022;0;0;NA;NA;NA
52;53;NA;2023;4;0;NA;0,000000000000000000;NA
52;53;NA;2024;0;0;NA;NA;NA
52;72;0-1;2019;11;0;11595,98994098180;0,000000000000000000;0,0000000000000
52;72;0-1;2020;7;0;11454,06499656040;0,000000000000000000;0,0000000000000
52;72;0-1;2021;7;0;11389,01051354923;0,000000000000000000;0,0000000000000
52;72;0-1;2022;10;0;11266,99787072695;0,000000000000000000;0,0000000000000
52;72;0-1;2023;9;0;11111,95321260611;0,000000000000000000;0,0000000000000
52;72;0-1;2024;11;0;10668,01826424379;0,000000000000000000;0,0000000000000
52;72;2-4;2019;14;0;18617,01005901820;0,000000000000000000;0,0000000000000
52;72;2-4;2020;9;0;18191,93500343960;0,000000000000000000;0,0000000000000
52;72;2-4;2021;15;0;18030,98948645077;0,000000000000000000;0,0000000000000
52;72;2-4;2022;15;0;17741,00212927305;0,000000000000000000;0,0000000000000
52;72;2-4;2023;2;0;17448,04678739389;0,000000000000000000;0,0000000000000
52;72;2-4;2024;5;0;17460,98173575621;0,000000000000000000;0,0000000000000
52;72;5-17;2019;79;0;94000,73414754943;0,000000000000000000;0,0000000000000
52;72;5-17;2020;43;0;93415,41169937448;0,000000000000000000;0,0000000000000
52;72;5-17;2021;66;0;92686,87647093178;0,000000000000000000;0,0000000000000
52;72;5-17;2022;48;0;91759,72842380361;0,000000000000000000;0,0000000000000
52;72;5-17;2023;58;0;91005,29159967905;0,000000000000000000;0,0000000000000
52;72;5-17;2024;42;0;90122,06097060682;0,000000000000000000;0,0000000000000
52;72;18-64;2019;216;5;317247,26585245057;0,023148148148148147;7343,6867095474663
52;72;18-64;2020;136;0;316758,58830062550;0,000000000000000000;0,0000000000000
52;72;18-64;2021;145;6;315850,12352906819;0,041379310344827586;13069,6602839614425
52;72;18-64;2022;180;5;315365,27157619636;0,027777777777777776;8760,1464326721216
52;72;18-64;2023;210;6;314604,70840032096;0,028571428571428571;8988,7059542948846
52;72;18-64;2024;75;0;313870,93902939319;0,000000000000000000;0,0000000000000
52;72;65-79;2019;60;0;84387,00000000000;0,000000000000000000;0,0000000000000
52;72;65-79;2020;46;0;86346,00000000000;0,000000000000000000;0,0000000000000
52;72;65-79;2021;45;0;88498,00000000000;0,000000000000000000;0,0000000000000
52;72;65-79;2022;34;0;90743,00000000000;0,000000000000000000;0,0000000000000
52;72;65-79;2023;47;0;92683,00000000000;0,000000000000000000;0,0000000000000
52;72;65-79;2024;65;0;94262,00000000000;0,000000000000000000;0,0000000000000
52;72;80+;2019;7;0;40564,00000000000;0,000000000000000000;0,0000000000000
52;72;80+;2020;12;0;40827,00000000000;0,000000000000000000;0,0000000000000
52;72;80+;2021;16;0;39603,00000000000;0,000000000000000000;0,0000000000000
52;72;80+;2022;11;0;39253,00000000000;0,000000000000000000;0,0000000000000
52;72;80+;2023;10;0;38496,00000000000;0,000000000000000000;0,0000000000000
52;72;80+;2024;17;0;38529,00000000000;0,000000000000000000;0,0000000000000
52;72;NA;2019;0;0;NA;NA;NA
52;72;NA;2020;0;0;NA;NA;NA
52;72;NA;2021;0;0;NA;NA;NA
52;72;NA;2022;0;0;NA;NA;NA
52;72;NA;2023;0;0;NA;NA;NA
52;72;NA;2024;0;0;NA;NA;NA
52;85;0-1;2019;9;0;12973,47671482696;0,000000000000000000;0,0000000000000
52;85;0-1;2020;11;0;12759,57958953677;0,000000000000000000;0,0000000000000
52;85;0-1;2021;6;0;12321,96480782706;0,000000000000000000;0,0000000000000
52;85;0-1;2022;12;0;12304,44103511993;0,000000000000000000;0,0000000000000
52;85;0-1;2023;8;0;12114,20781609607;0,000000000000000000;0,0000000000000
52;85;0-1;2024;8;0;11424,62875296242;0,000000000000000000;0,0000000000000
52;85;2-4;2019;7;0;20828,52328517304;0,000000000000000000;0,0000000000000
52;85;2-4;2020;9;0;20265,42041046323;0,000000000000000000;0,0000000000000
52;85;2-4;2021;6;0;19508,03519217294;0,000000000000000000;0,0000000000000
52;85;2-4;2022;12;0;19374,55896488007;0,000000000000000000;0,0000000000000
52;85;2-4;2023;10;0;19021,79218390393;0,000000000000000000;0,0000000000000
52;85;2-4;2024;11;0;18699,37124703758;0,000000000000000000;0,0000000000000
52;85;5-17;2019;61;0;109706,54743191336;0,000000000000000000;0,0000000000000
52;85;5-17;2020;33;0;110030,15401362626;0,000000000000000000;0,0000000000000
52;85;5-17;2021;49;0;109872,98534551277;0,000000000000000000;0,0000000000000
52;85;5-17;2022;42;0;109323,23353879775;0,000000000000000000;0,0000000000000
52;85;5-17;2023;31;0;108660,67646177157;0,000000000000000000;0,0000000000000
52;85;5-17;2024;36;0;108437,18009927082;0,000000000000000000;0,0000000000000
52;85;18-64;2019;120;0;374401,45256808662;0,000000000000000000;0,0000000000000
52;85;18-64;2020;83;0;375933,84598637372;0,000000000000000000;0,0000000000000
52;85;18-64;2021;85;0;379408,01465448720;0,000000000000000000;0,0000000000000
52;85;18-64;2022;136;0;382258,76646120223;0,000000000000000000;0,0000000000000
52;85;18-64;2023;115;0;384440,32353822840;0,000000000000000000;0,0000000000000
52;85;18-64;2024;125;0;386514,81990072917;0,000000000000000000;0,0000000000000
52;85;65-79;2019;53;0;117414,00000000000;0,000000000000000000;0,0000000000000
52;85;65-79;2020;28;0;122143,00000000000;0,000000000000000000;0,0000000000000
52;85;65-79;2021;54;0;127098,00000000000;0,000000000000000000;0,0000000000000
52;85;65-79;2022;54;0;132399,00000000000;0,000000000000000000;0,0000000000000
52;85;65-79;2023;45;0;136893,00000000000;0,000000000000000000;0,0000000000000
52;85;65-79;2024;46;0;140999,00000000000;0,000000000000000000;0,0000000000000
52;85;80+;2019;18;0;50118,00000000000;0,000000000000000000;0,0000000000000
52;85;80+;2020;11;0;51573,00000000000;0,000000000000000000;0,0000000000000
52;85;80+;2021;7;0;51250,00000000000;0,000000000000000000;0,0000000000000
52;85;80+;2022;7;0;50683,00000000000;0,000000000000000000;0,0000000000000
52;85;80+;2023;4;0;50772,00000000000;0,000000000000000000;0,0000000000000
52;85;80+;2024;12;0;51592,00000000000;0,000000000000000000;0,0000000000000
52;85;NA;2019;0;0;NA;NA;NA
52;85;NA;2020;0;0;NA;NA;NA
52;85;NA;2021;0;0;NA;NA;NA
52;85;NA;2022;0;0;NA;NA;NA
52;85;NA;2023;3;0;NA;0,000000000000000000;NA
52;85;NA;2024;0;0;NA;NA;NA
53;22;0-1;2019;5;0;10581,20169075985;0,000000000000000000;0,0000000000000
53;22;0-1;2020;4;0;10805,75085420634;0,000000000000000000;0,0000000000000
53;22;0-1;2021;12;0;10845,10977352419;0,000000000000000000;0,0000000000000
53;22;0-1;2022;14;0;10886,74446079032;0,000000000000000000;0,0000000000000
53;22;0-1;2023;6;0;10739,99847621775;0,000000000000000000;0,0000000000000
53;22;0-1;2024;3;0;10134,40876167381;0,000000000000000000;0,0000000000000
53;22;2-4;2019;9;0;16987,79830924015;0,000000000000000000;0,0000000000000
53;22;2-4;2020;7;0;17162,24914579366;0,000000000000000000;0,0000000000000
53;22;2-4;2021;6;0;17169,89022647581;0,000000000000000000;0,0000000000000
53;22;2-4;2022;14;0;17142,25553920968;0,000000000000000000;0,0000000000000
53;22;2-4;2023;10;0;16864,00152378225;0,000000000000000000;0,0000000000000
53;22;2-4;2024;9;0;16587,59123832619;0,000000000000000000;0,0000000000000
53;22;5-17;2019;50;0;93365,60938186527;0,000000000000000000;0,0000000000000
53;22;5-17;2020;38;0;92650,30033284113;0,000000000000000000;0,0000000000000
53;22;5-17;2021;33;0;91667,39739866246;0,000000000000000000;0,0000000000000
53;22;5-17;2022;47;0;91131,68798697824;0,000000000000000000;0,0000000000000
53;22;5-17;2023;37;0;90812,83524502801;0,000000000000000000;0,0000000000000
53;22;5-17;2024;45;0;90942,36907599798;0,000000000000000000;0,0000000000000
53;22;18-64;2019;110;0;322731,39061813470;0,000000000000000000;0,0000000000000
53;22;18-64;2020;118;0;323663,69966715889;0,000000000000000000;0,0000000000000
53;22;18-64;2021;107;0;323951,60260133754;0,000000000000000000;0,0000000000000
53;22;18-64;2022;127;6;325417,31201302173;0,047244094488188976;15374,0462368356712
53;22;18-64;2023;101;0;325708,16475497198;0,000000000000000000;0,0000000000000
53;22;18-64;2024;136;0;325778,63092400203;0,000000000000000000;0,0000000000000
53;22;65-79;2019;24;0;107208,00000000000;0,000000000000000000;0,0000000000000
53;22;65-79;2020;23;0;109820,00000000000;0,000000000000000000;0,0000000000000
53;22;65-79;2021;31;0;113309,00000000000;0,000000000000000000;0,0000000000000
53;22;65-79;2022;54;0;117392,00000000000;0,000000000000000000;0,0000000000000
53;22;65-79;2023;45;0;120400,00000000000;0,000000000000000000;0,0000000000000
53;22;65-79;2024;53;0;123267,00000000000;0,000000000000000000;0,0000000000000
53;22;80+;2019;7;0;49708,00000000000;0,000000000000000000;0,0000000000000
53;22;80+;2020;4;0;49538,00000000000;0,000000000000000000;0,0000000000000
53;22;80+;2021;11;0;48974,00000000000;0,000000000000000000;0,0000000000000
53;22;80+;2022;14;0;47628,00000000000;0,000000000000000000;0,0000000000000
53;22;80+;2023;7;0;46733,00000000000;0,000000000000000000;0,0000000000000
53;22;80+;2024;8;0;46591,00000000000;0,000000000000000000;0,0000000000000
53;22;NA;2019;0;0;NA;NA;NA
53;22;NA;2020;0;0;NA;NA;NA
53;22;NA;2021;0;0;NA;NA;NA
53;22;NA;2022;0;0;NA;NA;NA
53;22;NA;2023;0;0;NA;NA;NA
53;22;NA;2024;1;0;NA;0,000000000000000000;NA
53;29;0-1;2019;18;0;16505,27757660548;0,000000000000000000;0,0000000000000
53;29;0-1;2020;8;0;16413,39773270859;0,000000000000000000;0,0000000000000
53;29;0-1;2021;11;0;16178,04685152060;0,000000000000000000;0,0000000000000
53;29;0-1;2022;19;0;16327,98043607348;0,000000000000000000;0,0000000000000
53;29;0-1;2023;14;0;16160,96640728361;0,000000000000000000;0,0000000000000
53;29;0-1;2024;12;0;15393,51535167945;0,000000000000000000;0,0000000000000
53;29;2-4;2019;21;0;26498,72242339452;0,000000000000000000;0,0000000000000
53;29;2-4;2020;7;0;26068,60226729141;0,000000000000000000;0,0000000000000
53;29;2-4;2021;13;0;25612,95314847940;0,000000000000000000;0,0000000000000
53;29;2-4;2022;15;0;25710,01956392652;0,000000000000000000;0,0000000000000
53;29;2-4;2023;13;0;25376,03359271639;0,000000000000000000;0,0000000000000
53;29;2-4;2024;8;0;25195,48464832055;0,000000000000000000;0,0000000000000
53;29;5-17;2019;77;0;139659,26800342818;0,000000000000000000;0,0000000000000
53;29;5-17;2020;51;0;138696,36026393945;0,000000000000000000;0,0000000000000
53;29;5-17;2021;48;0;138318,77478786523;0,000000000000000000;0,0000000000000
53;29;5-17;2022;64;0;137414,37809777338;0,000000000000000000;0,0000000000000
53;29;5-17;2023;51;0;136587,62485695226;0,000000000000000000;0,0000000000000
53;29;5-17;2024;71;0;135533,21083774065;0,000000000000000000;0,0000000000000
53;29;18-64;2019;287;7;519882,73199657182;0,024390243902439025;12680,0666340627286
53;29;18-64;2020;113;0;518307,63973606052;0,000000000000000000;0,0000000000000
53;29;18-64;2021;212;6;519320,22521213477;0,028301886792452831;14697,7422229849471
53;29;18-64;2022;183;0;521987,62190222659;0,000000000000000000;0,0000000000000
53;29;18-64;2023;130;0;521881,37514304777;0,000000000000000000;0,0000000000000
53;29;18-64;2024;194;9;522432,78916225937;0,046391752577319589;24236,5726930945093
53;29;65-79;2019;53;0;146029,00000000000;0,000000000000000000;0,0000000000000
53;29;65-79;2020;24;0;150057,00000000000;0,000000000000000000;0,0000000000000
53;29;65-79;2021;44;0;155263,00000000000;0,000000000000000000;0,0000000000000
53;29;65-79;2022;73;0;161235,00000000000;0,000000000000000000;0,0000000000000
53;29;65-79;2023;48;0;166457,00000000000;0,000000000000000000;0,0000000000000
53;29;65-79;2024;53;0;170545,00000000000;0,000000000000000000;0,0000000000000
53;29;80+;2019;5;0;66515,00000000000;0,000000000000000000;0,0000000000000
53;29;80+;2020;8;0;67636,00000000000;0,000000000000000000;0,0000000000000
53;29;80+;2021;11;0;66945,00000000000;0,000000000000000000;0,0000000000000
53;29;80+;2022;5;0;65237,00000000000;0,000000000000000000;0,0000000000000
53;29;80+;2023;7;0;64247,00000000000;0,000000000000000000;0,0000000000000
53;29;80+;2024;11;0;64528,00000000000;0,000000000000000000;0,0000000000000
53;29;NA;2019;0;0;NA;NA;NA
53;29;NA;2020;0;0;NA;NA;NA
53;29;NA;2021;0;0;NA;NA;NA
53;29;NA;2022;0;0;NA;NA;NA
53;29;NA;2023;3;0;NA;0,000000000000000000;NA
53;29;NA;2024;0;0;NA;NA;NA
53;35;0-1;2019;26;0;23044,21381678378;0,000000000000000000;0,0000000000000
53;35;0-1;2020;15;0;23020,56111077576;0,000000000000000000;0,0000000000000
53;35;0-1;2021;27;0;23271,98354971196;0,000000000000000000;0,0000000000000
53;35;0-1;2022;19;0;23148,46039367018;0,000000000000000000;0,0000000000000
53;35;0-1;2023;18;0;22911,01109515137;0,000000000000000000;0,0000000000000
53;35;0-1;2024;23;0;21874,95557834682;0,000000000000000000;0,0000000000000
53;35;2-4;2019;33;0;36996,78618321622;0,000000000000000000;0,0000000000000
53;35;2-4;2020;24;0;36562,43888922424;0,000000000000000000;0,0000000000000
53;35;2-4;2021;29;0;36844,01645028804;0,000000000000000000;0,0000000000000
53;35;2-4;2022;32;0;36449,53960632982;0,000000000000000000;0,0000000000000
53;35;2-4;2023;17;0;35974,98890484863;0,000000000000000000;0,0000000000000
53;35;2-4;2024;27;0;35804,04442165318;0,000000000000000000;0,0000000000000
53;35;5-17;2019;146;0;184696,31155442502;0,000000000000000000;0,0000000000000
53;35;5-17;2020;88;0;184600,65904837503;0,000000000000000000;0,0000000000000
53;35;5-17;2021;131;0;185228,24501706078;0,000000000000000000;0,0000000000000
53;35;5-17;2022;116;0;186332,10179081539;0,000000000000000000;0,0000000000000
53;35;5-17;2023;109;0;186333,36291103548;0,000000000000000000;0,0000000000000
53;35;5-17;2024;121;0;186519,11949085828;0,000000000000000000;0,0000000000000
53;35;18-64;2019;374;6;639960,68844557495;0,016042780748663103;10266,7490124958567
53;35;18-64;2020;296;7;644777,34095162502;0,023648648648648650;15248,1127927749167
53;35;18-64;2021;385;9;650412,75498293922;0,023376623376623377;15204,4540125881904
53;35;18-64;2022;421;16;657040,89820918464;0,038004750593824230;24970,6754663823158
53;35;18-64;2023;365;7;662503,63708896446;0,019178082191780823;12705,5492044458952
53;35;18-64;2024;376;15;668167,88050914172;0,039893617021276598;26655,6335309498027
53;35;65-79;2019;95;0;133265,00000000000;0,000000000000000000;0,0000000000000
53;35;65-79;2020;53;0;136847,00000000000;0,000000000000000000;0,0000000000000
53;35;65-79;2021;71;0;140030,00000000000;0,000000000000000000;0,0000000000000
53;35;65-79;2022;108;0;144973,00000000000;0,000000000000000000;0,0000000000000
53;35;65-79;2023;76;0;148875,00000000000;0,000000000000000000;0,0000000000000
53;35;65-79;2024;101;0;152372,00000000000;0,000000000000000000;0,0000000000000
53;35;80+;2019;20;0;61535,00000000000;0,000000000000000000;0,0000000000000
53;35;80+;2020;7;0;63047,00000000000;0,000000000000000000;0,0000000000000
53;35;80+;2021;15;0;62538,00000000000;0,000000000000000000;0,0000000000000
53;35;80+;2022;16;0;61288,00000000000;0,000000000000000000;0,0000000000000
53;35;80+;2023;14;0;61049,00000000000;0,000000000000000000;0,0000000000000
53;35;80+;2024;23;0;61678,00000000000;0,000000000000000000;0,0000000000000
53;35;NA;2019;0;0;NA;NA;NA
53;35;NA;2020;0;0;NA;NA;NA
53;35;NA;2021;0;0;NA;NA;NA
53;35;NA;2022;0;0;NA;NA;NA
53;35;NA;2023;6;0;NA;0,000000000000000000;NA
53;35;NA;2024;0;0;NA;NA;NA
53;56;0-1;2019;13;0;13642,45399173198;0,000000000000000000;0,0000000000000
53;56;0-1;2020;12;0;13687,23290049749;0,000000000000000000;0,0000000000000
53;56;0-1;2021;9;0;13661,39296475705;0,000000000000000000;0,0000000000000
53;56;0-1;2022;21;0;13532,59351951177;0,000000000000000000;0,0000000000000
53;56;0-1;2023;12;0;13456,90216261931;0,000000000000000000;0,0000000000000
53;56;0-1;2024;10;0;12953,01986551184;0,000000000000000000;0,0000000000000
53;56;2-4;2019;18;0;21902,54600826802;0,000000000000000000;0,0000000000000
53;56;2-4;2020;15;0;21738,76709950251;0,000000000000000000;0,0000000000000
53;56;2-4;2021;18;0;21628,60703524295;0,000000000000000000;0,0000000000000
53;56;2-4;2022;14;0;21308,40648048823;0,000000000000000000;0,0000000000000
53;56;2-4;2023;13;0;21130,09783738069;0,000000000000000000;0,0000000000000
53;56;2-4;2024;13;0;21200,98013448816;0,000000000000000000;0,0000000000000
53;56;5-17;2019;59;0;117239,62845597931;0,000000000000000000;0,0000000000000
53;56;5-17;2020;32;0;116491,23662758217;0,000000000000000000;0,0000000000000
53;56;5-17;2021;70;0;115208,01492218571;0,000000000000000000;0,0000000000000
53;56;5-17;2022;65;0;114534,24312353480;0,000000000000000000;0,0000000000000
53;56;5-17;2023;59;0;113850,90316797957;0,000000000000000000;0,0000000000000
53;56;5-17;2024;86;0;113186,97306457037;0,000000000000000000;0,0000000000000
53;56;18-64;2019;168;0;420022,37154402072;0,000000000000000000;0,0000000000000
53;56;18-64;2020;147;0;421265,76337241783;0,000000000000000000;0,0000000000000
53;56;18-64;2021;163;0;422739,98507781432;0,000000000000000000;0,0000000000000
53;56;18-64;2022;133;0;425098,75687646517;0,000000000000000000;0,0000000000000
53;56;18-64;2023;182;0;425963,09683202044;0,000000000000000000;0,0000000000000
53;56;18-64;2024;225;0;426267,02693542960;0,000000000000000000;0,0000000000000
53;56;65-79;2019;65;0;130031,00000000000;0,000000000000000000;0,0000000000000
53;56;65-79;2020;42;0;133858,00000000000;0,000000000000000000;0,0000000000000
53;56;65-79;2021;61;0;138593,00000000000;0,000000000000000000;0,0000000000000
53;56;65-79;2022;81;0;145312,00000000000;0,000000000000000000;0,0000000000000
53;56;65-79;2023;62;0;150342,00000000000;0,000000000000000000;0,0000000000000
53;56;65-79;2024;69;0;155259,00000000000;0,000000000000000000;0,0000000000000
53;56;80+;2019;5;0;56846,00000000000;0,000000000000000000;0,0000000000000
53;56;80+;2020;6;0;57120,00000000000;0,000000000000000000;0,0000000000000
53;56;80+;2021;14;0;56856,00000000000;0,000000000000000000;0,0000000000000
53;56;80+;2022;4;0;56317,00000000000;0,000000000000000000;0,0000000000000
53;56;80+;2023;14;0;55890,00000000000;0,000000000000000000;0,0000000000000
53;56;80+;2024;21;0;56376,00000000000;0,000000000000000000;0,0000000000000
53;56;NA;2019;0;0;NA;NA;NA
53;56;NA;2020;0;0;NA;NA;NA
53;56;NA;2021;0;0;NA;NA;NA
53;56;NA;2022;0;0;NA;NA;NA
53;56;NA;2023;2;0;NA;0,000000000000000000;NA
53;56;NA;2024;0;0;NA;NA;NA
75;16;0-1;2019;2;0;5967,44618549582;0,000000000000000000;0,0000000000000
75;16;0-1;2020;4;0;6050,80320822817;0,000000000000000000;0,0000000000000
75;16;0-1;2021;6;0;6102,91470924893;0,000000000000000000;0,0000000000000
75;16;0-1;2022;12;0;5953,16038212327;0,000000000000000000;0,0000000000000
75;16;0-1;2023;6;0;5912,75745700193;0,000000000000000000;0,0000000000000
75;16;0-1;2024;3;0;5724,82973794874;0,000000000000000000;0,0000000000000
75;16;2-4;2019;10;0;9580,55381450418;0,000000000000000000;0,0000000000000
75;16;2-4;2020;6;0;9610,19679177183;0,000000000000000000;0,0000000000000
75;16;2-4;2021;7;0;9662,08529075107;0,000000000000000000;0,0000000000000
75;16;2-4;2022;6;0;9373,83961787673;0,000000000000000000;0,0000000000000
75;16;2-4;2023;12;0;9284,24254299807;0,000000000000000000;0,0000000000000
75;16;2-4;2024;5;0;9370,17026205126;0,000000000000000000;0,0000000000000
75;16;5-17;2019;24;0;50481,04668527138;0,000000000000000000;0,0000000000000
75;16;5-17;2020;18;0;50365,51697075929;0,000000000000000000;0,0000000000000
75;16;5-17;2021;27;0;49571,58026605922;0,000000000000000000;0,0000000000000
75;16;5-17;2022;23;0;49022,95262429192;0,000000000000000000;0,0000000000000
75;16;5-17;2023;25;0;48642,28815087350;0,000000000000000000;0,0000000000000
75;16;5-17;2024;30;0;48285,93795389784;0,000000000000000000;0,0000000000000
75;16;18-64;2019;108;0;196914,95331472863;0,000000000000000000;0,0000000000000
75;16;18-64;2020;54;5;195409,48302924071;0,092592592592592587;18093,4706508556192
75;16;18-64;2021;69;0;193981,41973394080;0,000000000000000000;0,0000000000000
75;16;18-64;2022;90;0;194349,04737570806;0,000000000000000000;0,0000000000000
75;16;18-64;2023;60;0;193395,71184912650;0,000000000000000000;0,0000000000000
75;16;18-64;2024;80;0;192419,06204610216;0,000000000000000000;0,0000000000000
75;16;65-79;2019;18;0;60385,00000000000;0,000000000000000000;0,0000000000000
75;16;65-79;2020;25;0;61843,00000000000;0,000000000000000000;0,0000000000000
75;16;65-79;2021;19;0;63578,00000000000;0,000000000000000000;0,0000000000000
75;16;65-79;2022;22;0;65267,00000000000;0,000000000000000000;0,0000000000000
75;16;65-79;2023;30;0;66822,00000000000;0,000000000000000000;0,0000000000000
75;16;65-79;2024;29;0;67985,00000000000;0,000000000000000000;0,0000000000000
75;16;80+;2019;2;0;28686,00000000000;0,000000000000000000;0,0000000000000
75;16;80+;2020;5;0;28439,00000000000;0,000000000000000000;0,0000000000000
75;16;80+;2021;6;0;27971,00000000000;0,000000000000000000;0,0000000000000
75;16;80+;2022;5;0;27637,00000000000;0,000000000000000000;0,0000000000000
75;16;80+;2023;8;0;26966,00000000000;0,000000000000000000;0,0000000000000
75;16;80+;2024;6;0;26887,00000000000;0,000000000000000000;0,0000000000000
75;16;NA;2019;0;0;NA;NA;NA
75;16;NA;2020;0;0;NA;NA;NA
75;16;NA;2021;0;0;NA;NA;NA
75;16;NA;2022;0;0;NA;NA;NA
75;16;NA;2023;2;0;NA;0,000000000000000000;NA
75;16;NA;2024;0;0;NA;NA;NA
75;17;0-1;2019;10;0;10420,00234692732;0,000000000000000000;0,0000000000000
75;17;0-1;2020;9;0;10321,64023420060;0,000000000000000000;0,0000000000000
75;17;0-1;2021;14;0;10297,33785385485;0,000000000000000000;0,0000000000000
75;17;0-1;2022;4;0;10396,18260507024;0,000000000000000000;0,0000000000000
75;17;0-1;2023;10;0;10349,75726220361;0,000000000000000000;0,0000000000000
75;17;0-1;2024;5;0;9919,37209645904;0,000000000000000000;0,0000000000000
75;17;2-4;2019;7;0;16728,99765307269;0,000000000000000000;0,0000000000000
75;17;2-4;2020;4;0;16393,35976579940;0,000000000000000000;0,0000000000000
75;17;2-4;2021;9;0;16302,66214614515;0,000000000000000000;0,0000000000000
75;17;2-4;2022;12;0;16369,81739492976;0,000000000000000000;0,0000000000000
75;17;2-4;2023;11;0;16251,24273779639;0,000000000000000000;0,0000000000000
75;17;2-4;2024;4;0;16235,62790354096;0,000000000000000000;0,0000000000000
75;17;5-17;2019;44;0;91437,19639965119;0,000000000000000000;0,0000000000000
75;17;5-17;2020;29;0;91431,24796901095;0,000000000000000000;0,0000000000000
75;17;5-17;2021;37;0;90598,93080720872;0,000000000000000000;0,0000000000000
75;17;5-17;2022;43;0;90192,78942436456;0,000000000000000000;0,0000000000000
75;17;5-17;2023;30;0;89861,45445911295;0,000000000000000000;0,0000000000000
75;17;5-17;2024;38;0;89507,37737690014;0,000000000000000000;0,0000000000000
75;17;18-64;2019;122;0;351954,80360034882;0,000000000000000000;0,0000000000000
75;17;18-64;2020;108;0;352504,75203098904;0,000000000000000000;0,0000000000000
75;17;18-64;2021;123;0;354078,06919279130;0,000000000000000000;0,0000000000000
75;17;18-64;2022;107;0;357105,21057563543;0,000000000000000000;0,0000000000000
75;17;18-64;2023;123;0;358099,54554088705;0,000000000000000000;0,0000000000000
75;17;18-64;2024;107;0;359555,62262309989;0,000000000000000000;0,0000000000000
75;17;65-79;2019;60;0;125837,00000000000;0,000000000000000000;0,0000000000000
75;17;65-79;2020;34;0;130335,00000000000;0,000000000000000000;0,0000000000000
75;17;65-79;2021;45;0;135578,00000000000;0,000000000000000000;0,0000000000000
75;17;65-79;2022;62;0;140124,00000000000;0,000000000000000000;0,0000000000000
75;17;65-79;2023;46;0;143936,00000000000;0,000000000000000000;0,0000000000000
75;17;65-79;2024;63;0;146879,00000000000;0,000000000000000000;0,0000000000000
75;17;80+;2019;14;0;54980,00000000000;0,000000000000000000;0,0000000000000
75;17;80+;2020;9;0;54723,00000000000;0,000000000000000000;0,0000000000000
75;17;80+;2021;11;0;54549,00000000000;0,000000000000000000;0,0000000000000
75;17;80+;2022;9;0;53972,00000000000;0,000000000000000000;0,0000000000000
75;17;80+;2023;19;0;53945,00000000000;0,000000000000000000;0,0000000000000
75;17;80+;2024;9;0;55092,00000000000;0,000000000000000000;0,0000000000000
75;17;NA;2019;0;0;NA;NA;NA
75;17;NA;2020;0;0;NA;NA;NA
75;17;NA;2021;0;0;NA;NA;NA
75;17;NA;2022;0;0;NA;NA;NA
75;17;NA;2023;0;0;NA;NA;NA
75;17;NA;2024;0;0;NA;NA;NA
75;19;0-1;2019;41;0;3823,87872048462;0,000000000000000000;0,0000000000000
75;19;0-1;2020;21;0;3819,56711043635;0,000000000000000000;0,0000000000000
75;19;0-1;2021;23;0;3815,43465742832;0,000000000000000000;0,0000000000000
75;19;0-1;2022;44;0;3777,28744804259;0,000000000000000000;0,0000000000000
75;19;0-1;2023;37;0;3751,06235723864;0,000000000000000000;0,0000000000000
75;19;0-1;2024;67;7;3561,56847095572;0,104477611940298504;372,1041686073140
75;19;2-4;2019;40;0;6139,12127951538;0,000000000000000000;0,0000000000000
75;19;2-4;2020;18;0;6066,43288956365;0,000000000000000000;0,0000000000000
75;19;2-4;2021;48;0;6040,56534257168;0,000000000000000000;0,0000000000000
75;19;2-4;2022;41;0;5947,71255195741;0,000000000000000000;0,0000000000000
75;19;2-4;2023;26;0;5889,93764276136;0,000000000000000000;0,0000000000000
75;19;2-4;2024;42;0;5829,43152904428;0,000000000000000000;0,0000000000000
75;19;5-17;2019;187;6;33394,22133562212;0,032085561497326207;1071,4723423194264
75;19;5-17;2020;91;0;32553,55316346162;0,000000000000000000;0,0000000000000
75;19;5-17;2021;144;0;32111,95088484629;0,000000000000000000;0,0000000000000
75;19;5-17;2022;183;0;31706,54209859050;0,000000000000000000;0,0000000000000
75;19;5-17;2023;201;0;31516,33387122272;0,000000000000000000;0,0000000000000
75;19;5-17;2024;177;0;31563,91599309613;0,000000000000000000;0,0000000000000
75;19;18-64;2019;478;0;130711,77866437788;0,000000000000000000;0,0000000000000
75;19;18-64;2020;348;0;129886,44683653838;0,000000000000000000;0,0000000000000
75;19;18-64;2021;485;5;130258,04911515371;0,010309278350515464;1342,8664857232341
75;19;18-64;2022;616;5;130175,45790140951;0,008116883116883116;1056,6189764724797
75;19;18-64;2023;649;6;129608,66612877729;0,009244992295839754;1198,2311198346129
75;19;18-64;2024;502;10;128872,08400690387;0,019920318725099601;2567,1729881853362
75;19;65-79;2019;123;0;44011,00000000000;0,000000000000000000;0,0000000000000
75;19;65-79;2020;121;0;44752,00000000000;0,000000000000000000;0,0000000000000
75;19;65-79;2021;161;0;45814,00000000000;0,000000000000000000;0,0000000000000
75;19;65-79;2022;196;0;47305,00000000000;0,000000000000000000;0,0000000000000
75;19;65-79;2023;92;0;48242,00000000000;0,000000000000000000;0,0000000000000
75;19;65-79;2024;221;0;49031,00000000000;0,000000000000000000;0,0000000000000
75;19;80+;2019;67;0;21993,00000000000;0,000000000000000000;0,0000000000000
75;19;80+;2020;45;0;22112,00000000000;0,000000000000000000;0,0000000000000
75;19;80+;2021;62;0;21744,00000000000;0,000000000000000000;0,0000000000000
75;19;80+;2022;88;0;21208,00000000000;0,000000000000000000;0,0000000000000
75;19;80+;2023;82;0;20903,00000000000;0,000000000000000000;0,0000000000000
75;19;80+;2024;85;0;20846,00000000000;0,000000000000000000;0,0000000000000
75;19;NA;2019;0;0;NA;NA;NA
75;19;NA;2020;0;0;NA;NA;NA
75;19;NA;2021;0;0;NA;NA;NA
75;19;NA;2022;0;0;NA;NA;NA
75;19;NA;2023;34;0;NA;0,000000000000000000;NA
75;19;NA;2024;0;0;NA;NA;NA
75;23;0-1;2019;13;0;1651,14185039896;0,000000000000000000;0,0000000000000
75;23;0-1;2020;11;0;1657,87603387441;0,000000000000000000;0,0000000000000
75;23;0-1;2021;11;0;1663,83301112286;0,000000000000000000;0,0000000000000
75;23;0-1;2022;132;0;1689,19517856424;0,000000000000000000;0,0000000000000
75;23;0-1;2023;74;0;1657,84428007404;0,000000000000000000;0,0000000000000
75;23;0-1;2024;82;0;1595,51896042069;0,000000000000000000;0,0000000000000
75;23;2-4;2019;27;0;2650,85814960104;0,000000000000000000;0,0000000000000
75;23;2-4;2020;25;0;2633,12396612559;0,000000000000000000;0,0000000000000
75;23;2-4;2021;20;0;2634,16698887714;0,000000000000000000;0,0000000000000
75;23;2-4;2022;98;0;2659,80482143576;0,000000000000000000;0,0000000000000
75;23;2-4;2023;77;0;2603,15571992596;0,000000000000000000;0,0000000000000
75;23;2-4;2024;86;0;2611,48103957931;0,000000000000000000;0,0000000000000
75;23;5-17;2019;184;0;14715,72419506755;0,000000000000000000;0,0000000000000
75;23;5-17;2020;126;0;14488,80359032644;0,000000000000000000;0,0000000000000
75;23;5-17;2021;114;0;14327,90683992207;0,000000000000000000;0,0000000000000
75;23;5-17;2022;250;0;14156,30360854326;0,000000000000000000;0,0000000000000
75;23;5-17;2023;221;0;14122,66195864317;0,000000000000000000;0,0000000000000
75;23;5-17;2024;287;0;14105,20116197847;0,000000000000000000;0,0000000000000
75;23;18-64;2019;780;0;62206,27580493245;0,000000000000000000;0,0000000000000
75;23;18-64;2020;689;0;61563,19640967356;0,000000000000000000;0,0000000000000
75;23;18-64;2021;616;0;61030,09316007793;0,000000000000000000;0,0000000000000
75;23;18-64;2022;560;0;60757,69639145675;0,000000000000000000;0,0000000000000
75;23;18-64;2023;305;0;60110,33804135683;0,000000000000000000;0,0000000000000
75;23;18-64;2024;306;0;59437,79883802153;0,000000000000000000;0,0000000000000
75;23;65-79;2019;339;0;23285,00000000000;0,000000000000000000;0,0000000000000
75;23;65-79;2020;314;0;23793,00000000000;0,000000000000000000;0,0000000000000
75;23;65-79;2021;287;0;24455,00000000000;0,000000000000000000;0,0000000000000
75;23;65-79;2022;177;0;25092,00000000000;0,000000000000000000;0,0000000000000
75;23;65-79;2023;222;0;25621,00000000000;0,000000000000000000;0,0000000000000
75;23;65-79;2024;295;0;26209,00000000000;0,000000000000000000;0,0000000000000
75;23;80+;2019;473;0;12108,00000000000;0,000000000000000000;0,0000000000000
75;23;80+;2020;368;0;11859,00000000000;0,000000000000000000;0,0000000000000
75;23;80+;2021;337;0;11591,00000000000;0,000000000000000000;0,0000000000000
75;23;80+;2022;230;0;11174,00000000000;0,000000000000000000;0,0000000000000
75;23;80+;2023;180;0;10825,00000000000;0,000000000000000000;0,0000000000000
75;23;80+;2024;260;0;10641,00000000000;0,000000000000000000;0,0000000000000
75;23;NA;2019;0;0;NA;NA;NA
75;23;NA;2020;0;0;NA;NA;NA
75;23;NA;2021;0;0;NA;NA;NA
75;23;NA;2022;0;0;NA;NA;NA
75;23;NA;2023;10;0;NA;0,000000000000000000;NA
75;23;NA;2024;0;0;NA;NA;NA
75;24;0-1;2019;6;0;6160,88539809486;0,000000000000000000;0,0000000000000
75;24;0-1;2020;7;0;6242,43837783938;0,000000000000000000;0,0000000000000
75;24;0-1;2021;3;0;6265,11713634537;0,000000000000000000;0,0000000000000
75;24;0-1;2022;9;0;6241,74902725393;0,000000000000000000;0,0000000000000
75;24;0-1;2023;9;0;6197,94869316580;0,000000000000000000;0,0000000000000
75;24;0-1;2024;6;0;5953,89877814225;0,000000000000000000;0,0000000000000
75;24;2-4;2019;17;0;9891,11460190514;0,000000000000000000;0,0000000000000
75;24;2-4;2020;5;0;9914,56162216062;0,000000000000000000;0,0000000000000
75;24;2-4;2021;10;0;9918,88286365463;0,000000000000000000;0,0000000000000
75;24;2-4;2022;5;0;9828,25097274607;0,000000000000000000;0,0000000000000
75;24;2-4;2023;6;0;9732,05130683420;0,000000000000000000;0,0000000000000
75;24;2-4;2024;7;0;9745,10122185775;0,000000000000000000;0,0000000000000
75;24;5-17;2019;35;0;55121,61732159498;0,000000000000000000;0,0000000000000
75;24;5-17;2020;16;0;54005,73722378437;0,000000000000000000;0,0000000000000
75;24;5-17;2021;14;0;53475,68526678236;0,000000000000000000;0,0000000000000
75;24;5-17;2022;20;0;53511,87790808899;0,000000000000000000;0,0000000000000
75;24;5-17;2023;31;0;53306,76969062909;0,000000000000000000;0,0000000000000
75;24;5-17;2024;31;0;53179,08980570863;0,000000000000000000;0,0000000000000
75;24;18-64;2019;115;0;221831,38267840500;0,000000000000000000;0,0000000000000
75;24;18-64;2020;67;0;221009,26277621562;0,000000000000000000;0,0000000000000
75;24;18-64;2021;87;0;220626,31473321764;0,000000000000000000;0,0000000000000
75;24;18-64;2022;75;0;221594,12209191101;0,000000000000000000;0,0000000000000
75;24;18-64;2023;86;0;220753,23030937091;0,000000000000000000;0,0000000000000
75;24;18-64;2024;105;0;220065,91019429138;0,000000000000000000;0,0000000000000
75;24;65-79;2019;25;0;81836,00000000000;0,000000000000000000;0,0000000000000
75;24;65-79;2020;26;0;83711,00000000000;0,000000000000000000;0,0000000000000
75;24;65-79;2021;30;0;86033,00000000000;0,000000000000000000;0,0000000000000
75;24;65-79;2022;31;0;88885,00000000000;0,000000000000000000;0,0000000000000
75;24;65-79;2023;31;0;91017,00000000000;0,000000000000000000;0,0000000000000
75;24;65-79;2024;43;0;92737,00000000000;0,000000000000000000;0,0000000000000
75;24;80+;2019;7;0;38382,00000000000;0,000000000000000000;0,0000000000000
75;24;80+;2020;8;0;37924,00000000000;0,000000000000000000;0,0000000000000
75;24;80+;2021;10;0;37411,00000000000;0,000000000000000000;0,0000000000000
75;24;80+;2022;8;0;36264,00000000000;0,000000000000000000;0,0000000000000
75;24;80+;2023;18;0;35664,00000000000;0,000000000000000000;0,0000000000000
75;24;80+;2024;7;0;35716,00000000000;0,000000000000000000;0,0000000000000
75;24;NA;2019;0;0;NA;NA;NA
75;24;NA;2020;0;0;NA;NA;NA
75;24;NA;2021;0;0;NA;NA;NA
75;24;NA;2022;0;0;NA;NA;NA
75;24;NA;2023;1;0;NA;0,000000000000000000;NA
75;24;NA;2024;0;0;NA;NA;NA
75;33;0-1;2019;32;0;32615,23295285975;0,000000000000000000;0,0000000000000
75;33;0-1;2020;22;0;32420,34345245146;0,000000000000000000;0,0000000000000
75;33;0-1;2021;39;0;32299,96159819876;0,000000000000000000;0,0000000000000
75;33;0-1;2022;44;0;32426,41055011166;0,000000000000000000;0,0000000000000
75;33;0-1;2023;67;5;32181,47710344149;0,074626865671641784;2401,6027689135435
75;33;0-1;2024;44;0;30836,71289585120;0,000000000000000000;0,0000000000000
75;33;2-4;2019;33;0;52362,76704714025;0,000000000000000000;0,0000000000000
75;33;2-4;2020;35;0;51491,65654754854;0,000000000000000000;0,0000000000000
75;33;2-4;2021;62;0;51137,03840180124;0,000000000000000000;0,0000000000000
75;33;2-4;2022;66;0;51058,58944988834;0,000000000000000000;0,0000000000000
75;33;2-4;2023;40;0;50531,52289655851;0,000000000000000000;0,0000000000000
75;33;2-4;2024;45;0;50472,28710414880;0,000000000000000000;0,0000000000000
75;33;5-17;2019;136;0;251618,12778244211;0,000000000000000000;0,0000000000000
75;33;5-17;2020;99;0;252239,53189538454;0,000000000000000000;0,0000000000000
75;33;5-17;2021;104;0;254549,93708834777;0,000000000000000000;0,0000000000000
75;33;5-17;2022;120;0;256207,80899914724;0,000000000000000000;0,0000000000000
75;33;5-17;2023;115;0;257047,90819689733;0,000000000000000000;0,0000000000000
75;33;5-17;2024;119;0;257548,99590129097;0,000000000000000000;0,0000000000000
75;33;18-64;2019;389;7;973567,87221755786;0,017994858611825194;17519,2162095704516
75;33;18-64;2020;317;6;979400,46810461546;0,018927444794952682;18537,5482922009251
75;33;18-64;2021;376;9;988690,06291165226;0,023936170212765957;23665,4536335235898
75;33;18-64;2022;366;6;1000699,19100085273;0,016393442622950821;16404,9047705057819
75;33;18-64;2023;373;15;1009720,09180310264;0,040214477211796246;40605,3656221086858
75;33;18-64;2024;442;30;1019535,00409870897;0,067873303167420809;69199,2084229892935
75;33;65-79;2019;98;0;219716,00000000000;0,000000000000000000;0,0000000000000
75;33;65-79;2020;63;0;225903,00000000000;0,000000000000000000;0,0000000000000
75;33;65-79;2021;84;0;233663,00000000000;0,000000000000000000;0,0000000000000
75;33;65-79;2022;114;0;240538,00000000000;0,000000000000000000;0,0000000000000
75;33;65-79;2023;90;0;246420,00000000000;0,000000000000000000;0,0000000000000
75;33;65-79;2024;96;0;250353,00000000000;0,000000000000000000;0,0000000000000
75;33;80+;2019;24;0;93869,00000000000;0,000000000000000000;0,0000000000000
75;33;80+;2020;17;0;94936,00000000000;0,000000000000000000;0,0000000000000
75;33;80+;2021;21;0;94630,00000000000;0,000000000000000000;0,0000000000000
75;33;80+;2022;30;0;94050,00000000000;0,000000000000000000;0,0000000000000
75;33;80+;2023;31;0;93813,00000000000;0,000000000000000000;0,0000000000000
75;33;80+;2024;26;0;95851,00000000000;0,000000000000000000;0,0000000000000
75;33;NA;2019;0;0;NA;NA;NA
75;33;NA;2020;0;0;NA;NA;NA
75;33;NA;2021;0;0;NA;NA;NA
75;33;NA;2022;0;0;NA;NA;NA
75;33;NA;2023;5;0;NA;0,000000000000000000;NA
75;33;NA;2024;0;0;NA;NA;NA
75;40;0-1;2019;5;0;7047,48178917380;0,000000000000000000;0,0000000000000
75;40;0-1;2020;6;0;7095,52397159251;0,000000000000000000;0,0000000000000
75;40;0-1;2021;7;0;7152,00439285595;0,000000000000000000;0,0000000000000
75;40;0-1;2022;4;0;7044,20412932653;0,000000000000000000;0,0000000000000
75;40;0-1;2023;9;0;7075,31054521156;0,000000000000000000;0,0000000000000
75;40;0-1;2024;2;0;6749,19311139687;0,000000000000000000;0,0000000000000
75;40;2-4;2019;6;0;11314,51821082621;0,000000000000000000;0,0000000000000
75;40;2-4;2020;2;0;11269,47602840749;0,000000000000000000;0,0000000000000
75;40;2-4;2021;5;0;11322,99560714405;0,000000000000000000;0,0000000000000
75;40;2-4;2022;6;0;11091,79587067347;0,000000000000000000;0,0000000000000
75;40;2-4;2023;6;0;11109,68945478844;0,000000000000000000;0,0000000000000
75;40;2-4;2024;4;0;11046,80688860313;0,000000000000000000;0,0000000000000
75;40;5-17;2019;15;0;60753,43936381362;0,000000000000000000;0,0000000000000
75;40;5-17;2020;16;0;60515,76248839818;0,000000000000000000;0,0000000000000
75;40;5-17;2021;18;0;60539,92464287442;0,000000000000000000;0,0000000000000
75;40;5-17;2022;32;0;60425,99647543668;0,000000000000000000;0,0000000000000
75;40;5-17;2023;16;0;60392,00928629734;0,000000000000000000;0,0000000000000
75;40;5-17;2024;17;0;60783,89107191035;0,000000000000000000;0,0000000000000
75;40;18-64;2019;85;0;229998,56063618636;0,000000000000000000;0,0000000000000
75;40;18-64;2020;56;0;231295,23751160182;0,000000000000000000;0,0000000000000
75;40;18-64;2021;87;7;233916,07535712558;0,080459770114942528;18820,8336494238974
75;40;18-64;2022;66;0;236689,00352456333;0,000000000000000000;0,0000000000000
75;40;18-64;2023;96;0;238413,99071370266;0,000000000000000000;0,0000000000000
75;40;18-64;2024;119;0;239972,10892808964;0,000000000000000000;0,0000000000000
75;40;65-79;2019;17;0;73195,00000000000;0,000000000000000000;0,0000000000000
75;40;65-79;2020;16;0;75974,00000000000;0,000000000000000000;0,0000000000000
75;40;65-79;2021;13;0;78496,00000000000;0,000000000000000000;0,0000000000000
75;40;65-79;2022;19;0;81460,00000000000;0,000000000000000000;0,0000000000000
75;40;65-79;2023;25;0;83935,00000000000;0,000000000000000000;0,0000000000000
75;40;65-79;2024;26;0;86005,00000000000;0,000000000000000000;0,0000000000000
75;40;80+;2019;1;0;31381,00000000000;0,000000000000000000;0,0000000000000
75;40;80+;2020;4;0;31972,00000000000;0,000000000000000000;0,0000000000000
75;40;80+;2021;3;0;31549,00000000000;0,000000000000000000;0,0000000000000
75;40;80+;2022;1;0;31716,00000000000;0,000000000000000000;0,0000000000000
75;40;80+;2023;4;0;31791,00000000000;0,000000000000000000;0,0000000000000
75;40;80+;2024;4;0;32315,00000000000;0,000000000000000000;0,0000000000000
75;40;NA;2019;0;0;NA;NA;NA
75;40;NA;2020;0;0;NA;NA;NA
75;40;NA;2021;0;0;NA;NA;NA
75;40;NA;2022;0;0;NA;NA;NA
75;40;NA;2023;4;0;NA;0,000000000000000000;NA
75;40;NA;2024;0;0;NA;NA;NA
75;47;0-1;2019;4;0;5812,38776904738;0,000000000000000000;0,0000000000000
75;47;0-1;2020;5;0;5812,41832990132;0,000000000000000000;0,0000000000000
75;47;0-1;2021;11;0;5891,54830066981;0,000000000000000000;0,0000000000000
75;47;0-1;2022;8;0;5946,55741177708;0,000000000000000000;0,0000000000000
75;47;0-1;2023;11;0;5887,07857352742;0,000000000000000000;0,0000000000000
75;47;0-1;2024;9;0;5638,35996780947;0,000000000000000000;0,0000000000000
75;47;2-4;2019;4;0;9331,61223095262;0,000000000000000000;0,0000000000000
75;47;2-4;2020;9;0;9231,58167009868;0,000000000000000000;0,0000000000000
75;47;2-4;2021;8;0;9327,45169933019;0,000000000000000000;0,0000000000000
75;47;2-4;2022;4;0;9363,44258822292;0,000000000000000000;0,0000000000000
75;47;2-4;2023;4;0;9243,92142647259;0,000000000000000000;0,0000000000000
75;47;2-4;2024;3;0;9228,64003219053;0,000000000000000000;0,0000000000000
75;47;5-17;2019;9;0;48772,30161940845;0,000000000000000000;0,0000000000000
75;47;5-17;2020;13;0;48399,32611575073;0,000000000000000000;0,0000000000000
75;47;5-17;2021;9;0;48117,06941060963;0,000000000000000000;0,0000000000000
75;47;5-17;2022;13;0;47711,28710437831;0,000000000000000000;0,0000000000000
75;47;5-17;2023;14;0;47624,00461630392;0,000000000000000000;0,0000000000000
75;47;5-17;2024;11;0;47644,41305303929;0,000000000000000000;0,0000000000000
75;47;18-64;2019;67;0;179790,69838059155;0,000000000000000000;0,0000000000000
75;47;18-64;2020;42;0;178473,67388424926;0,000000000000000000;0,0000000000000
75;47;18-64;2021;40;0;177970,93058939037;0,000000000000000000;0,0000000000000
75;47;18-64;2022;64;0;178597,71289562169;0,000000000000000000;0,0000000000000
75;47;18-64;2023;36;0;178005,99538369608;0,000000000000000000;0,0000000000000
75;47;18-64;2024;76;0;177487,58694696071;0,000000000000000000;0,0000000000000
75;47;65-79;2019;15;0;59262,00000000000;0,000000000000000000;0,0000000000000
75;47;65-79;2020;10;0;60508,00000000000;0,000000000000000000;0,0000000000000
75;47;65-79;2021;22;0;61826,00000000000;0,000000000000000000;0,0000000000000
75;47;65-79;2022;12;0;62881,00000000000;0,000000000000000000;0,0000000000000
75;47;65-79;2023;20;0;63865,00000000000;0,000000000000000000;0,0000000000000
75;47;65-79;2024;19;0;64645,00000000000;0,000000000000000000;0,0000000000000
75;47;80+;2019;8;0;28302,00000000000;0,000000000000000000;0,0000000000000
75;47;80+;2020;3;0;28419,00000000000;0,000000000000000000;0,0000000000000
75;47;80+;2021;3;0;28096,00000000000;0,000000000000000000;0,0000000000000
75;47;80+;2022;6;0;27726,00000000000;0,000000000000000000;0,0000000000000
75;47;80+;2023;7;0;27454,00000000000;0,000000000000000000;0,0000000000000
75;47;80+;2024;6;0;27674,00000000000;0,000000000000000000;0,0000000000000
75;47;NA;2019;0;0;NA;NA;NA
75;47;NA;2020;0;0;NA;NA;NA
75;47;NA;2021;0;0;NA;NA;NA
75;47;NA;2022;0;0;NA;NA;NA
75;47;NA;2023;0;0;NA;NA;NA
75;47;NA;2024;0;0;NA;NA;NA
75;64;0-1;2019;4;0;12003,21018813971;0,000000000000000000;0,0000000000000
75;64;0-1;2020;7;0;12167,28782539567;0,000000000000000000;0,0000000000000
75;64;0-1;2021;9;0;12052,14358661891;0,000000000000000000;0,0000000000000
75;64;0-1;2022;15;0;11808,82984913511;0,000000000000000000;0,0000000000000
75;64;0-1;2023;18;0;11764,43029725388;0,000000000000000000;0,0000000000000
75;64;0-1;2024;10;0;11294,16559099791;0,000000000000000000;0,0000000000000
75;64;2-4;2019;12;0;19270,78981186029;0,000000000000000000;0,0000000000000
75;64;2-4;2020;7;0;19324,71217460433;0,000000000000000000;0,0000000000000
75;64;2-4;2021;17;0;19080,85641338109;0,000000000000000000;0,0000000000000
75;64;2-4;2022;20;0;18594,17015086488;0,000000000000000000;0,0000000000000
75;64;2-4;2023;12;0;18472,56970274612;0,000000000000000000;0,0000000000000
75;64;2-4;2024;10;0;18485,83440900209;0,000000000000000000;0,0000000000000
75;64;5-17;2019;35;0;98088,18559411369;0,000000000000000000;0,0000000000000
75;64;5-17;2020;29;0;97874,36886779917;0,000000000000000000;0,0000000000000
75;64;5-17;2021;33;0;97899,29354317754;0,000000000000000000;0,0000000000000
75;64;5-17;2022;33;0;98033,13005541379;0,000000000000000000;0,0000000000000
75;64;5-17;2023;50;0;97748,70986634294;0,000000000000000000;0,0000000000000
75;64;5-17;2024;27;0;97537,59416867167;0,000000000000000000;0,0000000000000
75;64;18-64;2019;154;0;388269,81440588634;0,000000000000000000;0,0000000000000
75;64;18-64;2020;92;0;389504,63113220083;0,000000000000000000;0,0000000000000
75;64;18-64;2021;107;0;392299,70645682246;0,000000000000000000;0,0000000000000
75;64;18-64;2022;105;0;395578,86994458619;0,000000000000000000;0,0000000000000
75;64;18-64;2023;89;0;397274,29013365705;0,000000000000000000;0,0000000000000
75;64;18-64;2024;143;0;398927,40583132830;0,000000000000000000;0,0000000000000
75;64;65-79;2019;50;0;110757,00000000000;0,000000000000000000;0,0000000000000
75;64;65-79;2020;36;0;114201,00000000000;0,000000000000000000;0,0000000000000
75;64;65-79;2021;35;0;118033,00000000000;0,000000000000000000;0,0000000000000
75;64;65-79;2022;47;0;121205,00000000000;0,000000000000000000;0,0000000000000
75;64;65-79;2023;35;0;124400,00000000000;0,000000000000000000;0,0000000000000
75;64;65-79;2024;42;0;127637,00000000000;0,000000000000000000;0,0000000000000
75;64;80+;2019;11;0;54232,00000000000;0,000000000000000000;0,0000000000000
75;64;80+;2020;1;0;54168,00000000000;0,000000000000000000;0,0000000000000
75;64;80+;2021;11;0;53662,00000000000;0,000000000000000000;0,0000000000000
75;64;80+;2022;14;0;54253,00000000000;0,000000000000000000;0,0000000000000
75;64;80+;2023;7;0;54414,00000000000;0,000000000000000000;0,0000000000000
75;64;80+;2024;12;0;54943,00000000000;0,000000000000000000;0,0000000000000
75;64;NA;2019;0;0;NA;NA;NA
75;64;NA;2020;0;0;NA;NA;NA
75;64;NA;2021;0;0;NA;NA;NA
75;64;NA;2022;0;0;NA;NA;NA
75;64;NA;2023;4;0;NA;0,000000000000000000;NA
75;64;NA;2024;0;0;NA;NA;NA
75;79;0-1;2019;6;0;6928,88512906843;0,000000000000000000;0,0000000000000
75;79;0-1;2020;2;0;6978,84288041795;0,000000000000000000;0,0000000000000
75;79;0-1;2021;1;0;6760,24101285215;0,000000000000000000;0,0000000000000
75;79;0-1;2022;6;0;6809,99288704687;0,000000000000000000;0,0000000000000
75;79;0-1;2023;4;0;6635,26786021655;0,000000000000000000;0,0000000000000
75;79;0-1;2024;7;0;6277,40190940891;0,000000000000000000;0,0000000000000
75;79;2-4;2019;2;0;11124,11487093157;0,000000000000000000;0,0000000000000
75;79;2-4;2020;2;0;11084,15711958205;0,000000000000000000;0,0000000000000
75;79;2-4;2021;3;0;10702,75898714785;0,000000000000000000;0,0000000000000
75;79;2-4;2022;4;0;10723,00711295313;0,000000000000000000;0,0000000000000
75;79;2-4;2023;1;0;10418,73213978345;0,000000000000000000;0,0000000000000
75;79;2-4;2024;3;0;10274,59809059109;0,000000000000000000;0,0000000000000
75;79;5-17;2019;30;0;60022,88972378613;0,000000000000000000;0,0000000000000
75;79;5-17;2020;19;0;59321,33027458209;0,000000000000000000;0,0000000000000
75;79;5-17;2021;27;0;58515,86296293604;0,000000000000000000;0,0000000000000
75;79;5-17;2022;29;0;58400,95329548292;0,000000000000000000;0,0000000000000
75;79;5-17;2023;16;0;57822,41467692335;0,000000000000000000;0,0000000000000
75;79;5-17;2024;13;0;57476,48482294982;0,000000000000000000;0,0000000000000
75;79;18-64;2019;67;0;208981,11027621388;0,000000000000000000;0,0000000000000
75;79;18-64;2020;54;0;208586,66972541792;0,000000000000000000;0,0000000000000
75;79;18-64;2021;51;0;208206,13703706395;0,000000000000000000;0,0000000000000
75;79;18-64;2022;67;0;208368,04670451707;0,000000000000000000;0,0000000000000
75;79;18-64;2023;117;6;208035,58532307664;0,051282051282051280;10668,4915550295700
75;79;18-64;2024;85;0;207631,51517705020;0,000000000000000000;0,0000000000000
75;79;65-79;2019;32;0;58648,00000000000;0,000000000000000000;0,0000000000000
75;79;65-79;2020;19;0;59810,00000000000;0,000000000000000000;0,0000000000000
75;79;65-79;2021;26;0;61825,00000000000;0,000000000000000000;0,0000000000000
75;79;65-79;2022;27;0;63206,00000000000;0,000000000000000000;0,0000000000000
75;79;65-79;2023;25;0;64517,00000000000;0,000000000000000000;0,0000000000000
75;79;65-79;2024;28;0;65632,00000000000;0,000000000000000000;0,0000000000000
75;79;80+;2019;6;0;29173,00000000000;0,000000000000000000;0,0000000000000
75;79;80+;2020;1;0;28700,00000000000;0,000000000000000000;0,0000000000000
75;79;80+;2021;5;0;28577,00000000000;0,000000000000000000;0,0000000000000
75;79;80+;2022;6;0;27907,00000000000;0,000000000000000000;0,0000000000000
75;79;80+;2023;4;0;27587,00000000000;0,000000000000000000;0,0000000000000
75;79;80+;2024;3;0;27598,00000000000;0,000000000000000000;0,0000000000000
75;79;NA;2019;0;0;NA;NA;NA
75;79;NA;2020;0;0;NA;NA;NA
75;79;NA;2021;0;0;NA;NA;NA
75;79;NA;2022;0;0;NA;NA;NA
75;79;NA;2023;5;0;NA;0,000000000000000000;NA
75;79;NA;2024;0;0;NA;NA;NA
75;86;0-1;2019;6;0;8236,13504595798;0,000000000000000000;0,0000000000000
75;86;0-1;2020;7;0;8416,10665250203;0,000000000000000000;0,0000000000000
75;86;0-1;2021;12;0;8168,18904948636;0,000000000000000000;0,0000000000000
75;86;0-1;2022;16;5;7899,87140418903;0,312500000000000000;2468,7098138090719
75;86;0-1;2023;11;0;7783,42521072077;0,000000000000000000;0,0000000000000
75;86;0-1;2024;13;0;7372,68566450636;0,000000000000000000;0,0000000000000
75;86;2-4;2019;17;0;13222,86495404202;0,000000000000000000;0,0000000000000
75;86;2-4;2020;2;0;13366,89334749797;0,000000000000000000;0,0000000000000
75;86;2-4;2021;17;0;12931,81095051364;0,000000000000000000;0,0000000000000
75;86;2-4;2022;17;0;12439,12859581097;0,000000000000000000;0,0000000000000
75;86;2-4;2023;13;0;12221,57478927923;0,000000000000000000;0,0000000000000
75;86;2-4;2024;18;0;12067,31433549364;0,000000000000000000;0,0000000000000
75;86;5-17;2019;39;0;68238,25708985528;0,000000000000000000;0,0000000000000
75;86;5-17;2020;19;0;68266,75941377479;0,000000000000000000;0,0000000000000
75;86;5-17;2021;39;0;68849,86053735710;0,000000000000000000;0,0000000000000
75;86;5-17;2022;35;0;68876,52831161419;0,000000000000000000;0,0000000000000
75;86;5-17;2023;37;0;68307,74387815264;0,000000000000000000;0,0000000000000
75;86;5-17;2024;43;0;67763,09125448586;0,000000000000000000;0,0000000000000
75;86;18-64;2019;90;0;251979,74291014473;0,000000000000000000;0,0000000000000
75;86;18-64;2020;104;0;251414,24058622521;0,000000000000000000;0,0000000000000
75;86;18-64;2021;147;6;250321,13946264290;0,040816326530612242;10217,1893658221579
75;86;18-64;2022;157;7;248943,47168838579;0,044585987261146494;11099,3904574439512
75;86;18-64;2023;72;0;248409,25612184737;0,000000000000000000;0,0000000000000
75;86;18-64;2024;161;6;248094,90874551414;0,037267080745341616;9245,7729967272353
75;86;65-79;2019;25;0;64880,00000000000;0,000000000000000000;0,0000000000000
75;86;65-79;2020;15;0;66144,00000000000;0,000000000000000000;0,0000000000000
75;86;65-79;2021;31;0;68112,00000000000;0,000000000000000000;0,0000000000000
75;86;65-79;2022;34;0;70060,00000000000;0,000000000000000000;0,0000000000000
75;86;65-79;2023;29;0;71474,00000000000;0,000000000000000000;0,0000000000000
75;86;65-79;2024;44;0;72612,00000000000;0,000000000000000000;0,0000000000000
75;86;80+;2019;12;0;31878,00000000000;0,000000000000000000;0,0000000000000
75;86;80+;2020;9;0;31724,00000000000;0,000000000000000000;0,0000000000000
75;86;80+;2021;5;0;31002,00000000000;0,000000000000000000;0,0000000000000
75;86;80+;2022;8;0;30469,00000000000;0,000000000000000000;0,0000000000000
75;86;80+;2023;8;0;29946,00000000000;0,000000000000000000;0,0000000000000
75;86;80+;2024;14;0;29781,00000000000;0,000000000000000000;0,0000000000000
75;86;NA;2019;0;0;NA;NA;NA
75;86;NA;2020;0;0;NA;NA;NA
75;86;NA;2021;0;0;NA;NA;NA
75;86;NA;2022;0;0;NA;NA;NA
75;86;NA;2023;2;0;NA;0,000000000000000000;NA
75;86;NA;2024;0;0;NA;NA;NA
75;87;0-1;2019;9;0;6648,70531716903;0,000000000000000000;0,0000000000000
75;87;0-1;2020;5;0;6588,23167784348;0,000000000000000000;0,0000000000000
75;87;0-1;2021;8;0;6406,80231132698;0,000000000000000000;0,0000000000000
75;87;0-1;2022;16;0;6265,83044851652;0,000000000000000000;0,0000000000000
75;87;0-1;2023;11;0;6215,84609679955;0,000000000000000000;0,0000000000000
75;87;0-1;2024;12;0;5983,85979498875;0,000000000000000000;0,0000000000000
75;87;2-4;2019;12;0;10674,29468283097;0,000000000000000000;0,0000000000000
75;87;2-4;2020;10;0;10463,76832215652;0,000000000000000000;0,0000000000000
75;87;2-4;2021;11;0;10143,19768867302;0,000000000000000000;0,0000000000000
75;87;2-4;2022;18;0;9866,16955148348;0,000000000000000000;0,0000000000000
75;87;2-4;2023;18;0;9760,15390320045;0,000000000000000000;0,0000000000000
75;87;2-4;2024;16;0;9794,14020501125;0,000000000000000000;0,0000000000000
75;87;5-17;2019;48;0;53231,44960222758;0,000000000000000000;0,0000000000000
75;87;5-17;2020;22;0;52904,87881501477;0,000000000000000000;0,0000000000000
75;87;5-17;2021;41;0;52890,08755069164;0,000000000000000000;0,0000000000000
75;87;5-17;2022;56;0;53000,76480754328;0,000000000000000000;0,0000000000000
75;87;5-17;2023;28;0;52596,54531270662;0,000000000000000000;0,0000000000000
75;87;5-17;2024;37;0;52111,66255687005;0,000000000000000000;0,0000000000000
75;87;18-64;2019;93;0;209229,55039777243;0,000000000000000000;0,0000000000000
75;87;18-64;2020;104;5;208550,12118498521;0,048076923076923080;10026,4481338935202
75;87;18-64;2021;103;0;207014,91244930835;0,000000000000000000;0,0000000000000
75;87;18-64;2022;137;5;207026,23519245672;0,036496350364963501;7555,7020143232376
75;87;18-64;2023;99;0;206450,45468729339;0,000000000000000000;0,0000000000000
75;87;18-64;2024;151;6;205958,33744312995;0,039735099337748346;8183,7749977402627
75;87;65-79;2019;45;0;62483,00000000000;0,000000000000000000;0,0000000000000
75;87;65-79;2020;17;0;63806,00000000000;0,000000000000000000;0,0000000000000
75;87;65-79;2021;23;0;65784,00000000000;0,000000000000000000;0,0000000000000
75;87;65-79;2022;26;0;67533,00000000000;0,000000000000000000;0,0000000000000
75;87;65-79;2023;23;0;68671,00000000000;0,000000000000000000;0,0000000000000
75;87;65-79;2024;15;0;69451,00000000000;0,000000000000000000;0,0000000000000
75;87;80+;2019;15;0;30092,00000000000;0,000000000000000000;0,0000000000000
75;87;80+;2020;6;0;29810,00000000000;0,000000000000000000;0,0000000000000
75;87;80+;2021;3;0;29452,00000000000;0,000000000000000000;0,0000000000000
75;87;80+;2022;6;0;28746,00000000000;0,000000000000000000;0,0000000000000
75;87;80+;2023;6;0;28389,00000000000;0,000000000000000000;0,0000000000000
75;87;80+;2024;4;0;28548,00000000000;0,000000000000000000;0,0000000000000
75;87;NA;2019;0;0;NA;NA;NA
75;87;NA;2020;0;0;NA;NA;NA
75;87;NA;2021;0;0;NA;NA;NA
75;87;NA;2022;0;0;NA;NA;NA
75;87;NA;2023;4;0;NA;0,000000000000000000;NA
75;87;NA;2024;0;0;NA;NA;NA
76;09;0-1;2019;6;0;2581,87615705109;0,000000000000000000;0,0000000000000
76;09;0-1;2020;0;0;2559,25678125940;NA;NA
76;09;0-1;2021;1;0;2616,53032158665;0,000000000000000000;0,0000000000000
76;09;0-1;2022;5;0;2516,50852194015;0,000000000000000000;0,0000000000000
76;09;0-1;2023;2;0;2502,52391678860;0,000000000000000000;0,0000000000000
76;09;0-1;2024;6;0;2394,60582745335;0,000000000000000000;0,0000000000000
76;09;2-4;2019;1;0;4145,12384294891;0,000000000000000000;0,0000000000000
76;09;2-4;2020;1;0;4064,74321874060;0,000000000000000000;0,0000000000000
76;09;2-4;2021;0;0;4142,46967841335;NA;NA
76;09;2-4;2022;6;0;3962,49147805985;0,000000000000000000;0,0000000000000
76;09;2-4;2023;0;0;3929,47608321140;NA;NA
76;09;2-4;2024;1;0;3919,39417254665;0,000000000000000000;0,0000000000000
76;09;5-17;2019;13;0;21610,59903541590;0,000000000000000000;0,0000000000000
76;09;5-17;2020;6;0;21852,64959888792;0,000000000000000000;0,0000000000000
76;09;5-17;2021;12;0;21812,57147411885;0,000000000000000000;0,0000000000000
76;09;5-17;2022;6;0;21808,20969692646;0,000000000000000000;0,0000000000000
76;09;5-17;2023;11;0;21755,47917120293;0,000000000000000000;0,0000000000000
76;09;5-17;2024;2;0;21745,68797330110;0,000000000000000000;0,0000000000000
76;09;18-64;2019;31;0;84564,40096458410;0,000000000000000000;0,0000000000000
76;09;18-64;2020;43;0;84462,35040111208;0,000000000000000000;0,0000000000000
76;09;18-64;2021;33;0;84598,42852588116;0,000000000000000000;0,0000000000000
76;09;18-64;2022;51;0;84971,79030307353;0,000000000000000000;0,0000000000000
76;09;18-64;2023;64;0;85064,52082879706;0,000000000000000000;0,0000000000000
76;09;18-64;2024;38;0;85135,31202669890;0,000000000000000000;0,0000000000000
76;09;65-79;2019;9;0;27135,00000000000;0,000000000000000000;0,0000000000000
76;09;65-79;2020;6;0;27997,00000000000;0,000000000000000000;0,0000000000000
76;09;65-79;2021;13;0;28948,00000000000;0,000000000000000000;0,0000000000000
76;09;65-79;2022;14;0;29796,00000000000;0,000000000000000000;0,0000000000000
76;09;65-79;2023;7;0;30518,00000000000;0,000000000000000000;0,0000000000000
76;09;65-79;2024;10;0;31099,00000000000;0,000000000000000000;0,0000000000000
76;09;80+;2019;2;0;13250,00000000000;0,000000000000000000;0,0000000000000
76;09;80+;2020;2;0;13018,00000000000;0,000000000000000000;0,0000000000000
76;09;80+;2021;0;0;12478,00000000000;NA;NA
76;09;80+;2022;2;0;12284,00000000000;0,000000000000000000;0,0000000000000
76;09;80+;2023;2;0;11990,00000000000;0,000000000000000000;0,0000000000000
76;09;80+;2024;3;0;12010,00000000000;0,000000000000000000;0,0000000000000
76;09;NA;2019;0;0;NA;NA;NA
76;09;NA;2020;0;0;NA;NA;NA
76;09;NA;2021;0;0;NA;NA;NA
76;09;NA;2022;0;0;NA;NA;NA
76;09;NA;2023;0;0;NA;NA;NA
76;09;NA;2024;0;0;NA;NA;NA
76;11;0-1;2019;9;0;6600,34551401927;0,000000000000000000;0,0000000000000
76;11;0-1;2020;7;0;6490,48228689260;0,000000000000000000;0,0000000000000
76;11;0-1;2021;13;0;6545,00342462872;0,000000000000000000;0,0000000000000
76;11;0-1;2022;2;0;6462,36591882084;0,000000000000000000;0,0000000000000
76;11;0-1;2023;12;0;6371,86476760680;0,000000000000000000;0,0000000000000
76;11;0-1;2024;18;0;6130,25159882103;0,000000000000000000;0,0000000000000
76;11;2-4;2019;11;0;10596,65448598073;0,000000000000000000;0,0000000000000
76;11;2-4;2020;7;0;10308,51771310740;0,000000000000000000;0,0000000000000
76;11;2-4;2021;17;0;10361,99657537128;0,000000000000000000;0,0000000000000
76;11;2-4;2022;11;0;10175,63408117916;0,000000000000000000;0,0000000000000
76;11;2-4;2023;10;0;10005,13523239320;0,000000000000000000;0,0000000000000
76;11;2-4;2024;8;0;10033,74840117897;0,000000000000000000;0,0000000000000
76;11;5-17;2019;39;0;55581,29360183336;0,000000000000000000;0,0000000000000
76;11;5-17;2020;36;0;54938,59273917207;0,000000000000000000;0,0000000000000
76;11;5-17;2021;22;0;54248,21584569538;0,000000000000000000;0,0000000000000
76;11;5-17;2022;34;0;53683,61882836641;0,000000000000000000;0,0000000000000
76;11;5-17;2023;30;0;53328,24596657530;0,000000000000000000;0,0000000000000
76;11;5-17;2024;22;0;52965,99556866354;0,000000000000000000;0,0000000000000
76;11;18-64;2019;172;12;203415,70639816663;0,069767441860465115;14191,7934696395314
76;11;18-64;2020;57;0;203238,40726082792;0,000000000000000000;0,0000000000000
76;11;18-64;2021;93;0;203825,78415430462;0,000000000000000000;0,0000000000000
76;11;18-64;2022;57;0;204336,38117163358;0,000000000000000000;0,0000000000000
76;11;18-64;2023;123;6;204135,75403342472;0,048780487804878050;9957,8416601670597
76;11;18-64;2024;141;6;204010,00443133645;0,042553191489361701;8681,2767843121892
76;11;65-79;2019;31;0;68450,00000000000;0,000000000000000000;0,0000000000000
76;11;65-79;2020;44;0;70786,00000000000;0,000000000000000000;0,0000000000000
76;11;65-79;2021;41;0;72510,00000000000;0,000000000000000000;0,0000000000000
76;11;65-79;2022;35;0;74265,00000000000;0,000000000000000000;0,0000000000000
76;11;65-79;2023;65;0;75729,00000000000;0,000000000000000000;0,0000000000000
76;11;65-79;2024;41;0;76639,00000000000;0,000000000000000000;0,0000000000000
76;11;80+;2019;13;0;29426,00000000000;0,000000000000000000;0,0000000000000
76;11;80+;2020;17;5;29455,00000000000;0,294117647058823539;8663,2352941176468
76;11;80+;2021;11;0;28537,00000000000;0,000000000000000000;0,0000000000000
76;11;80+;2022;11;0;28850,00000000000;0,000000000000000000;0,0000000000000
76;11;80+;2023;11;0;28857,00000000000;0,000000000000000000;0,0000000000000
76;11;80+;2024;16;0;29411,00000000000;0,000000000000000000;0,0000000000000
76;11;NA;2019;0;0;NA;NA;NA
76;11;NA;2020;0;0;NA;NA;NA
76;11;NA;2021;0;0;NA;NA;NA
76;11;NA;2022;0;0;NA;NA;NA
76;11;NA;2023;2;0;NA;0,000000000000000000;NA
76;11;NA;2024;0;0;NA;NA;NA
76;12;0-1;2019;31;0;4585,73752407409;0,000000000000000000;0,0000000000000
76;12;0-1;2020;15;0;4535,10810664595;0,000000000000000000;0,0000000000000
76;12;0-1;2021;13;0;4597,41294557820;0,000000000000000000;0,0000000000000
76;12;0-1;2022;27;0;4652,37522392331;0,000000000000000000;0,0000000000000
76;12;0-1;2023;17;0;4529,21034131470;0,000000000000000000;0,0000000000000
76;12;0-1;2024;23;0;4264,32498002621;0,000000000000000000;0,0000000000000
76;12;2-4;2019;20;0;7362,26247592591;0,000000000000000000;0,0000000000000
76;12;2-4;2020;10;0;7202,89189335405;0,000000000000000000;0,0000000000000
76;12;2-4;2021;23;0;7278,58705442180;0,000000000000000000;0,0000000000000
76;12;2-4;2022;22;0;7325,62477607669;0,000000000000000000;0,0000000000000
76;12;2-4;2023;15;0;7111,78965868530;0,000000000000000000;0,0000000000000
76;12;2-4;2024;19;0;6979,67501997379;0,000000000000000000;0,0000000000000
76;12;5-17;2019;62;0;39219,00321211993;0,000000000000000000;0,0000000000000
76;12;5-17;2020;40;0;38758,88560970058;0,000000000000000000;0,0000000000000
76;12;5-17;2021;75;0;38347,97490326635;0,000000000000000000;0,0000000000000
76;12;5-17;2022;63;0;38122,86285654995;0,000000000000000000;0,0000000000000
76;12;5-17;2023;72;0;37916,24423210573;0,000000000000000000;0,0000000000000
76;12;5-17;2024;68;0;37852,77731702720;0,000000000000000000;0,0000000000000
76;12;18-64;2019;133;0;151429,99678788008;0,000000000000000000;0,0000000000000
76;12;18-64;2020;195;0;150945,11439029942;0,000000000000000000;0,0000000000000
76;12;18-64;2021;141;0;151027,02509673365;0,000000000000000000;0,0000000000000
76;12;18-64;2022;260;0;151430,13714345006;0,000000000000000000;0,0000000000000
76;12;18-64;2023;215;0;151054,75576789427;0,000000000000000000;0,0000000000000
76;12;18-64;2024;223;6;150526,22268297279;0,026905829596412557;4050,0328972997163
76;12;65-79;2019;83;0;50618,00000000000;0,000000000000000000;0,0000000000000
76;12;65-79;2020;70;0;51601,00000000000;0,000000000000000000;0,0000000000000
76;12;65-79;2021;63;0;52864,00000000000;0,000000000000000000;0,0000000000000
76;12;65-79;2022;68;0;53497,00000000000;0,000000000000000000;0,0000000000000
76;12;65-79;2023;90;0;54598,00000000000;0,000000000000000000;0,0000000000000
76;12;65-79;2024;77;0;55507,00000000000;0,000000000000000000;0,0000000000000
76;12;80+;2019;60;0;26380,00000000000;0,000000000000000000;0,0000000000000
76;12;80+;2020;48;0;26511,00000000000;0,000000000000000000;0,0000000000000
76;12;80+;2021;40;0;25534,00000000000;0,000000000000000000;0,0000000000000
76;12;80+;2022;44;0;24708,00000000000;0,000000000000000000;0,0000000000000
76;12;80+;2023;52;0;24031,00000000000;0,000000000000000000;0,0000000000000
76;12;80+;2024;35;0;23691,00000000000;0,000000000000000000;0,0000000000000
76;12;NA;2019;0;0;NA;NA;NA
76;12;NA;2020;0;0;NA;NA;NA
76;12;NA;2021;0;0;NA;NA;NA
76;12;NA;2022;0;0;NA;NA;NA
76;12;NA;2023;2;0;NA;0,000000000000000000;NA
76;12;NA;2024;0;0;NA;NA;NA
76;30;0-1;2019;58;0;14665,68601710706;0,000000000000000000;0,0000000000000
76;30;0-1;2020;35;0;14502,84145503230;0,000000000000000000;0,0000000000000
76;30;0-1;2021;44;0;14580,79813027981;0,000000000000000000;0,0000000000000
76;30;0-1;2022;69;0;14580,91216447496;0,000000000000000000;0,0000000000000
76;30;0-1;2023;58;0;14439,70306650737;0,000000000000000000;0,0000000000000
76;30;0-1;2024;42;0;13863,98647899662;0,000000000000000000;0,0000000000000
76;30;2-4;2019;86;0;23545,31398289294;0,000000000000000000;0,0000000000000
76;30;2-4;2020;50;0;23034,15854496770;0,000000000000000000;0,0000000000000
76;30;2-4;2021;57;0;23084,20186972019;0,000000000000000000;0,0000000000000
76;30;2-4;2022;60;0;22959,08783552504;0,000000000000000000;0,0000000000000
76;30;2-4;2023;58;0;22673,29693349263;0,000000000000000000;0,0000000000000
76;30;2-4;2024;56;0;22692,01352100338;0,000000000000000000;0,0000000000000
76;30;5-17;2019;178;0;116568,94585953650;0,000000000000000000;0,0000000000000
76;30;5-17;2020;153;0;116171,71975853748;0,000000000000000000;0,0000000000000
76;30;5-17;2021;148;0;116631,49955270790;0,000000000000000000;0,0000000000000
76;30;5-17;2022;219;0;116870,01967854166;0,000000000000000000;0,0000000000000
76;30;5-17;2023;194;0;116868,84575251321;0,000000000000000000;0,0000000000000
76;30;5-17;2024;209;0;116877,14054247837;0,000000000000000000;0,0000000000000
76;30;18-64;2019;867;34;420606,05414046347;0,039215686274509803;16494,3550643318995
76;30;18-64;2020;520;11;420168,28024146252;0,021153846153846155;8888,1751589540145
76;30;18-64;2021;641;22;421249,50044729211;0,034321372854914198;14457,8611697978577
76;30;18-64;2022;795;30;424832,98032145831;0,037735849056603772;16031,4332196776722
76;30;18-64;2023;770;29;425769,15424748679;0,037662337662337661;16035,4616534767738
76;30;18-64;2024;792;34;426437,85945752164;0,042929292929292928;18306,6757847925946
76;30;65-79;2019;221;0;123367,00000000000;0,000000000000000000;0,0000000000000
76;30;65-79;2020;171;5;126571,00000000000;0,029239766081871343;3700,9064327485380
76;30;65-79;2021;152;0;130470,00000000000;0,000000000000000000;0,0000000000000
76;30;65-79;2022;250;0;134076,00000000000;0,000000000000000000;0,0000000000000
76;30;65-79;2023;189;0;137244,00000000000;0,000000000000000000;0,0000000000000
76;30;65-79;2024;201;0;139917,00000000000;0,000000000000000000;0,0000000000000
76;30;80+;2019;76;0;49684,00000000000;0,000000000000000000;0,0000000000000
76;30;80+;2020;46;0;51009,00000000000;0,000000000000000000;0,0000000000000
76;30;80+;2021;53;0;50527,00000000000;0,000000000000000000;0,0000000000000
76;30;80+;2022;99;0;50691,00000000000;0,000000000000000000;0,0000000000000
76;30;80+;2023;55;0;51171,00000000000;0,000000000000000000;0,0000000000000
76;30;80+;2024;110;0;52455,00000000000;0,000000000000000000;0,0000000000000
76;30;NA;2019;0;0;NA;NA;NA
76;30;NA;2020;0;0;NA;NA;NA
76;30;NA;2021;0;0;NA;NA;NA
76;30;NA;2022;0;0;NA;NA;NA
76;30;NA;2023;6;0;NA;0,000000000000000000;NA
76;30;NA;2024;1;0;NA;0,000000000000000000;NA
76;31;0-1;2019;61;0;30675,08370744675;0,000000000000000000;0,0000000000000
76;31;0-1;2020;38;0;30473,85558047307;0,000000000000000000;0,0000000000000
76;31;0-1;2021;39;0;29828,98763123802;0,000000000000000000;0,0000000000000
76;31;0-1;2022;42;0;29851,25211509651;0,000000000000000000;0,0000000000000
76;31;0-1;2023;44;0;29522,54544185360;0,000000000000000000;0,0000000000000
76;31;0-1;2024;36;0;28082,95411961763;0,000000000000000000;0,0000000000000
76;31;2-4;2019;42;0;49247,91629255325;0,000000000000000000;0,0000000000000
76;31;2-4;2020;35;0;48400,14441952693;0,000000000000000000;0,0000000000000
76;31;2-4;2021;51;0;47225,01236876198;0,000000000000000000;0,0000000000000
76;31;2-4;2022;56;0;47003,74788490350;0,000000000000000000;0,0000000000000
76;31;2-4;2023;48;0;46356,45455814640;0,000000000000000000;0,0000000000000
76;31;2-4;2024;46;0;45965,04588038237;0,000000000000000000;0,0000000000000
76;31;5-17;2019;131;0;218109,46501785828;0,000000000000000000;0,0000000000000
76;31;5-17;2020;102;0;220084,23974982192;0,000000000000000000;0,0000000000000
76;31;5-17;2021;124;0;224770,29963933394;0,000000000000000000;0,0000000000000
76;31;5-17;2022;128;0;230403,94199872247;0,000000000000000000;0,0000000000000
76;31;5-17;2023;121;0;232264,91584268177;0,000000000000000000;0,0000000000000
76;31;5-17;2024;102;0;233680,88849219988;0,000000000000000000;0,0000000000000
76;31;18-64;2019;458;38;868533,53498214169;0,082969432314410480;72061,7343434964714
76;31;18-64;2020;451;38;877118,76025017805;0,084257206208425722;73903,5762516779796
76;31;18-64;2021;634;43;888168,70036066603;0,067823343848580436;60238,5711601082585
76;31;18-64;2022;619;56;899188,05800127750;0,090468497576736667;81348,1926463191194
76;31;18-64;2023;350;18;910223,08415731823;0,051428571428571428;46811,4728995192199
76;31;18-64;2024;628;45;921333,11150780006;0,071656050955414011;66019,0923851130647
76;31;65-79;2019;81;0;162537,00000000000;0,000000000000000000;0,0000000000000
76;31;65-79;2020;43;0;167406,00000000000;0,000000000000000000;0,0000000000000
76;31;65-79;2021;70;0;171802,00000000000;0,000000000000000000;0,0000000000000
76;31;65-79;2022;66;0;176584,00000000000;0,000000000000000000;0,0000000000000
76;31;65-79;2023;70;0;180862,00000000000;0,000000000000000000;0,0000000000000
76;31;65-79;2024;85;0;184771,00000000000;0,000000000000000000;0,0000000000000
76;31;80+;2019;34;0;70936,00000000000;0,000000000000000000;0,0000000000000
76;31;80+;2020;17;0;72274,00000000000;0,000000000000000000;0,0000000000000
76;31;80+;2021;23;0;72572,00000000000;0,000000000000000000;0,0000000000000
76;31;80+;2022;26;0;73230,00000000000;0,000000000000000000;0,0000000000000
76;31;80+;2023;21;0;74070,00000000000;0,000000000000000000;0,0000000000000
76;31;80+;2024;22;0;75918,00000000000;0,000000000000000000;0,0000000000000
76;31;NA;2019;0;0;NA;NA;NA
76;31;NA;2020;0;0;NA;NA;NA
76;31;NA;2021;0;0;NA;NA;NA
76;31;NA;2022;0;0;NA;NA;NA
76;31;NA;2023;11;0;NA;0,000000000000000000;NA
76;31;NA;2024;0;0;NA;NA;NA
76;32;0-1;2019;3;0;3034,38574366670;0,000000000000000000;0,0000000000000
76;32;0-1;2020;0;0;2989,27682919746;NA;NA
76;32;0-1;2021;2;0;2943,64500153054;0,000000000000000000;0,0000000000000
76;32;0-1;2022;0;0;2977,16280609218;NA;NA
76;32;0-1;2023;0;0;2976,02696509888;NA;NA
76;32;0-1;2024;0;0;2798,51067481442;NA;NA
76;32;2-4;2019;2;0;4871,61425633330;0,000000000000000000;0,0000000000000
76;32;2-4;2020;0;0;4747,72317080254;NA;NA
76;32;2-4;2021;0;0;4660,35499846946;NA;NA
76;32;2-4;2022;2;0;4687,83719390782;0,000000000000000000;0,0000000000000
76;32;2-4;2023;0;0;4672,97303490112;NA;NA
76;32;2-4;2024;2;0;4580,48932518558;0,000000000000000000;0,0000000000000
76;32;5-17;2019;5;0;26898,71504324535;0,000000000000000000;0,0000000000000
76;32;5-17;2020;5;0;26880,04559457303;0,000000000000000000;0,0000000000000
76;32;5-17;2021;7;0;26683,13393722571;0,000000000000000000;0,0000000000000
76;32;5-17;2022;7;0;26465,09248493062;0,000000000000000000;0,0000000000000
76;32;5-17;2023;9;0;26339,09837857669;0,000000000000000000;0,0000000000000
76;32;5-17;2024;4;0;26296,78904399183;0,000000000000000000;0,0000000000000
76;32;18-64;2019;22;0;103555,28495675465;0,000000000000000000;0,0000000000000
76;32;18-64;2020;14;0;103235,95440542696;0,000000000000000000;0,0000000000000
76;32;18-64;2021;23;0;103695,86606277429;0,000000000000000000;0,0000000000000
76;32;18-64;2022;26;0;103413,90751506937;0,000000000000000000;0,0000000000000
76;32;18-64;2023;20;0;103211,90162142331;0,000000000000000000;0,0000000000000
76;32;18-64;2024;18;0;102969,21095600817;0,000000000000000000;0,0000000000000
76;32;65-79;2019;3;0;35376,00000000000;0,000000000000000000;0,0000000000000
76;32;65-79;2020;7;0;36313,00000000000;0,000000000000000000;0,0000000000000
76;32;65-79;2021;4;0;37256,00000000000;0,000000000000000000;0,0000000000000
76;32;65-79;2022;10;0;38163,00000000000;0,000000000000000000;0,0000000000000
76;32;65-79;2023;8;0;38950,00000000000;0,000000000000000000;0,0000000000000
76;32;65-79;2024;4;0;39683,00000000000;0,000000000000000000;0,0000000000000
76;32;80+;2019;3;0;17641,00000000000;0,000000000000000000;0,0000000000000
76;32;80+;2020;2;0;17653,00000000000;0,000000000000000000;0,0000000000000
76;32;80+;2021;1;0;17198,00000000000;0,000000000000000000;0,0000000000000
76;32;80+;2022;1;0;16942,00000000000;0,000000000000000000;0,0000000000000
76;32;80+;2023;3;0;16672,00000000000;0,000000000000000000;0,0000000000000
76;32;80+;2024;2;0;16592,00000000000;0,000000000000000000;0,0000000000000
76;32;NA;2019;0;0;NA;NA;NA
76;32;NA;2020;0;0;NA;NA;NA
76;32;NA;2021;0;0;NA;NA;NA
76;32;NA;2022;0;0;NA;NA;NA
76;32;NA;2023;0;0;NA;NA;NA
76;32;NA;2024;0;0;NA;NA;NA
76;34;0-1;2019;92;0;23552,37555781777;0,000000000000000000;0,0000000000000
76;34;0-1;2020;41;0;23717,94312921978;0,000000000000000000;0,0000000000000
76;34;0-1;2021;66;0;23483,34995829108;0,000000000000000000;0,0000000000000
76;34;0-1;2022;81;0;23270,42114006456;0,000000000000000000;0,0000000000000
76;34;0-1;2023;69;0;23146,78993432642;0,000000000000000000;0,0000000000000
76;34;0-1;2024;64;0;21942,84193297370;0,000000000000000000;0,0000000000000
76;34;2-4;2019;105;0;37812,62444218223;0,000000000000000000;0,0000000000000
76;34;2-4;2020;59;0;37670,05687078022;0,000000000000000000;0,0000000000000
76;34;2-4;2021;74;0;37178,65004170892;0,000000000000000000;0,0000000000000
76;34;2-4;2022;67;0;36641,57885993543;0,000000000000000000;0,0000000000000
76;34;2-4;2023;63;5;36345,21006567359;0,079365079365079361;2884,5404814026656
76;34;2-4;2024;70;0;35915,15806702630;0,000000000000000000;0,0000000000000
76;34;5-17;2019;220;0;178626,03283602942;0,000000000000000000;0,0000000000000
76;34;5-17;2020;195;0;179862,64600272785;0,000000000000000000;0,0000000000000
76;34;5-17;2021;214;0;181061,91269996238;0,000000000000000000;0,0000000000000
76;34;5-17;2022;217;0;183505,94277367246;0,000000000000000000;0,0000000000000
76;34;5-17;2023;146;5;184251,29670913110;0,034246575342465752;6309,9759146962706
76;34;5-17;2024;215;0;185011,85728065993;0,000000000000000000;0,0000000000000
76;34;18-64;2019;844;47;680535,96716397058;0,055687203791469193;37897,1450908846164
76;34;18-64;2020;529;27;687013,35399727209;0,051039697542533083;35064,9537957019784
76;34;18-64;2021;901;42;693030,08730003762;0,046614872364039953;32305,5090639307200
76;34;18-64;2022;1041;67;700497,05722632760;0,064361191162343900;45084,8250088030254
76;34;18-64;2023;788;53;707134,70329086890;0,067258883248730958;47561,0904497665615
76;34;18-64;2024;1038;89;713775,14271934005;0,085741811175337190;61200,3735086910092
76;34;65-79;2019;263;0;180696,00000000000;0,000000000000000000;0,0000000000000
76;34;65-79;2020;192;0;185474,00000000000;0,000000000000000000;0,0000000000000
76;34;65-79;2021;239;0;191014,00000000000;0,000000000000000000;0,0000000000000
76;34;65-79;2022;232;0;196523,00000000000;0,000000000000000000;0,0000000000000
76;34;65-79;2023;181;0;200656,00000000000;0,000000000000000000;0,0000000000000
76;34;65-79;2024;210;0;204238,00000000000;0,000000000000000000;0,0000000000000
76;34;80+;2019;66;0;74400,00000000000;0,000000000000000000;0,0000000000000
76;34;80+;2020;61;0;75235,00000000000;0,000000000000000000;0,0000000000000
76;34;80+;2021;69;0;76115,00000000000;0,000000000000000000;0,0000000000000
76;34;80+;2022;80;0;76893,00000000000;0,000000000000000000;0,0000000000000
76;34;80+;2023;89;0;78026,00000000000;0,000000000000000000;0,0000000000000
76;34;80+;2024;92;0;80658,00000000000;0,000000000000000000;0,0000000000000
76;34;NA;2019;0;0;NA;NA;NA
76;34;NA;2020;0;0;NA;NA;NA
76;34;NA;2021;0;0;NA;NA;NA
76;34;NA;2022;1;0;NA;0,000000000000000000;NA
76;34;NA;2023;16;0;NA;0,000000000000000000;NA
76;34;NA;2024;0;0;NA;NA;NA
76;46;0-1;2019;42;0;2575,73522966699;0,000000000000000000;0,0000000000000
76;46;0-1;2020;34;0;2713,02855042323;0,000000000000000000;0,0000000000000
76;46;0-1;2021;59;5;2692,40544261506;0,084745762711864403;228,1699527639877
76;46;0-1;2022;47;0;2611,28056690903;0,000000000000000000;0,0000000000000
76;46;0-1;2023;47;0;2578,00427124398;0,000000000000000000;0,0000000000000
76;46;0-1;2024;58;0;2410,15521594331;0,000000000000000000;0,0000000000000
76;46;2-4;2019;30;0;4135,26477033301;0,000000000000000000;0,0000000000000
76;46;2-4;2020;27;0;4308,97144957677;0,000000000000000000;0,0000000000000
76;46;2-4;2021;34;0;4262,59455738494;0,000000000000000000;0,0000000000000
76;46;2-4;2022;45;0;4111,71943309097;0,000000000000000000;0,0000000000000
76;46;2-4;2023;36;0;4047,99572875602;0,000000000000000000;0,0000000000000
76;46;2-4;2024;38;0;3944,84478405669;0,000000000000000000;0,0000000000000
76;46;5-17;2019;78;0;22508,81323670859;0,000000000000000000;0,0000000000000
76;46;5-17;2020;37;0;22532,37429532090;0,000000000000000000;0,0000000000000
76;46;5-17;2021;54;0;22249,84347558868;0,000000000000000000;0,0000000000000
76;46;5-17;2022;95;0;21987,87042122909;0,000000000000000000;0,0000000000000
76;46;5-17;2023;72;0;21768,82832057213;0,000000000000000000;0,0000000000000
76;46;5-17;2024;109;0;21730,19480879467;0,000000000000000000;0,0000000000000
76;46;18-64;2019;127;0;92847,18676329141;0,000000000000000000;0,0000000000000
76;46;18-64;2020;196;0;92547,62570467910;0,000000000000000000;0,0000000000000
76;46;18-64;2021;172;0;91906,15652441132;0,000000000000000000;0,0000000000000
76;46;18-64;2022;232;0;91799,12957877091;0,000000000000000000;0,0000000000000
76;46;18-64;2023;219;0;91514,17167942786;0,000000000000000000;0,0000000000000
76;46;18-64;2024;255;0;91179,80519120533;0,000000000000000000;0,0000000000000
76;46;65-79;2019;66;0;35167,00000000000;0,000000000000000000;0,0000000000000
76;46;65-79;2020;41;0;36195,00000000000;0,000000000000000000;0,0000000000000
76;46;65-79;2021;67;0;37435,00000000000;0,000000000000000000;0,0000000000000
76;46;65-79;2022;92;0;38757,00000000000;0,000000000000000000;0,0000000000000
76;46;65-79;2023;71;0;39794,00000000000;0,000000000000000000;0,0000000000000
76;46;65-79;2024;69;0;40583,00000000000;0,000000000000000000;0,0000000000000
76;46;80+;2019;43;0;16860,00000000000;0,000000000000000000;0,0000000000000
76;46;80+;2020;45;0;16373,00000000000;0,000000000000000000;0,0000000000000
76;46;80+;2021;37;0;16396,00000000000;0,000000000000000000;0,0000000000000
76;46;80+;2022;47;0;16353,00000000000;0,000000000000000000;0,0000000000000
76;46;80+;2023;32;0;16155,00000000000;0,000000000000000000;0,0000000000000
76;46;80+;2024;24;0;16255,00000000000;0,000000000000000000;0,0000000000000
76;46;NA;2019;0;0;NA;NA;NA
76;46;NA;2020;0;0;NA;NA;NA
76;46;NA;2021;0;0;NA;NA;NA
76;46;NA;2022;0;0;NA;NA;NA
76;46;NA;2023;1;0;NA;0,000000000000000000;NA
76;46;NA;2024;0;0;NA;NA;NA
76;48;0-1;2019;28;0;1277,69670385359;0,000000000000000000;0,0000000000000
76;48;0-1;2020;14;0;1332,17351778116;0,000000000000000000;0,0000000000000
76;48;0-1;2021;30;0;1204,71110530813;0,000000000000000000;0,0000000000000
76;48;0-1;2022;38;0;1221,54951404565;0,000000000000000000;0,0000000000000
76;48;0-1;2023;34;0;1220,91418701533;0,000000000000000000;0,0000000000000
76;48;0-1;2024;31;0;1184,40829888135;0,000000000000000000;0,0000000000000
76;48;2-4;2019;29;0;2051,30329614641;0,000000000000000000;0,0000000000000
76;48;2-4;2020;22;0;2115,82648221884;0,000000000000000000;0,0000000000000
76;48;2-4;2021;34;0;1907,28889469187;0,000000000000000000;0,0000000000000
76;48;2-4;2022;41;0;1923,45048595435;0,000000000000000000;0,0000000000000
76;48;2-4;2023;44;0;1917,08581298467;0,000000000000000000;0,0000000000000
76;48;2-4;2024;28;0;1938,59170111865;0,000000000000000000;0,0000000000000
76;48;5-17;2019;260;0;10811,92149542970;0,000000000000000000;0,0000000000000
76;48;5-17;2020;179;0;10915,08302729616;0,000000000000000000;0,0000000000000
76;48;5-17;2021;226;0;10955,26528093428;0,000000000000000000;0,0000000000000
76;48;5-17;2022;231;0;10906,21176886387;0,000000000000000000;0,0000000000000
76;48;5-17;2023;206;0;10819,47039818728;0,000000000000000000;0,0000000000000
76;48;5-17;2024;178;0;10690,27098786649;0,000000000000000000;0,0000000000000
76;48;18-64;2019;166;0;42779,07850457029;0,000000000000000000;0,0000000000000
76;48;18-64;2020;619;0;42654,91697270384;0,000000000000000000;0,0000000000000
76;48;18-64;2021;497;0;42302,73471906572;0,000000000000000000;0,0000000000000
76;48;18-64;2022;725;0;42095,78823113613;0,000000000000000000;0,0000000000000
76;48;18-64;2023;497;0;41899,52960181272;0,000000000000000000;0,0000000000000
76;48;18-64;2024;307;0;41747,72901213351;0,000000000000000000;0,0000000000000
76;48;65-79;2019;206;0;13314,00000000000;0,000000000000000000;0,0000000000000
76;48;65-79;2020;175;0;13552,00000000000;0,000000000000000000;0,0000000000000
76;48;65-79;2021;209;0;14038,00000000000;0,000000000000000000;0,0000000000000
76;48;65-79;2022;222;0;14433,00000000000;0,000000000000000000;0,0000000000000
76;48;65-79;2023;197;0;14750,00000000000;0,000000000000000000;0,0000000000000
76;48;65-79;2024;191;0;15014,00000000000;0,000000000000000000;0,0000000000000
76;48;80+;2019;169;0;6370,00000000000;0,000000000000000000;0,0000000000000
76;48;80+;2020;136;0;6063,00000000000;0,000000000000000000;0,0000000000000
76;48;80+;2021;177;0;6111,00000000000;0,000000000000000000;0,0000000000000
76;48;80+;2022;142;0;5923,00000000000;0,000000000000000000;0,0000000000000
76;48;80+;2023;111;0;5864,00000000000;0,000000000000000000;0,0000000000000
76;48;80+;2024;118;0;5937,00000000000;0,000000000000000000;0,0000000000000
76;48;NA;2019;0;0;NA;NA;NA
76;48;NA;2020;0;0;NA;NA;NA
76;48;NA;2021;0;0;NA;NA;NA
76;48;NA;2022;0;0;NA;NA;NA
76;48;NA;2023;16;0;NA;0,000000000000000000;NA
76;48;NA;2024;0;0;NA;NA;NA
76;65;0-1;2019;6;0;3660,76033684455;0,000000000000000000;0,0000000000000
76;65;0-1;2020;3;0;3700,18149065840;0,000000000000000000;0,0000000000000
76;65;0-1;2021;2;0;3679,55625191317;0,000000000000000000;0,0000000000000
76;65;0-1;2022;7;0;3694,16770368464;0,000000000000000000;0,0000000000000
76;65;0-1;2023;4;0;3633,56201164315;0,000000000000000000;0,0000000000000
76;65;0-1;2024;4;0;3516,05806561926;0,000000000000000000;0,0000000000000
76;65;2-4;2019;6;0;5877,23966315545;0,000000000000000000;0,0000000000000
76;65;2-4;2020;3;0;5876,81850934160;0,000000000000000000;0,0000000000000
76;65;2-4;2021;1;0;5825,44374808683;0,000000000000000000;0,0000000000000
76;65;2-4;2022;1;0;5816,83229631536;0,000000000000000000;0,0000000000000
76;65;2-4;2023;1;0;5705,43798835685;0,000000000000000000;0,0000000000000
76;65;2-4;2024;0;0;5754,94193438074;NA;NA
76;65;5-17;2019;9;0;31650,49504521644;0,000000000000000000;0,0000000000000
76;65;5-17;2020;6;0;31225,13378862257;0,000000000000000000;0,0000000000000
76;65;5-17;2021;9;0;31079,02221596701;0,000000000000000000;0,0000000000000
76;65;5-17;2022;4;0;30821,77239167723;0,000000000000000000;0,0000000000000
76;65;5-17;2023;10;0;30757,86404000664;0,000000000000000000;0,0000000000000
76;65;5-17;2024;9;0;30735,66696972721;0,000000000000000000;0,0000000000000
76;65;18-64;2019;56;0;126498,50495478357;0,000000000000000000;0,0000000000000
76;65;18-64;2020;43;0;126178,86621137743;0,000000000000000000;0,0000000000000
76;65;18-64;2021;41;0;126640,97778403299;0,000000000000000000;0,0000000000000
76;65;18-64;2022;36;0;127127,22760832276;0,000000000000000000;0,0000000000000
76;65;18-64;2023;53;5;127089,13595999335;0,094339622641509441;11989,5411283012600
76;65;18-64;2024;34;0;127014,33303027278;0,000000000000000000;0,0000000000000
76;65;65-79;2019;13;0;41407,00000000000;0,000000000000000000;0,0000000000000
76;65;65-79;2020;6;0;42160,00000000000;0,000000000000000000;0,0000000000000
76;65;65-79;2021;10;0;43328,00000000000;0,000000000000000000;0,0000000000000
76;65;65-79;2022;11;0;44240,00000000000;0,000000000000000000;0,0000000000000
76;65;65-79;2023;8;0;45062,00000000000;0,000000000000000000;0,0000000000000
76;65;65-79;2024;12;0;45561,00000000000;0,000000000000000000;0,0000000000000
76;65;80+;2019;2;0;20473,00000000000;0,000000000000000000;0,0000000000000
76;65;80+;2020;4;0;20647,00000000000;0,000000000000000000;0,0000000000000
76;65;80+;2021;6;0;20403,00000000000;0,000000000000000000;0,0000000000000
76;65;80+;2022;1;0;19753,00000000000;0,000000000000000000;0,0000000000000
76;65;80+;2023;4;0;19390,00000000000;0,000000000000000000;0,0000000000000
76;65;80+;2024;5;0;19563,00000000000;0,000000000000000000;0,0000000000000
76;65;NA;2019;0;0;NA;NA;NA
76;65;NA;2020;0;0;NA;NA;NA
76;65;NA;2021;0;0;NA;NA;NA
76;65;NA;2022;0;0;NA;NA;NA
76;65;NA;2023;2;0;NA;0,000000000000000000;NA
76;65;NA;2024;0;0;NA;NA;NA
76;66;0-1;2019;9;0;8788,05089460366;0,000000000000000000;0,0000000000000
76;66;0-1;2020;6;0;8698,92307217019;0,000000000000000000;0,0000000000000
76;66;0-1;2021;28;6;8593,24457443120;0,214285714285714274;1841,4095516638283
76;66;0-1;2022;23;0;8902,35766674923;0,000000000000000000;0,0000000000000
76;66;0-1;2023;28;5;8918,35404549570;0,178571428571428575;1592,5632224099465
76;66;0-1;2024;18;0;8607,91391601341;0,000000000000000000;0,0000000000000
76;66;2-4;2019;9;0;14108,94910539634;0,000000000000000000;0,0000000000000
76;66;2-4;2020;7;0;13816,07692782981;0,000000000000000000;0,0000000000000
76;66;2-4;2021;9;0;13604,75542556880;0,000000000000000000;0,0000000000000
76;66;2-4;2022;20;0;14017,64233325077;0,000000000000000000;0,0000000000000
76;66;2-4;2023;29;0;14003,64595450430;0,000000000000000000;0,0000000000000
76;66;2-4;2024;10;0;14089,08608398659;0,000000000000000000;0,0000000000000
76;66;5-17;2019;60;0;71274,80581644709;0,000000000000000000;0,0000000000000
76;66;5-17;2020;47;0;71623,34458567873;0,000000000000000000;0,0000000000000
76;66;5-17;2021;25;0;71858,95799239165;0,000000000000000000;0,0000000000000
76;66;5-17;2022;39;0;71932,75107893141;0,000000000000000000;0,0000000000000
76;66;5-17;2023;38;0;71991,27288614940;0,000000000000000000;0,0000000000000
76;66;5-17;2024;60;10;72343,65278131964;0,166666666666666657;12057,2754635532729
76;66;18-64;2019;227;12;259838,19418355290;0,052863436123348019;13735,9397806283469
76;66;18-64;2020;203;9;261240,65541432126;0,044334975369458129;11582,0980232950315
76;66;18-64;2021;236;17;263592,04200760834;0,072033898305084748;18987,5623480056856
76;66;18-64;2022;251;10;265795,24892106862;0,039840637450199202;10589,4521482497457
76;66;18-64;2023;236;17;267454,72711385059;0,072033898305084748;19265,8066141333074
76;66;18-64;2024;240;10;268725,34721868037;0,041666666666666664;11196,8894674450148
76;66;65-79;2019;99;0;86719,00000000000;0,000000000000000000;0,0000000000000
76;66;65-79;2020;61;0;88629,00000000000;0,000000000000000000;0,0000000000000
76;66;65-79;2021;58;0;91124,00000000000;0,000000000000000000;0,0000000000000
76;66;65-79;2022;41;0;94110,00000000000;0,000000000000000000;0,0000000000000
76;66;65-79;2023;70;0;95797,00000000000;0,000000000000000000;0,0000000000000
76;66;65-79;2024;65;0;97707,00000000000;0,000000000000000000;0,0000000000000
76;66;80+;2019;25;0;39250,00000000000;0,000000000000000000;0,0000000000000
76;66;80+;2020;15;0;38757,00000000000;0,000000000000000000;0,0000000000000
76;66;80+;2021;22;0;38534,00000000000;0,000000000000000000;0,0000000000000
76;66;80+;2022;21;0;38206,00000000000;0,000000000000000000;0,0000000000000
76;66;80+;2023;25;0;38115,00000000000;0,000000000000000000;0,0000000000000
76;66;80+;2024;24;0;38630,00000000000;0,000000000000000000;0,0000000000000
76;66;NA;2019;0;0;NA;NA;NA
76;66;NA;2020;0;0;NA;NA;NA
76;66;NA;2021;0;0;NA;NA;NA
76;66;NA;2022;0;0;NA;NA;NA
76;66;NA;2023;6;0;NA;0,000000000000000000;NA
76;66;NA;2024;0;0;NA;NA;NA
76;81;0-1;2019;7;0;6967,64973318054;0,000000000000000000;0,0000000000000
76;81;0-1;2020;4;0;6909,29785918807;0,000000000000000000;0,0000000000000
76;81;0-1;2021;7;0;6763,33795656760;0,000000000000000000;0,0000000000000
76;81;0-1;2022;10;0;6597,53260590761;0,000000000000000000;0,0000000000000
76;81;0-1;2023;11;0;6552,00602592041;0,000000000000000000;0,0000000000000
76;81;0-1;2024;7;0;6259,95625402993;0,000000000000000000;0,0000000000000
76;81;2-4;2019;8;0;11186,35026681946;0,000000000000000000;0,0000000000000
76;81;2-4;2020;3;0;10973,70214081193;0,000000000000000000;0,0000000000000
76;81;2-4;2021;6;0;10707,66204343240;0,000000000000000000;0,0000000000000
76;81;2-4;2022;6;0;10388,46739409239;0,000000000000000000;0,0000000000000
76;81;2-4;2023;9;0;10287,99397407959;0,000000000000000000;0,0000000000000
76;81;2-4;2024;9;0;10246,04374597007;0,000000000000000000;0,0000000000000
76;81;5-17;2019;35;0;58985,70266183792;0,000000000000000000;0,0000000000000
76;81;5-17;2020;18;0;58526,39196399702;0,000000000000000000;0,0000000000000
76;81;5-17;2021;22;0;58897,80547694071;0,000000000000000000;0,0000000000000
76;81;5-17;2022;36;0;58981,42073623491;0,000000000000000000;0,0000000000000
76;81;5-17;2023;30;0;58690,56113097955;0,000000000000000000;0,0000000000000
76;81;5-17;2024;18;0;58484,50240046124;0,000000000000000000;0,0000000000000
76;81;18-64;2019;149;5;214603,29733816208;0,033557046979865772;7201,4529308108085
76;81;18-64;2020;69;0;214019,60803600299;0,000000000000000000;0,0000000000000
76;81;18-64;2021;50;0;214902,19452305930;0,000000000000000000;0,0000000000000
76;81;18-64;2022;39;0;215955,57926376510;0,000000000000000000;0,0000000000000
76;81;18-64;2023;56;0;216532,43886902047;0,000000000000000000;0,0000000000000
76;81;18-64;2024;71;5;217088,49759953876;0,070422535211267609;15287,9223661647029
76;81;65-79;2019;33;0;64869,00000000000;0,000000000000000000;0,0000000000000
76;81;65-79;2020;10;0;66632,00000000000;0,000000000000000000;0,0000000000000
76;81;65-79;2021;34;0;68996,00000000000;0,000000000000000000;0,0000000000000
76;81;65-79;2022;18;0;71099,00000000000;0,000000000000000000;0,0000000000000
76;81;65-79;2023;28;0;72719,00000000000;0,000000000000000000;0,0000000000000
76;81;65-79;2024;31;0;74100,00000000000;0,000000000000000000;0,0000000000000
76;81;80+;2019;13;0;33232,00000000000;0,000000000000000000;0,0000000000000
76;81;80+;2020;6;0;34005,00000000000;0,000000000000000000;0,0000000000000
76;81;80+;2021;5;0;33305,00000000000;0,000000000000000000;0,0000000000000
76;81;80+;2022;10;0;33146,00000000000;0,000000000000000000;0,0000000000000
76;81;80+;2023;5;0;32993,00000000000;0,000000000000000000;0,0000000000000
76;81;80+;2024;5;0;33455,00000000000;0,000000000000000000;0,0000000000000
76;81;NA;2019;0;0;NA;NA;NA
76;81;NA;2020;0;0;NA;NA;NA
76;81;NA;2021;0;0;NA;NA;NA
76;81;NA;2022;0;0;NA;NA;NA
76;81;NA;2023;2;0;NA;0,000000000000000000;NA
76;81;NA;2024;0;0;NA;NA;NA
76;82;0-1;2019;11;0;5138,42098864278;0,000000000000000000;0,0000000000000
76;82;0-1;2020;5;0;5205,44483905614;0,000000000000000000;0,0000000000000
76;82;0-1;2021;0;0;5169,18617904225;NA;NA
76;82;0-1;2022;5;0;5265,67464607850;0,000000000000000000;0,0000000000000
76;82;0-1;2023;6;0;5206,58816145290;0,000000000000000000;0,0000000000000
76;82;0-1;2024;6;0;4980,73461069763;0,000000000000000000;0,0000000000000
76;82;2-4;2019;10;0;8249,57901135722;0,000000000000000000;0,0000000000000
76;82;2-4;2020;3;0;8267,55516094386;0,000000000000000000;0,0000000000000
76;82;2-4;2021;4;0;8183,81382095775;0,000000000000000000;0,0000000000000
76;82;2-4;2022;4;0;8291,32535392150;0,000000000000000000;0,0000000000000
76;82;2-4;2023;4;0;8175,41183854710;0,000000000000000000;0,0000000000000
76;82;2-4;2024;4;0;8152,26538930237;0,000000000000000000;0,0000000000000
76;82;5-17;2019;15;0;43888,24307219785;0,000000000000000000;0,0000000000000
76;82;5-17;2020;24;0;43743,41490438203;0,000000000000000000;0,0000000000000
76;82;5-17;2021;11;0;43574,91007360956;0,000000000000000000;0,0000000000000
76;82;5-17;2022;13;0;43589,53248791370;0,000000000000000000;0,0000000000000
76;82;5-17;2023;15;0;43562,32448425754;0,000000000000000000;0,0000000000000
76;82;5-17;2024;11;0;43567,11764662401;0,000000000000000000;0,0000000000000
76;82;18-64;2019;24;0;145434,75692780214;0,000000000000000000;0,0000000000000
76;82;18-64;2020;61;5;145991,58509561798;0,081967213114754092;11966,5233684932755
76;82;18-64;2021;29;0;146109,08992639044;0,000000000000000000;0,0000000000000
76;82;18-64;2022;84;5;146824,46751208630;0,059523809523809521;8739,5516376241831
76;82;18-64;2023;41;0;147223,67551574245;0,000000000000000000;0,0000000000000
76;82;18-64;2024;58;0;147583,88235337599;0,000000000000000000;0,0000000000000
76;82;65-79;2019;17;0;39653,00000000000;0,000000000000000000;0,0000000000000
76;82;65-79;2020;14;0;40722,00000000000;0,000000000000000000;0,0000000000000
76;82;65-79;2021;14;0;42163,00000000000;0,000000000000000000;0,0000000000000
76;82;65-79;2022;15;0;43152,00000000000;0,000000000000000000;0,0000000000000
76;82;65-79;2023;16;0;44240,00000000000;0,000000000000000000;0,0000000000000
76;82;65-79;2024;7;0;45087,00000000000;0,000000000000000000;0,0000000000000
76;82;80+;2019;1;0;18305,00000000000;0,000000000000000000;0,0000000000000
76;82;80+;2020;4;0;18386,00000000000;0,000000000000000000;0,0000000000000
76;82;80+;2021;3;0;18177,00000000000;0,000000000000000000;0,0000000000000
76;82;80+;2022;3;0;17801,00000000000;0,000000000000000000;0,0000000000000
76;82;80+;2023;3;0;17548,00000000000;0,000000000000000000;0,0000000000000
76;82;80+;2024;9;0;17664,00000000000;0,000000000000000000;0,0000000000000
76;82;NA;2019;0;0;NA;NA;NA
76;82;NA;2020;0;0;NA;NA;NA
76;82;NA;2021;0;0;NA;NA;NA
76;82;NA;2022;0;0;NA;NA;NA
76;82;NA;2023;0;0;NA;NA;NA
76;82;NA;2024;0;0;NA;NA;NA
84;01;0-1;2019;5551;512;14988,08470477213;0,092235633219239777;1382,4354834882602
84;01;0-1;2020;3791;516;14914,70252520478;0,136111843840675290;2030,0676610407988
84;01;0-1;2021;7042;852;15096,82637686584;0,120988355580800913;1826,5401978258585
84;01;0-1;2022;7229;978;15301,41275225069;0,135288421635080924;2070,1039800388958
84;01;0-1;2023;5798;820;15154,04291588919;0,141428078647809596;2143,2071733406583
84;01;0-1;2024;6933;874;14481,03172468345;0,126063753065051215;1825,5332074676669
84;01;2-4;2019;5924;439;24062,91529522787;0,074105334233625933;1783,1903805882907
84;01;2-4;2020;4328;369;23688,29747479522;0,085258780036968573;2019,6353438538436
84;01;2-4;2021;4651;606;23901,17362313416;0,130294560309610841;3114,1929081099338
84;01;2-4;2022;6044;750;24093,58724774931;0,124090006618133686;2989,7734010277927
84;01;2-4;2023;5658;578;23794,95708411081;0,102156238953693884;2430,8033217773150
84;01;2-4;2024;4202;537;23701,96827531655;0,127796287482151355;3029,0235516051857
84;01;5-17;2019;21695;1131;114354,07903676323;0,052131827610048399;5961,4871348503902
84;01;5-17;2020;13889;942;115175,33182298766;0,067823457412340707;7811,5892128486130
84;01;5-17;2021;19468;1307;115001,50900186312;0,067135812615574275;7720,7197588573599
84;01;5-17;2022;25917;1447;116051,48165897661;0,055832079330169385;6479,3955303676794
84;01;5-17;2023;22987;1425;117076,15391192732;0,061991560447209292;7257,7334721580210
84;01;5-17;2024;26080;1455;118346,37639010545;0,055789877300613494;6602,5298177762043
84;01;18-64;2019;84785;2752;381816,92096323677;0,032458571681311554;12393,2318982228899
84;01;18-64;2020;75023;2343;384398,66817701235;0,031230422670381085;12004,9328810996631
84;01;18-64;2021;84782;2846;386833,49099813687;0,033568446132433774;12985,3992047922620
84;01;18-64;2022;90879;2935;390965,51834102342;0,032295689873348077;12626,5011315144711
84;01;18-64;2023;89251;3024;393517,84608807269;0,033881973311223404;13333,1611586461986
84;01;18-64;2024;96495;3099;395916,62360989454;0,032115653660811441;12715,1211624132156
84;01;65-79;2019;11923;555;83678,00000000000;0,046548687410886525;3895,1010651681627
84;01;65-79;2020;13355;578;86116,00000000000;0,043279670535380010;3727,0721078247848
84;01;65-79;2021;12949;631;89035,00000000000;0,048729631631786237;4338,6427523360881
84;01;65-79;2022;12855;720;91272,00000000000;0,056009334889148193;5112,0840140023338
84;01;65-79;2023;16284;696;93543,00000000000;0,042741341193809873;3998,1532792925568
84;01;65-79;2024;16899;737;95758,00000000000;0,043612048050180485;4176,2024971891833
84;01;80+;2019;8968;565;33532,00000000000;0,063001784121320251;2112,5758251561106
84;01;80+;2020;9016;597;33563,00000000000;0,066215616681455189;2222,3947426796803
84;01;80+;2021;8355;701;33334,00000000000;0,083901855176540988;2796,7844404548173
84;01;80+;2022;11748;710;33605,00000000000;0,060435818862785158;2030,9456928838952
84;01;80+;2023;11722;699;34101,00000000000;0,059631462207814366;2033,4924927486777
84;01;80+;2024;11059;705;34830,00000000000;0,063748982728999010;2220,3770684510355
84;01;NA;2019;3;0;NA;0,000000000000000000;NA
84;01;NA;2020;1;0;NA;0,000000000000000000;NA
84;01;NA;2021;47;0;NA;0,000000000000000000;NA
84;01;NA;2022;168;0;NA;0,000000000000000000;NA
84;01;NA;2023;244;0;NA;0,000000000000000000;NA
84;01;NA;2024;222;0;NA;0,000000000000000000;NA
84;03;0-1;2019;3335;0;5647,73415356129;0,000000000000000000;0,0000000000000
84;03;0-1;2020;2181;0;5518,01107336152;0,000000000000000000;0,0000000000000
84;03;0-1;2021;2316;8;5555,91702550845;0,003454231433506045;19,1914232314627
84;03;0-1;2022;3141;0;5446,28530554789;0,000000000000000000;0,0000000000000
84;03;0-1;2023;3717;0;5307,35832539075;0,000000000000000000;0,0000000000000
84;03;0-1;2024;4580;0;5074,41019501518;0,000000000000000000;0,0000000000000
84;03;2-4;2019;3216;0;9067,26584643871;0,000000000000000000;0,0000000000000
84;03;2-4;2020;1717;0;8763,98892663848;0,000000000000000000;0,0000000000000
84;03;2-4;2021;2905;0;8796,08297449155;0,000000000000000000;0,0000000000000
84;03;2-4;2022;5185;0;8575,71469445211;0,000000000000000000;0,0000000000000
84;03;2-4;2023;3713;0;8333,64167460925;0,000000000000000000;0,0000000000000
84;03;2-4;2024;4216;0;8305,58980498482;0,000000000000000000;0,0000000000000
84;03;5-17;2019;10341;0;47121,67312849851;0,000000000000000000;0,0000000000000
84;03;5-17;2020;5554;0;46800,88914852154;0,000000000000000000;0,0000000000000
84;03;5-17;2021;7892;0;46310,74957432682;0,000000000000000000;0,0000000000000
84;03;5-17;2022;6682;0;46165,80732279098;0,000000000000000000;0,0000000000000
84;03;5-17;2023;6033;0;46027,67303981078;0,000000000000000000;0,0000000000000
84;03;5-17;2024;7819;0;45940,91061192359;0,000000000000000000;0,0000000000000
84;03;18-64;2019;28291;18;181472,32687150149;0,000636244742144145;115,4608138166564
84;03;18-64;2020;13083;0;180303,11085147847;0,000000000000000000;0,0000000000000
84;03;18-64;2021;24159;23;179270,25042567318;0,000952026160023180;170,6699681191474
84;03;18-64;2022;16417;12;179090,19267720901;0,000730949625388317;130,9059092481274
84;03;18-64;2023;22931;27;178151,32696018924;0,001177445379617112;209,7634568019323
84;03;18-64;2024;28339;22;177052,08938807642;0,000776315325170260;137,4482503453785
84;03;65-79;2019;8541;0;62017,00000000000;0,000000000000000000;0,0000000000000
84;03;65-79;2020;6754;0;63445,00000000000;0,000000000000000000;0,0000000000000
84;03;65-79;2021;6239;0;64820,00000000000;0,000000000000000000;0,0000000000000
84;03;65-79;2022;8940;0;65999,00000000000;0,000000000000000000;0,0000000000000
84;03;65-79;2023;9713;0;66970,00000000000;0,000000000000000000;0,0000000000000
84;03;65-79;2024;12126;0;67848,00000000000;0,000000000000000000;0,0000000000000
84;03;80+;2019;12571;0;30649,00000000000;0,000000000000000000;0,0000000000000
84;03;80+;2020;10285;0;30797,00000000000;0,000000000000000000;0,0000000000000
84;03;80+;2021;12703;0;30119,00000000000;0,000000000000000000;0,0000000000000
84;03;80+;2022;11717;0;29438,00000000000;0,000000000000000000;0,0000000000000
84;03;80+;2023;10050;0;29132,00000000000;0,000000000000000000;0,0000000000000
84;03;80+;2024;9617;0;29013,00000000000;0,000000000000000000;0,0000000000000
84;03;NA;2019;0;0;NA;NA;NA
84;03;NA;2020;0;0;NA;NA;NA
84;03;NA;2021;1;0;NA;0,000000000000000000;NA
84;03;NA;2022;0;0;NA;NA;NA
84;03;NA;2023;233;0;NA;0,000000000000000000;NA
84;03;NA;2024;0;0;NA;NA;NA
84;07;0-1;2019;2752;0;5917,16734253853;0,000000000000000000;0,0000000000000
84;07;0-1;2020;1615;6;5858,00895492980;0,003715170278637771;21,7635007613491
84;07;0-1;2021;1581;7;5963,16512408948;0,004427577482605946;26,4023756284797
84;07;0-1;2022;4056;18;6093,37639947478;0,004437869822485207;27,0416112402727
84;07;0-1;2023;1234;7;5996,79743928214;0,005672609400324149;34,0174895259116
84;07;0-1;2024;2262;5;5718,38243052607;0,002210433244916004;12,6401026315784
84;07;2-4;2019;2977;0;9499,83265746147;0,000000000000000000;0,0000000000000
84;07;2-4;2020;1460;0;9303,99104507020;0,000000000000000000;0,0000000000000
84;07;2-4;2021;1900;0;9440,83487591052;0,000000000000000000;0,0000000000000
84;07;2-4;2022;2797;7;9594,62360052522;0,002502681444404719;24,0122864510821
84;07;2-4;2023;1776;5;9416,20256071786;0,002815315315315315;26,5095792813003
84;07;2-4;2024;1636;0;9359,61756947393;0,000000000000000000;0,0000000000000
84;07;5-17;2019;5560;13;49957,53869152396;0,002338129496402878;116,8071947823402
84;07;5-17;2020;6445;11;49538,80862669565;0,001706749418153607;84,5503327996357
84;07;5-17;2021;7362;29;49501,70677565438;0,003939146970931812;194,9944983012737
84;07;5-17;2022;7217;24;49264,95331493773;0,003325481502009145;163,8296909461695
84;07;5-17;2023;6815;23;49267,21961397240;0,003374908290535583;166,2723479268327
84;07;5-17;2024;6582;30;49401,83883462134;0,004557885141294439;225,1679071769432
84;07;18-64;2019;30800;142;180807,46130847605;0,004610389610389611;833,5928410975195
84;07;18-64;2020;24014;98;180601,19137330435;0,004080952777546431;737,0249335630809
84;07;18-64;2021;34893;162;181396,29322434563;0,004642765024503482;842,1803657565698
84;07;18-64;2022;34358;148;181986,04668506226;0,004307584841958205;783,9203361484724
84;07;18-64;2023;30309;175;181991,78038602759;0,005773862549077832;1050,7955250108823
84;07;18-64;2024;34575;193;181971,16116537867;0,005582067968185105;1015,7753898747095
84;07;65-79;2019;6913;21;57351,00000000000;0,003037754954433675;174,2182843917257
84;07;65-79;2020;4798;5;58913,00000000000;0,001042100875364735;61,3932888703627
84;07;65-79;2021;7126;21;60438,00000000000;0,002946954813359528;178,1080550098232
84;07;65-79;2022;5196;0;61726,00000000000;0,000000000000000000;0,0000000000000
84;07;65-79;2023;4060;10;63312,00000000000;0,002463054187192118;155,9408866995074
84;07;65-79;2024;7213;18;64609,00000000000;0,002495494246499376;161,2313877720782
84;07;80+;2019;9599;0;24745,00000000000;0,000000000000000000;0,0000000000000
84;07;80+;2020;6326;0;25110,00000000000;0,000000000000000000;0,0000000000000
84;07;80+;2021;7582;6;24675,00000000000;0,000791347929306252;19,5265101556318
84;07;80+;2022;6065;0;24564,00000000000;0,000000000000000000;0,0000000000000
84;07;80+;2023;8392;5;24467,00000000000;0,000595805529075310;14,5775738798856
84;07;80+;2024;10428;0;24773,00000000000;0,000000000000000000;0,0000000000000
84;07;NA;2019;0;0;NA;NA;NA
84;07;NA;2020;0;0;NA;NA;NA
84;07;NA;2021;2;0;NA;0,000000000000000000;NA
84;07;NA;2022;0;0;NA;NA;NA
84;07;NA;2023;4;0;NA;0,000000000000000000;NA
84;07;NA;2024;0;0;NA;NA;NA
84;15;0-1;2019;1185;0;2191,92726816096;0,000000000000000000;0,0000000000000
84;15;0-1;2020;1265;0;2219,64526092017;0,000000000000000000;0,0000000000000
84;15;0-1;2021;920;0;2193,79750442840;0,000000000000000000;0,0000000000000
84;15;0-1;2022;1938;0;2195,68184511926;0,000000000000000000;0,0000000000000
84;15;0-1;2023;1020;0;2181,53787335723;0,000000000000000000;0,0000000000000
84;15;0-1;2024;1442;0;2040,00391920677;0,000000000000000000;0,0000000000000
84;15;2-4;2019;1757;0;3519,07273183904;0,000000000000000000;0,0000000000000
84;15;2-4;2020;781;0;3525,35473907983;0,000000000000000000;0,0000000000000
84;15;2-4;2021;1449;0;3473,20249557160;0,000000000000000000;0,0000000000000
84;15;2-4;2022;1533;6;3457,31815488074;0,003913894324853229;13,5315779055998
84;15;2-4;2023;1332;0;3425,46212664277;0,000000000000000000;0,0000000000000
84;15;2-4;2024;997;0;3338,99608079323;0,000000000000000000;0,0000000000000
84;15;5-17;2019;5006;0;18978,69666175559;0,000000000000000000;0,0000000000000
84;15;5-17;2020;3865;0;18811,31446593720;0,000000000000000000;0,0000000000000
84;15;5-17;2021;4746;0;18528,67773813824;0,000000000000000000;0,0000000000000
84;15;5-17;2022;4073;0;18474,81353860321;0,000000000000000000;0,0000000000000
84;15;5-17;2023;3172;0;18254,97185252684;0,000000000000000000;0,0000000000000
84;15;5-17;2024;3142;0;18250,36912774002;0,000000000000000000;0,0000000000000
84;15;18-64;2019;13396;0;79270,30333824441;0,000000000000000000;0,0000000000000
84;15;18-64;2020;8123;0;78760,68553406280;0,000000000000000000;0,0000000000000
84;15;18-64;2021;11210;0;78346,32226186176;0,000000000000000000;0,0000000000000
84;15;18-64;2022;12221;5;78002,18646139679;0,000409131822273136;31,9131766882402
84;15;18-64;2023;8109;0;77620,02814747316;0,000000000000000000;0,0000000000000
84;15;18-64;2024;7159;0;77289,63087225998;0,000000000000000000;0,0000000000000
84;15;65-79;2019;5290;0;27110,00000000000;0,000000000000000000;0,0000000000000
84;15;65-79;2020;4885;0;27631,00000000000;0,000000000000000000;0,0000000000000
84;15;65-79;2021;5277;0;28513,00000000000;0,000000000000000000;0,0000000000000
84;15;65-79;2022;5819;0;29434,00000000000;0,000000000000000000;0,0000000000000
84;15;65-79;2023;5236;0;30176,00000000000;0,000000000000000000;0,0000000000000
84;15;65-79;2024;5476;0;30610,00000000000;0,000000000000000000;0,0000000000000
84;15;80+;2019;5842;0;13622,00000000000;0,000000000000000000;0,0000000000000
84;15;80+;2020;5308;0;13431,00000000000;0,000000000000000000;0,0000000000000
84;15;80+;2021;5543;0;13171,00000000000;0,000000000000000000;0,0000000000000
84;15;80+;2022;5437;0;12835,00000000000;0,000000000000000000;0,0000000000000
84;15;80+;2023;5147;0;12519,00000000000;0,000000000000000000;0,0000000000000
84;15;80+;2024;5219;0;12435,00000000000;0,000000000000000000;0,0000000000000
84;15;NA;2019;0;0;NA;NA;NA
84;15;NA;2020;0;0;NA;NA;NA
84;15;NA;2021;0;0;NA;NA;NA
84;15;NA;2022;0;0;NA;NA;NA
84;15;NA;2023;63;0;NA;0,000000000000000000;NA
84;15;NA;2024;0;0;NA;NA;NA
84;26;0-1;2019;2695;15;10708,24212601835;0,005565862708719851;59,6006055251485
84;26;0-1;2020;1618;5;10449,13943978870;0,003090234857849196;32,2902949313619
84;26;0-1;2021;6141;44;10458,76604502242;0,007164956847418988;74,9366073898366
84;26;0-1;2022;5963;29;10618,35313671860;0,004863323830286768;51,6404898482038
84;26;0-1;2023;5149;39;10473,09371767966;0,007574286269178481;79,3262099416405
84;26;0-1;2024;4204;28;9909,13225525834;0,006660323501427212;65,9980264384475
84;26;2-4;2019;3175;12;17191,75787398165;0,003779527559055118;64,9767226733165
84;26;2-4;2020;1687;5;16595,86056021129;0,002963841138114997;49,1874942507744
84;26;2-4;2021;6100;17;16558,23395497758;0,002786885245901640;46,1458979073146
84;26;2-4;2022;4016;17;16719,64686328140;0,004233067729083665;70,7753975786314
84;26;2-4;2023;2352;22;16444,90628232033;0,009353741496598639;153,8214023006154
84;26;2-4;2024;3821;16;16218,86774474166;0,004187385501177702;67,9146516398499
84;26;5-17;2019;12010;45;85346,34129585112;0,003746877601998335;319,7822946139301
84;26;5-17;2020;10105;53;84583,53980618878;0,005244928253339931;443,6345976969823
84;26;5-17;2021;13084;59;84026,83252702114;0,004509324365637420;378,9042432814313
84;26;5-17;2022;13841;53;83498,12049661648;0,003829203092262120;319,7312612037189
84;26;5-17;2023;14344;72;83177,82296280609;0,005019520356943669;417,5127756080618
84;26;5-17;2024;14917;84;83067,69574569525;0,005631159080244017;467,7674091733192
84;26;18-64;2019;60586;270;289974,65870414890;0,004456475093255868;1292,2648441904105
84;26;18-64;2020;57373;253;290080,46019381122;0,004409739773063985;1279,1793427053533
84;26;18-64;2021;58025;284;291165,16747297888;0,004894442050840155;1425,0910394196640
84;26;18-64;2022;66397;314;291530,87950338353;0,004729129328132295;1378,6872323156533
84;26;18-64;2023;63965;341;291680,17703719391;0,005331040412725709;1554,9588113762700
84;26;18-64;2024;62599;340;291749,30425430473;0,005431396667678398;1584,6061989243217
84;26;65-79;2019;7819;33;79873,00000000000;0,004220488553523468;337,1030822355800
84;26;65-79;2020;9089;22;81745,00000000000;0,002420508306744416;197,8644515348223
84;26;65-79;2021;10820;33;83361,00000000000;0,003049907578558225;254,2433456561922
84;26;65-79;2022;12389;55;85249,00000000000;0,004439422067963516;378,4562918718218
84;26;65-79;2023;9424;44;86763,00000000000;0,004668930390492360;405,0904074702886
84;26;65-79;2024;12151;57;87947,00000000000;0,004690971936466134;412,5569088963871
84;26;80+;2019;7966;5;33668,00000000000;0,000627667587245795;21,1323123273914
84;26;80+;2020;6160;0;34255,00000000000;0,000000000000000000;0,0000000000000
84;26;80+;2021;10081;6;33888,00000000000;0,000595179049697451;20,1694276361472
84;26;80+;2022;9524;5;33816,00000000000;0,000524989500209996;17,7530449391012
84;26;80+;2023;8841;10;33915,00000000000;0,001131093767673340;38,3610451306413
84;26;80+;2024;6674;0;34565,00000000000;0,000000000000000000;0,0000000000000
84;26;NA;2019;2;0;NA;0,000000000000000000;NA
84;26;NA;2020;2;0;NA;0,000000000000000000;NA
84;26;NA;2021;2;0;NA;0,000000000000000000;NA
84;26;NA;2022;2;0;NA;0,000000000000000000;NA
84;26;NA;2023;5;0;NA;0,000000000000000000;NA
84;26;NA;2024;0;0;NA;NA;NA
84;38;0-1;2019;16083;725;27965,39949921415;0,045078654479885592;1260,6425814170404
84;38;0-1;2020;10244;647;27904,93976848730;0,063158922295978137;1762,4459225118399
84;38;0-1;2021;13841;1108;27580,21937586048;0,080052019362762808;2207,8522555056288
84;38;0-1;2022;17291;1256;26911,76508097966;0,072638945115956283;1954,8422266907903
84;38;0-1;2023;13993;1026;26401,78295171657;0,073322375473451010;1935,8414427543198
84;38;0-1;2024;17564;1106;25170,28817808425;0,062969710772033699;1584,9657666227042
84;38;2-4;2019;14481;634;44897,60050078585;0,043781506802016437;1965,6846017193723
84;38;2-4;2020;8560;447;44320,06023151270;0,052219626168224301;2314,3769770427775
84;38;2-4;2021;11338;753;43664,78062413953;0,066413829599576646;2899,9452998744987
84;38;2-4;2022;15136;976;42375,23491902034;0,064482029598308663;2732,4411522835521
84;38;2-4;2023;12512;711;41456,21704828343;0,056825447570332484;2355,7680883415537
84;38;2-4;2024;13268;837;41197,71182191575;0,063084112149532703;2598,9210728778626
84;38;5-17;2019;38766;1669;218012,82576906620;0,043053190940514886;9386,1478153168118
84;38;5-17;2020;33682;1348;217951,79924377179;0,040021376402826436;8722,7309952082524
84;38;5-17;2021;40805;1909;218775,73928172083;0,046783482416370543;10235,0909518148528
84;38;5-17;2022;37117;2192;217532,04212615147;0,059056497022927500;12846,6803982144047
84;38;5-17;2023;40927;2102;217438,32714462263;0,051359738070222594;11167,5755285751893
84;38;5-17;2024;42134;2365;216960,04476795541;0,056130440974035224;12178,0629865717601
84;38;18-64;2019;140986;3717;745539,17423093377;0,026364319861546536;19655,6332587376091
84;38;18-64;2020;121082;3003;747062,20075622818;0,024801374275284518;18528,1692478729565
84;38;18-64;2021;125144;3372;750901,26071827917;0,026944959406763409;20233,0039885414990
84;38;18-64;2022;142245;3837;755474,95787384850;0,026974586101444691;20378,6242986534271
84;38;18-64;2023;132947;3845;758332,67285537731;0,028921299465200417;21931,9663258962282
84;38;18-64;2024;142737;4778;761281,95523204457;0,033474151761631529;25483,2677028290382
84;38;65-79;2019;21211;635;165508,00000000000;0,029937296685681958;4954,8620998538490
84;38;65-79;2020;23987;549;169910,00000000000;0,022887397340225955;3888,7976820777922
84;38;65-79;2021;28867;640;174465,00000000000;0,022170644680777358;3868,0015242318218
84;38;65-79;2022;24365;721;179276,00000000000;0,029591627334290990;5305,0685819823511
84;38;65-79;2023;29000;784;183195,00000000000;0,027034482758620689;4952,5820689655175
84;38;65-79;2024;27817;1000;186487,00000000000;0,035949239673580907;6704,0658590070825
84;38;80+;2019;27176;331;69243,00000000000;0,012179864586399764;843,3703635560788
84;38;80+;2020;22128;272;70364,00000000000;0,012292118582791034;864,9226319595083
84;38;80+;2021;24224;316;69561,00000000000;0,013044914134742404;907,4172721268163
84;38;80+;2022;23255;436;69810,00000000000;0,018748656202967104;1308,8436895291336
84;38;80+;2023;22559;476;70263,00000000000;0,021100226073850790;1482,5651846269780
84;38;80+;2024;27639;791;71874,00000000000;0,028618980426209341;2056,9605991533704
84;38;NA;2019;3;0;NA;0,000000000000000000;NA
84;38;NA;2020;0;0;NA;NA;NA
84;38;NA;2021;0;0;NA;NA;NA
84;38;NA;2022;0;0;NA;NA;NA
84;38;NA;2023;12;0;NA;0,000000000000000000;NA
84;38;NA;2024;2;0;NA;0,000000000000000000;NA
84;42;0-1;2019;10356;41;16478,02721133855;0,003959057551178061;65,2374580595675
84;42;0-1;2020;7805;36;16202,44450164463;0,004612427930813581;74,7326075668426
84;42;0-1;2021;10964;74;15943,06624711120;0,006749361546880700;107,6055182676240
84;42;0-1;2022;15063;101;15889,07711306184;0,006705171612560579;106,5389888082883
84;42;0-1;2023;10382;92;15739,59927390642;0,008861491042188403;139,4763179733569
84;42;0-1;2024;12099;72;14968,37231516136;0,005950905033473841;89,0753621532043
84;42;2-4;2019;10836;23;26454,97278866144;0,002122554448135844;56,1521201678860
84;42;2-4;2020;4663;11;25733,55549835537;0,002358996354278362;60,7053636032402
84;42;2-4;2021;9689;61;25240,93375288880;0,006295799360099081;158,9118545697406
84;42;2-4;2022;12452;58;25018,92288693815;0,004657886283327979;116,5352977387097
84;42;2-4;2023;7288;38;24714,40072609358;0,005214050493962679;128,8621333138798
84;42;2-4;2024;9661;37;24499,62768483864;0,003829831280405755;93,8294404656898
84;42;5-17;2019;24042;59;124453,20392794811;0,002454038765493719;305,4129869290799
84;42;5-17;2020;21351;108;125209,59599179601;0,005058311086131797;633,3490874953852
84;42;5-17;2021;26769;145;125777,92123999546;0,005416713362471516;681,3029466845733
84;42;5-17;2022;28695;135;126101,61390305667;0,004704652378463147;593,2642577770571
84;42;5-17;2023;28286;145;125797,76079010085;0,005126210846355088;644,8658458093977
84;42;5-17;2024;29703;138;125621,21670676675;0,004645995354004646;583,6355891840491
84;42;18-64;2019;131908;974;426658,79607205186;0,007383934257209570;3150,4205004562159
84;42;18-64;2020;100842;715;426268,40400820400;0,007090299676722001;3022,3707271361723
84;42;18-64;2021;126275;954;426162,07876000454;0,007554939615917640;3219,6287716257716
84;42;18-64;2022;129834;1083;427302,38609694334;0,008341420583206248;3564,3089186421862
84;42;18-64;2023;129524;1101;427964,23920989915;0,008500355146536550;3637,8480233014652
84;42;18-64;2024;129820;1272;428685,78329323325;0,009798182098289939;4200,3413676551581
84;42;65-79;2019;15356;40;116248,00000000000;0,002604845011721803;302,8080229226361
84;42;65-79;2020;22073;62;118892,00000000000;0,002808861505006116;333,9511620531871
84;42;65-79;2021;18834;58;121055,00000000000;0,003079537007539556;372,7933524477010
84;42;65-79;2022;20053;44;123155,00000000000;0,002194185408667032;270,2249040043884
84;42;65-79;2023;19055;65;124987,00000000000;0,003411178168459722;426,3529257412753
84;42;65-79;2024;22554;74;126522,00000000000;0,003281014454198812;415,1205107741421
84;42;80+;2019;16561;17;55341,00000000000;0,001026508061107421;56,8079826097458
84;42;80+;2020;13673;6;56202,00000000000;0,000438821034154904;24,6626197615739
84;42;80+;2021;15891;0;54850,00000000000;0,000000000000000000;0,0000000000000
84;42;80+;2022;15544;11;54574,00000000000;0,000707668553782810;38,6203036541431
84;42;80+;2023;19537;10;54490,00000000000;0,000511849311562676;27,8906689870502
84;42;80+;2024;14032;8;55060,00000000000;0,000570125427594071;31,3911060433295
84;42;NA;2019;1;0;NA;0,000000000000000000;NA
84;42;NA;2020;0;0;NA;NA;NA
84;42;NA;2021;0;0;NA;NA;NA
84;42;NA;2022;1;0;NA;0,000000000000000000;NA
84;42;NA;2023;53;0;NA;0,000000000000000000;NA
84;42;NA;2024;4;0;NA;0,000000000000000000;NA
84;43;0-1;2019;1952;0;4130,54128172794;0,000000000000000000;0,0000000000000
84;43;0-1;2020;1390;0;4131,74698351268;0,000000000000000000;0,0000000000000
84;43;0-1;2021;2196;0;4008,99363964364;0,000000000000000000;0,0000000000000
84;43;0-1;2022;2789;0;4110,93165553551;0,000000000000000000;0,0000000000000
84;43;0-1;2023;1518;0;3997,73526819075;0,000000000000000000;0,0000000000000
84;43;0-1;2024;2075;0;3742,09307879034;0,000000000000000000;0,0000000000000
84;43;2-4;2019;1967;0;6631,45871827206;0,000000000000000000;0,0000000000000
84;43;2-4;2020;1422;0;6562,25301648732;0,000000000000000000;0,0000000000000
84;43;2-4;2021;1812;0;6347,00636035636;0,000000000000000000;0,0000000000000
84;43;2-4;2022;2118;0;6473,06834446449;0,000000000000000000;0,0000000000000
84;43;2-4;2023;1583;0;6277,26473180925;0,000000000000000000;0,0000000000000
84;43;2-4;2024;2241;0;6124,90692120966;0,000000000000000000;0,0000000000000
84;43;5-17;2019;6413;0;35345,38143138192;0,000000000000000000;0,0000000000000
84;43;5-17;2020;5049;0;34715,13192859136;0,000000000000000000;0,0000000000000
84;43;5-17;2021;4802;0;34400,26201315783;0,000000000000000000;0,0000000000000
84;43;5-17;2022;5412;0;34106,44750929778;0,000000000000000000;0,0000000000000
84;43;5-17;2023;3925;0;33998,47388054879;0,000000000000000000;0,0000000000000
84;43;5-17;2024;5183;0;34023,63816049643;0,000000000000000000;0,0000000000000
84;43;18-64;2019;14291;30;126303,61856861808;0,002099223287383668;265,1394973800673
84;43;18-64;2020;12410;12;125827,86807140865;0,000966962127316680;121,6707829860519
84;43;18-64;2021;14902;23;125123,73798684217;0,001543416991007918;193,1181031873151
84;43;18-64;2022;11762;35;125647,55249070222;0,002975684407413705;373,8874627762777
84;43;18-64;2023;17376;57;125036,52611945121;0,003280386740331492;410,1681623393600
84;43;18-64;2024;18600;61;124641,36183950357;0,003279569892473118;408,7700576456838
84;43;65-79;2019;6765;0;38013,00000000000;0,000000000000000000;0,0000000000000
84;43;65-79;2020;5309;0;38820,00000000000;0,000000000000000000;0,0000000000000
84;43;65-79;2021;6409;0;40052,00000000000;0,000000000000000000;0,0000000000000
84;43;65-79;2022;6630;0;41160,00000000000;0,000000000000000000;0,0000000000000
84;43;65-79;2023;6432;0;42295,00000000000;0,000000000000000000;0,0000000000000
84;43;65-79;2024;7203;0;43055,00000000000;0,000000000000000000;0,0000000000000
84;43;80+;2019;7934;0;17146,00000000000;0,000000000000000000;0,0000000000000
84;43;80+;2020;7257;0;17432,00000000000;0,000000000000000000;0,0000000000000
84;43;80+;2021;7450;0;17352,00000000000;0,000000000000000000;0,0000000000000
84;43;80+;2022;7824;0;16663,00000000000;0,000000000000000000;0,0000000000000
84;43;80+;2023;5717;0;16429,00000000000;0,000000000000000000;0,0000000000000
84;43;80+;2024;6468;0;16423,00000000000;0,000000000000000000;0,0000000000000
84;43;NA;2019;0;0;NA;NA;NA
84;43;NA;2020;0;0;NA;NA;NA
84;43;NA;2021;0;0;NA;NA;NA
84;43;NA;2022;1;0;NA;0,000000000000000000;NA
84;43;NA;2023;82;0;NA;0,000000000000000000;NA
84;43;NA;2024;0;0;NA;NA;NA
84;63;0-1;2019;5624;0;12701,35687011918;0,000000000000000000;0,0000000000000
84;63;0-1;2020;5237;0;12615,85321232836;0,000000000000000000;0,0000000000000
84;63;0-1;2021;4521;0;12606,88362964801;0,000000000000000000;0,0000000000000
84;63;0-1;2022;5664;0;12325,80358623997;0,000000000000000000;0,0000000000000
84;63;0-1;2023;3984;0;12088,91800661360;0,000000000000000000;0,0000000000000
84;63;0-1;2024;4824;0;11322,60959433319;0,000000000000000000;0,0000000000000
84;63;2-4;2019;6419;0;20391,64312988082;0,000000000000000000;0,0000000000000
84;63;2-4;2020;5772;0;20037,14678767164;0,000000000000000000;0,0000000000000
84;63;2-4;2021;6008;0;19959,11637035199;0,000000000000000000;0,0000000000000
84;63;2-4;2022;5392;0;19408,19641376003;0,000000000000000000;0,0000000000000
84;63;2-4;2023;6072;0;18982,08199338640;0,000000000000000000;0,0000000000000
84;63;2-4;2024;6172;0;18532,39040566681;0,000000000000000000;0,0000000000000
84;63;5-17;2019;19738;5;98640,44274908962;0,000253318471982977;24,9874462329237
84;63;5-17;2020;13225;0;99447,95778519419;0,000000000000000000;0,0000000000000
84;63;5-17;2021;13098;0;99515,23710140685;0,000000000000000000;0,0000000000000
84;63;5-17;2022;21852;5;99114,66808146378;0,000228812008054183;22,6786262313435
84;63;5-17;2023;13122;0;98710,80182703426;0,000000000000000000;0,0000000000000
84;63;5-17;2024;18354;22;98366,56730715925;0,001198648795902801;117,9069674598182
84;63;18-64;2019;52706;53;386460,55725091038;0,001005578112548856;388,6162777349495
84;63;18-64;2020;43835;30;383569,04221480578;0,000684384624158777;262,5087547951220
84;63;18-64;2021;52034;55;382664,76289859315;0,001057001191528616;404,4771103398283
84;63;18-64;2022;62374;84;383082,33191853622;0,001346714977394427;515,9027139698760
84;63;18-64;2023;39501;85;382635,19817296573;0,002151844257107415;823,3713537556540
84;63;18-64;2024;38516;68;382456,43269284075;0,001765500051926472;675,2268517788236
84;63;65-79;2019;18214;0;100654,00000000000;0,000000000000000000;0,0000000000000
84;63;65-79;2020;17186;0;102787,00000000000;0,000000000000000000;0,0000000000000
84;63;65-79;2021;13082;0;104815,00000000000;0,000000000000000000;0,0000000000000
84;63;65-79;2022;15352;0;107502,00000000000;0,000000000000000000;0,0000000000000
84;63;65-79;2023;13490;0;109090,00000000000;0,000000000000000000;0,0000000000000
84;63;65-79;2024;14553;0;110291,00000000000;0,000000000000000000;0,0000000000000
84;63;80+;2019;19484;0;43304,00000000000;0,000000000000000000;0,0000000000000
84;63;80+;2020;18159;0;43395,00000000000;0,000000000000000000;0,0000000000000
84;63;80+;2021;15729;0;42724,00000000000;0,000000000000000000;0,0000000000000
84;63;80+;2022;17809;0;42952,00000000000;0,000000000000000000;0,0000000000000
84;63;80+;2023;13294;0;42756,00000000000;0,000000000000000000;0,0000000000000
84;63;80+;2024;14138;0;43166,00000000000;0,000000000000000000;0,0000000000000
84;63;NA;2019;0;0;NA;NA;NA
84;63;NA;2020;0;0;NA;NA;NA
84;63;NA;2021;0;0;NA;NA;NA
84;63;NA;2022;0;0;NA;NA;NA
84;63;NA;2023;15330;0;NA;0,000000000000000000;NA
84;63;NA;2024;0;0;NA;NA;NA
84;69;0-1;2019;27786;18152;45689,26735360130;0,653278629525660404;29847,8219607921528
84;69;0-1;2020;20640;14359;44317,56477873778;0,695687984496124012;30831,1973186965006
84;69;0-1;2021;31946;22022;42825,31193310325;0,689350779440305539;29521,6621608589448
84;69;0-1;2022;32559;21948;41962,65337009540;0,674099327374919399;28286,9964116482006
84;69;0-1;2023;26995;18554;40864,44138375418;0,687312465271346595;28086,6399494045218
84;69;0-1;2024;27107;18446;38426,71074583915;0,680488434721658653;26148,9322469380277
84;69;2-4;2019;24594;14894;73352,73264639871;0,605594860535089818;44422,0378968635559
84;69;2-4;2020;17880;11359;70387,43522126222;0,635290827740492170;44716,4919842459494
84;69;2-4;2021;25070;16303;67800,68806689675;0,650299162345432835;44090,7306563469392
84;69;2-4;2022;27937;17765;66074,34662990461;0,635895049575831317;42016,3499259138553
84;69;2-4;2023;21000;13219;64165,55861624582;0,629476190476190522;40390,6913975311254
84;69;2-4;2024;20355;12937;62895,28925416085;0,635568656349791206;39974,2744819984728
84;69;5-17;2019;77159;34479;309784,83641417237;0,446856491141668477;138429,3650089328294
84;69;5-17;2020;57193;27242;311451,97684322216;0,476317031804591451;148349,8811596359301
84;69;5-17;2021;70835;33706;314941,39377545862;0,475838215571398326;149861,1508236833324
84;69;5-17;2022;79549;37961;317707,24205676268;0,477202730392588204;151610,7633749860688
84;69;5-17;2023;75660;35278;317653,82139263640;0,466270155960877619;148112,4968423133250
84;69;5-17;2024;77114;36666;316494,23169348016;0,475477863941696721;150486,0012354844075
84;69;18-64;2019;303162;86391;1127688,16358582769;0,284966453579274470;321353,2967203780427
84;69;18-64;2020;256039;71984;1131919,02315677796;0,281144669366776179;318232,9995153766358
84;69;18-64;2021;287602;84182;1139265,60622454132;0,292703110548605372;333466,5866829658626
84;69;18-64;2022;292665;87925;1148470,75794323743;0,300428817931765013;345033,7122380850487
84;69;18-64;2023;283565;85612;1155949,17860736372;0,301913141607744240;348996,2480522406404
84;69;18-64;2024;303856;87806;1164168,76830651984;0,288972407982728663;336412,6522758223582
84;69;65-79;2019;51141;15194;218367,00000000000;0,297100174028665842;64876,8737021176712
84;69;65-79;2020;46535;14388;223106,00000000000;0,309186633716557413;68981,3931019662559
84;69;65-79;2021;51019;15851;226488,00000000000;0,310688174993629829;70367,1433779572399
84;69;65-79;2022;53077;16954;230542,00000000000;0,319422725474310887;73640,3539762985747
84;69;65-79;2023;52783;16824;233351,00000000000;0,318738987931720452;74378,0615728549019
84;69;65-79;2024;60004;17730;236100,00000000000;0,295480301313245763;69762,8991400573286
84;69;80+;2019;47351;16565;100865,00000000000;0,349834216806403253;35286,0282781778660
84;69;80+;2020;42436;16166;102255,00000000000;0,380950136676406814;38954,0562258459759
84;69;80+;2021;45870;17465;102371,00000000000;0,380749945498146947;38977,7526705908022
84;69;80+;2022;48353;19102;103225,00000000000;0,395053047380720945;40779,3508158749173
84;69;80+;2023;49359;19503;104480,00000000000;0,395125509025709587;41282,7131830061408
84;69;80+;2024;53216;19615;106631,00000000000;0,368592152736019252;39303,3498383944680
84;69;NA;2019;9;0;NA;0,000000000000000000;NA
84;69;NA;2020;5;0;NA;0,000000000000000000;NA
84;69;NA;2021;5;0;NA;0,000000000000000000;NA
84;69;NA;2022;5;0;NA;0,000000000000000000;NA
84;69;NA;2023;41;0;NA;0,000000000000000000;NA
84;69;NA;2024;6;0;NA;0,000000000000000000;NA
84;73;0-1;2019;1985;0;8684,42274499703;0,000000000000000000;0,0000000000000
84;73;0-1;2020;1390;0;8831,83133496506;0,000000000000000000;0,0000000000000
84;73;0-1;2021;2748;0;8661,76445413542;0,000000000000000000;0,0000000000000
84;73;0-1;2022;5864;8;8569,87868931741;0,001364256480218281;11,6915125365858
84;73;0-1;2023;5273;5;8488,42728429368;0,000948226815854352;8,0489543753970
84;73;0-1;2024;2101;0;7985,55912303734;0,000000000000000000;0,0000000000000
84;73;2-4;2019;2281;0;13942,57725500297;0,000000000000000000;0,0000000000000
84;73;2-4;2020;1592;0;14027,16866503494;0,000000000000000000;0,0000000000000
84;73;2-4;2021;4314;6;13713,23554586458;0,001390820584144645;19,0726502724125
84;73;2-4;2022;3607;0;13494,12131068259;0,000000000000000000;0,0000000000000
84;73;2-4;2023;4930;6;13328,57271570632;0,001217038539553753;16,2213866722592
84;73;2-4;2024;5173;10;13070,44087696266;0,001933114247052001;25,2666554745074
84;73;5-17;2019;9791;5;68418,01836402445;0,000510673067102441;34,9392392830275
84;73;5-17;2020;5873;8;68542,65652071701;0,001362165843691469;93,3664655483971
84;73;5-17;2021;7177;5;68788,36982646972;0,000696669917792950;47,9227879521177
84;73;5-17;2022;16279;26;68807,58795682329;0,001597149702070152;109,8960186054061
84;73;5-17;2023;10574;5;68832,74330447025;0,000472857953470777;32,5481101307312
84;73;5-17;2024;15099;25;69071,35053756287;0,001655738790648387;114,3641144075152
84;73;18-64;2019;18539;96;254865,98163597554;0,005178272830249744;1319,7655880605023
84;73;18-64;2020;18849;56;256466,34347928301;0,002970979892832511;761,9563496652262
84;73;18-64;2021;42017;63;257427,63017353028;0,001499393102791727;385,9852131502108
84;73;18-64;2022;44829;93;258311,41204317671;0,002074549956501372;535,8799286179801
84;73;18-64;2023;45904;125;259429,25669552974;0,002723074241896131;706,4451265018564
84;73;18-64;2024;51493;135;260411,64946243711;0,002621715572990504;682,7252767838155
84;73;65-79;2019;6153;0;63163,00000000000;0,000000000000000000;0,0000000000000
84;73;65-79;2020;4934;0;64742,00000000000;0,000000000000000000;0,0000000000000
84;73;65-79;2021;10225;0;66683,00000000000;0,000000000000000000;0,0000000000000
84;73;65-79;2022;14318;6;68759,00000000000;0,000419052940354798;28,8136611258556
84;73;65-79;2023;11913;6;70320,00000000000;0,000503651473180559;35,4167715940569
84;73;65-79;2024;10239;0;72000,00000000000;0,000000000000000000;0,0000000000000
84;73;80+;2019;6848;0;27360,00000000000;0,000000000000000000;0,0000000000000
84;73;80+;2020;4484;0;27140,00000000000;0,000000000000000000;0,0000000000000
84;73;80+;2021;8016;0;27194,00000000000;0,000000000000000000;0,0000000000000
84;73;80+;2022;8436;0;27346,00000000000;0,000000000000000000;0,0000000000000
84;73;80+;2023;9219;0;27598,00000000000;0,000000000000000000;0,0000000000000
84;73;80+;2024;11917;0;27912,00000000000;0,000000000000000000;0,0000000000000
84;73;NA;2019;0;0;NA;NA;NA
84;73;NA;2020;0;0;NA;NA;NA
84;73;NA;2021;0;0;NA;NA;NA
84;73;NA;2022;0;0;NA;NA;NA
84;73;NA;2023;3;0;NA;0,000000000000000000;NA
84;73;NA;2024;3;0;NA;0,000000000000000000;NA
84;74;0-1;2019;12365;14;18969,32468947422;0,001132228063081278;21,4776017511233
84;74;0-1;2020;6526;9;19399,97003330266;0,001379098988660742;26,7544790529764
84;74;0-1;2021;10306;37;19168,92024471167;0,003590141665049486;68,8191392445500
84;74;0-1;2022;7665;26;19396,80800697163;0,003392041748206132;65,7947825415867
84;74;0-1;2023;8580;32;19226,86946454328;0,003729603729603730;71,7086040635647
84;74;0-1;2024;6067;33;18227,29659062963;0,005439261579034119;99,1430340350713
84;74;2-4;2019;10034;0;30454,67531052578;0,000000000000000000;0,0000000000000
84;74;2-4;2020;4885;0;30812,02996669734;0,000000000000000000;0,0000000000000
84;74;2-4;2021;6947;7;30348,07975528833;0,001007629192457176;30,5796110964471
84;74;2-4;2022;10677;30;30542,19199302837;0,002809778027535825;85,8167799747917
84;74;2-4;2023;6227;11;30190,13053545672;0,001766500722659387;53,3308874080655
84;74;2-4;2024;6382;13;29833,70340937037;0,002036979003447195;60,7706274399584
84;74;5-17;2019;20185;7;137117,85062719174;0,000346792172405251;47,5513972945426
84;74;5-17;2020;15122;19;137052,51691666109;0,001256447559846581;172,1993004507711
84;74;5-17;2021;13077;19;136817,13796197728;0,001452932629808060;198,7860840619078
84;74;5-17;2022;13734;22;137084,10191402919;0,001601863987185088;219,5900860716937
84;74;5-17;2023;13329;29;137805,78481441821;0,002175707104809063;299,8250251045186
84;74;5-17;2024;14000;38;139284,71280209039;0,002714285714285714;378,0585061771025
84;74;18-64;2019;91025;154;498377,14937280829;0,001691842900302115;843,1758418391922
84;74;18-64;2020;97931;157;503519,48308333894;0,001603169578580838;807,2271175019577
84;74;18-64;2021;102800;199;508597,86203802272;0,001935797665369650;984,5425539451996
84;74;18-64;2022;101271;249;513440,89808597078;0,002458749296442219;1262,4224469335420
84;74;18-64;2023;84937;257;517859,21518558176;0,003025772042808199;1566,9239354191286
84;74;18-64;2024;92923;270;521520,28719790961;0,002905631544396974;1515,3457975252154
84;74;65-79;2019;15130;5;101693,00000000000;0,000330469266358229;33,6064111037673
84;74;65-79;2020;17329;6;103824,00000000000;0,000346240406255410;35,9480639390617
84;74;65-79;2021;13339;0;106121,00000000000;0,000000000000000000;0,0000000000000
84;74;65-79;2022;13284;5;108494,00000000000;0,000376392652815417;40,8363444745559
84;74;65-79;2023;11640;0;110168,00000000000;0,000000000000000000;0,0000000000000
84;74;65-79;2024;12065;5;112219,00000000000;0,000414421881475342;46,5060091172814
84;74;80+;2019;12914;0;39482,00000000000;0,000000000000000000;0,0000000000000
84;74;80+;2020;14853;0;40598,00000000000;0,000000000000000000;0,0000000000000
84;74;80+;2021;15584;0;40429,00000000000;0,000000000000000000;0,0000000000000
84;74;80+;2022;16871;0;40625,00000000000;0,000000000000000000;0,0000000000000
84;74;80+;2023;12661;0;41457,00000000000;0,000000000000000000;0,0000000000000
84;74;80+;2024;14657;0;42555,00000000000;0,000000000000000000;0,0000000000000
84;74;NA;2019;13;0;NA;0,000000000000000000;NA
84;74;NA;2020;5;0;NA;0,000000000000000000;NA
84;74;NA;2021;3;0;NA;0,000000000000000000;NA
84;74;NA;2022;10;0;NA;0,000000000000000000;NA
84;74;NA;2023;14;0;NA;0,000000000000000000;NA
84;74;NA;2024;0;0;NA;NA;NA
93;04;0-1;2019;9;0;2832,88656387604;0,000000000000000000;0,0000000000000
93;04;0-1;2020;5;0;2898,48194036956;0,000000000000000000;0,0000000000000
93;04;0-1;2021;8;0;2857,70481342694;0,000000000000000000;0,0000000000000
93;04;0-1;2022;4;0;2930,94201366883;0,000000000000000000;0,0000000000000
93;04;0-1;2023;9;0;2895,87772273905;0,000000000000000000;0,0000000000000
93;04;0-1;2024;9;0;2773,85920525718;0,000000000000000000;0,0000000000000
93;04;2-4;2019;7;0;4548,11343612396;0,000000000000000000;0,0000000000000
93;04;2-4;2020;8;0;4603,51805963044;0,000000000000000000;0,0000000000000
93;04;2-4;2021;7;0;4524,29518657306;0,000000000000000000;0,0000000000000
93;04;2-4;2022;15;0;4615,05798633117;0,000000000000000000;0,0000000000000
93;04;2-4;2023;8;0;4547,12227726095;0,000000000000000000;0,0000000000000
93;04;2-4;2024;8;0;4540,14079474283;0,000000000000000000;0,0000000000000
93;04;5-17;2019;23;0;23785,22286383671;0,000000000000000000;0,0000000000000
93;04;5-17;2020;12;0;23570,11513745309;0,000000000000000000;0,0000000000000
93;04;5-17;2021;30;0;23523,86004933373;0,000000000000000000;0,0000000000000
93;04;5-17;2022;30;0;23444,90948973272;0,000000000000000000;0,0000000000000
93;04;5-17;2023;27;0;23472,71174174747;0,000000000000000000;0,0000000000000
93;04;5-17;2024;22;0;23601,96726946148;0,000000000000000000;0,0000000000000
93;04;18-64;2019;96;5;89836,77713616329;0,052083333333333336;4678,9988091751720
93;04;18-64;2020;59;0;90182,88486254691;0,000000000000000000;0,0000000000000
93;04;18-64;2021;79;5;90494,13995066627;0,063291139240506333;5727,4772120674861
93;04;18-64;2022;89;0;90850,09051026728;0,000000000000000000;0,0000000000000
93;04;18-64;2023;71;0;90955,28825825252;0,000000000000000000;0,0000000000000
93;04;18-64;2024;122;0;90824,03273053853;0,000000000000000000;0,0000000000000
93;04;65-79;2019;19;0;30113,00000000000;0,000000000000000000;0,0000000000000
93;04;65-79;2020;9;0;30913,00000000000;0,000000000000000000;0,0000000000000
93;04;65-79;2021;27;0;31626,00000000000;0,000000000000000000;0,0000000000000
93;04;65-79;2022;24;0;32278,00000000000;0,000000000000000000;0,0000000000000
93;04;65-79;2023;31;0;32927,00000000000;0,000000000000000000;0,0000000000000
93;04;65-79;2024;31;0;33654,00000000000;0,000000000000000000;0,0000000000000
93;04;80+;2019;9;0;13192,00000000000;0,000000000000000000;0,0000000000000
93;04;80+;2020;4;0;13283,00000000000;0,000000000000000000;0,0000000000000
93;04;80+;2021;8;0;13051,00000000000;0,000000000000000000;0,0000000000000
93;04;80+;2022;13;0;13060,00000000000;0,000000000000000000;0,0000000000000
93;04;80+;2023;7;0;13207,00000000000;0,000000000000000000;0,0000000000000
93;04;80+;2024;14;0;13514,00000000000;0,000000000000000000;0,0000000000000
93;04;NA;2019;0;0;NA;NA;NA
93;04;NA;2020;0;0;NA;NA;NA
93;04;NA;2021;0;0;NA;NA;NA
93;04;NA;2022;0;0;NA;NA;NA
93;04;NA;2023;1;0;NA;0,000000000000000000;NA
93;04;NA;2024;0;0;NA;NA;NA
93;05;0-1;2019;27;0;2472,10708006036;0,000000000000000000;0,0000000000000
93;05;0-1;2020;11;0;2421,32582248681;0,000000000000000000;0,0000000000000
93;05;0-1;2021;18;0;2419,48727769146;0,000000000000000000;0,0000000000000
93;05;0-1;2022;33;0;2415,13350662507;0,000000000000000000;0,0000000000000
93;05;0-1;2023;19;0;2416,92763854024;0,000000000000000000;0,0000000000000
93;05;0-1;2024;15;0;2276,27877357856;0,000000000000000000;0,0000000000000
93;05;2-4;2019;10;0;3968,89291993964;0,000000000000000000;0,0000000000000
93;05;2-4;2020;9;0;3845,67417751319;0,000000000000000000;0,0000000000000
93;05;2-4;2021;14;0;3830,51272230854;0,000000000000000000;0,0000000000000
93;05;2-4;2022;22;0;3802,86649337493;0,000000000000000000;0,0000000000000
93;05;2-4;2023;18;0;3795,07236145976;0,000000000000000000;0,0000000000000
93;05;2-4;2024;24;0;3725,72122642144;0,000000000000000000;0,0000000000000
93;05;5-17;2019;76;0;20972,57337663067;0,000000000000000000;0,0000000000000
93;05;5-17;2020;33;0;20261,34489730439;0,000000000000000000;0,0000000000000
93;05;5-17;2021;78;0;19867,99621011123;0,000000000000000000;0,0000000000000
93;05;5-17;2022;53;0;19578,87796645342;0,000000000000000000;0,0000000000000
93;05;5-17;2023;54;0;19175,22961488711;0,000000000000000000;0,0000000000000
93;05;5-17;2024;56;0;18973,44481156657;0,000000000000000000;0,0000000000000
93;05;18-64;2019;282;12;79205,42662336933;0,042553191489361701;3370,4436861008226
93;05;18-64;2020;128;0;78369,65510269561;0,000000000000000000;0,0000000000000
93;05;18-64;2021;131;0;78016,00378988877;0,000000000000000000;0,0000000000000
93;05;18-64;2022;253;15;78351,12203354658;0,059288537549407112;4645,3234407241052
93;05;18-64;2023;212;10;78072,77038511289;0,047169811320754720;3682,6778483543817
93;05;18-64;2024;285;16;77783,55518843343;0,056140350877192984;4366,7960807541576
93;05;65-79;2019;52;0;24232,00000000000;0,000000000000000000;0,0000000000000
93;05;65-79;2020;41;0;25075,00000000000;0,000000000000000000;0,0000000000000
93;05;65-79;2021;49;0;26019,00000000000;0,000000000000000000;0,0000000000000
93;05;65-79;2022;63;0;26725,00000000000;0,000000000000000000;0,0000000000000
93;05;65-79;2023;53;0;27494,00000000000;0,000000000000000000;0,0000000000000
93;05;65-79;2024;58;0;28143,00000000000;0,000000000000000000;0,0000000000000
93;05;80+;2019;20;0;10369,00000000000;0,000000000000000000;0,0000000000000
93;05;80+;2020;14;0;10632,00000000000;0,000000000000000000;0,0000000000000
93;05;80+;2021;21;0;10823,00000000000;0,000000000000000000;0,0000000000000
93;05;80+;2022;17;0;10804,00000000000;0,000000000000000000;0,0000000000000
93;05;80+;2023;26;0;10872,00000000000;0,000000000000000000;0,0000000000000
93;05;80+;2024;15;0;11004,00000000000;0,000000000000000000;0,0000000000000
93;05;NA;2019;0;0;NA;NA;NA
93;05;NA;2020;0;0;NA;NA;NA
93;05;NA;2021;0;0;NA;NA;NA
93;05;NA;2022;0;0;NA;NA;NA
93;05;NA;2023;0;0;NA;NA;NA
93;05;NA;2024;0;0;NA;NA;NA
93;06;0-1;2019;56;0;21196,94609805524;0,000000000000000000;0,0000000000000
93;06;0-1;2020;32;0;20545,14471622126;0,000000000000000000;0,0000000000000
93;06;0-1;2021;39;0;20324,85448650154;0,000000000000000000;0,0000000000000
93;06;0-1;2022;69;6;20310,73678488877;0,086956521739130432;1766,1510247729368
93;06;0-1;2023;41;0;20192,16203878963;0,000000000000000000;0,0000000000000
93;06;0-1;2024;52;0;19401,46504831027;0,000000000000000000;0,0000000000000
93;06;2-4;2019;63;0;34031,05390194476;0,000000000000000000;0,0000000000000
93;06;2-4;2020;39;0;32630,85528377874;0,000000000000000000;0,0000000000000
93;06;2-4;2021;51;0;32178,14551349846;0,000000000000000000;0,0000000000000
93;06;2-4;2022;58;0;31981,26321511123;0,000000000000000000;0,0000000000000
93;06;2-4;2023;38;0;31705,83796121037;0,000000000000000000;0,0000000000000
93;06;2-4;2024;36;0;31755,53495168973;0,000000000000000000;0,0000000000000
93;06;5-17;2019;118;0;154338,58854125993;0,000000000000000000;0,0000000000000
93;06;5-17;2020;82;0;154485,57411019033;0,000000000000000000;0,0000000000000
93;06;5-17;2021;104;0;155182,82240360661;0,000000000000000000;0,0000000000000
93;06;5-17;2022;125;7;156208,56381664489;0,056000000000000001;8747,6795737321136
93;06;5-17;2023;122;0;156312,36590024887;0,000000000000000000;0,0000000000000
93;06;5-17;2024;120;0;156124,92078662690;0,000000000000000000;0,0000000000000
93;06;18-64;2019;440;32;617843,41145874013;0,072727272727272724;44934,0662879083684
93;06;18-64;2020;409;25;617805,42588980962;0,061124694376528114;37763,1678416754003
93;06;18-64;2021;486;37;621608,17759639339;0,076131687242798354;47324,0793643344732
93;06;18-64;2022;606;58;627475,43618335517;0,095709570957095716;60055,4047832254146
93;06;18-64;2023;539;64;630213,63409975113;0,118738404452690169;74830,5613773359364
93;06;18-64;2024;550;50;632677,07921337313;0,090909090909090912;57516,0981103066515
93;06;65-79;2019;116;0;178818,00000000000;0,000000000000000000;0,0000000000000
93;06;65-79;2020;130;0;181861,00000000000;0,000000000000000000;0,0000000000000
93;06;65-79;2021;130;0;184609,00000000000;0,000000000000000000;0,0000000000000
93;06;65-79;2022;133;0;187688,00000000000;0,000000000000000000;0,0000000000000
93;06;65-79;2023;118;0;189777,00000000000;0,000000000000000000;0,0000000000000
93;06;65-79;2024;206;0;191576,00000000000;0,000000000000000000;0,0000000000000
93;06;80+;2019;96;0;88055,00000000000;0,000000000000000000;0,0000000000000
93;06;80+;2020;52;0;90082,00000000000;0,000000000000000000;0,0000000000000
93;06;80+;2021;87;0;90038,00000000000;0,000000000000000000;0,0000000000000
93;06;80+;2022;71;0;90915,00000000000;0,000000000000000000;0,0000000000000
93;06;80+;2023;56;0;91606,00000000000;0,000000000000000000;0,0000000000000
93;06;80+;2024;67;0;93457,00000000000;0,000000000000000000;0,0000000000000
93;06;NA;2019;0;0;NA;NA;NA
93;06;NA;2020;0;0;NA;NA;NA
93;06;NA;2021;0;0;NA;NA;NA
93;06;NA;2022;0;0;NA;NA;NA
93;06;NA;2023;4;0;NA;0,000000000000000000;NA
93;06;NA;2024;0;0;NA;NA;NA
93;13;0-1;2019;122;0;45313,51935928689;0,000000000000000000;0,0000000000000
93;13;0-1;2020;88;0;44188,13376700440;0,000000000000000000;0,0000000000000
93;13;0-1;2021;142;0;42948,02832782776;0,000000000000000000;0,0000000000000
93;13;0-1;2022;170;19;42499,82442825919;0,111764705882352947;4749,9803772760279
93;13;0-1;2023;88;5;42205,57943430927;0,056818181818181816;2398,0442860402995
93;13;0-1;2024;114;0;40475,43749273541;0,000000000000000000;0,0000000000000
93;13;2-4;2019;161;0;72749,48064071313;0,000000000000000000;0,0000000000000
93;13;2-4;2020;91;0;70181,86623299560;0,000000000000000000;0,0000000000000
93;13;2-4;2021;128;0;67994,97167217225;0,000000000000000000;0,0000000000000
93;13;2-4;2022;128;0;66920,17557174081;0,000000000000000000;0,0000000000000
93;13;2-4;2023;114;0;66271,42056569073;0,000000000000000000;0,0000000000000
93;13;2-4;2024;125;0;66248,56250726459;0,000000000000000000;0,0000000000000
93;13;5-17;2019;438;0;318117,49574582482;0,000000000000000000;0,0000000000000
93;13;5-17;2020;250;0;316875,49309225642;0,000000000000000000;0,0000000000000
93;13;5-17;2021;285;0;317508,48745764885;0,000000000000000000;0,0000000000000
93;13;5-17;2022;299;0;317720,32913325576;0,000000000000000000;0,0000000000000
93;13;5-17;2023;277;0;315763,19693487562;0,000000000000000000;0,0000000000000
93;13;5-17;2024;255;12;313844,78932487720;0,047058823529411764;14769,1665564648101
93;13;18-64;2019;1461;127;1188250,50425417512;0,086926762491444209;103290,7693636414915
93;13;18-64;2020;1143;83;1188941,50690774363;0,072615923009623801;86336,0849285588192
93;13;18-64;2021;1371;118;1194234,51254235115;0,086068563092633110;102786,0484901512973
93;13;18-64;2022;1560;158;1202854,67086674436;0,101282051282051283;121827,5884595805255
93;13;18-64;2023;1670;175;1206348,80306512443;0,104790419161676640;126413,7967283812904
93;13;18-64;2024;1717;167;1209631,21067512268;0,097262667443214906;117651,9581728278863
93;13;65-79;2019;258;0;291972,00000000000;0,000000000000000000;0,0000000000000
93;13;65-79;2020;297;0;299069,00000000000;0,000000000000000000;0,0000000000000
93;13;65-79;2021;309;0;304490,00000000000;0,000000000000000000;0,0000000000000
93;13;65-79;2022;323;0;308473,00000000000;0,000000000000000000;0,0000000000000
93;13;65-79;2023;308;0;312816,00000000000;0,000000000000000000;0,0000000000000
93;13;65-79;2024;321;0;316578,00000000000;0,000000000000000000;0,0000000000000
93;13;80+;2019;123;0;126707,00000000000;0,000000000000000000;0,0000000000000
93;13;80+;2020;110;0;128814,00000000000;0,000000000000000000;0,0000000000000
93;13;80+;2021;127;0;129767,00000000000;0,000000000000000000;0,0000000000000
93;13;80+;2022;166;0;131343,00000000000;0,000000000000000000;0,0000000000000
93;13;80+;2023;118;0;133302,00000000000;0,000000000000000000;0,0000000000000
93;13;80+;2024;173;0;136904,00000000000;0,000000000000000000;0,0000000000000
93;13;NA;2019;0;0;NA;NA;NA
93;13;NA;2020;0;0;NA;NA;NA
93;13;NA;2021;0;0;NA;NA;NA
93;13;NA;2022;1;0;NA;0,000000000000000000;NA
93;13;NA;2023;10;0;NA;0,000000000000000000;NA
93;13;NA;2024;0;0;NA;NA;NA
93;83;0-1;2019;60;0;19417,99619647478;0,000000000000000000;0,0000000000000
93;83;0-1;2020;41;0;19366,35660637489;0,000000000000000000;0,0000000000000
93;83;0-1;2021;50;0;19388,80324850827;0,000000000000000000;0,0000000000000
93;83;0-1;2022;79;6;19402,24574725673;0,075949367088607597;1473,5882846017769
93;83;0-1;2023;51;0;19397,67294704797;0,000000000000000000;0,0000000000000
93;83;0-1;2024;59;0;18770,76668102251;0,000000000000000000;0,0000000000000
93;83;2-4;2019;68;0;31175,00380352523;0,000000000000000000;0,0000000000000
93;83;2-4;2020;45;0;30758,64339362511;0,000000000000000000;0,0000000000000
93;83;2-4;2021;64;0;30696,19675149173;0,000000000000000000;0,0000000000000
93;83;2-4;2022;66;0;30550,75425274327;0,000000000000000000;0,0000000000000
93;83;2-4;2023;44;0;30458,32705295203;0,000000000000000000;0,0000000000000
93;83;2-4;2024;52;0;30723,23331897749;0,000000000000000000;0,0000000000000
93;83;5-17;2019;183;0;152379,24695947673;0,000000000000000000;0,0000000000000
93;83;5-17;2020;123;0;151649,66083212028;0,000000000000000000;0,0000000000000
93;83;5-17;2021;103;0;150856,52397518224;0,000000000000000000;0,0000000000000
93;83;5-17;2022;125;0;152059,52682656361;0,000000000000000000;0,0000000000000
93;83;5-17;2023;176;0;152230,14154917115;0,000000000000000000;0,0000000000000
93;83;5-17;2024;94;0;152562,41347067151;0,000000000000000000;0,0000000000000
93;83;18-64;2019;489;26;591330,75304052327;0,053169734151329244;31440,8989346699491
93;83;18-64;2020;400;12;594187,33916787966;0,029999999999999999;17825,6201750363907
93;83;18-64;2021;505;25;600043,47602481779;0,049504950495049507;29705,1225754860316
93;83;18-64;2022;480;17;606116,47317343636;0,035416666666666666;21466,6250915592027
93;83;18-64;2023;520;20;609498,85845082882;0,038461538461538464;23442,2637865703400
93;83;18-64;2024;576;24;612234,58652932849;0,041666666666666664;25509,7744387220191
93;83;65-79;2019;181;0;195690,00000000000;0,000000000000000000;0,0000000000000
93;83;65-79;2020;209;0;201176,00000000000;0,000000000000000000;0,0000000000000
93;83;65-79;2021;162;0;205728,00000000000;0,000000000000000000;0,0000000000000
93;83;65-79;2022;229;0;211260,00000000000;0,000000000000000000;0,0000000000000
93;83;65-79;2023;244;0;215188,00000000000;0,000000000000000000;0,0000000000000
93;83;65-79;2024;214;0;218836,00000000000;0,000000000000000000;0,0000000000000
93;83;80+;2019;67;0;86718,00000000000;0,000000000000000000;0,0000000000000
93;83;80+;2020;65;0;88051,00000000000;0,000000000000000000;0,0000000000000
93;83;80+;2021;68;0;88624,00000000000;0,000000000000000000;0,0000000000000
93;83;80+;2022;88;0;88975,00000000000;0,000000000000000000;0,0000000000000
93;83;80+;2023;62;0;90799,00000000000;0,000000000000000000;0,0000000000000
93;83;80+;2024;129;0;93661,00000000000;0,000000000000000000;0,0000000000000
93;83;NA;2019;0;0;NA;NA;NA
93;83;NA;2020;0;0;NA;NA;NA
93;83;NA;2021;0;0;NA;NA;NA
93;83;NA;2022;0;0;NA;NA;NA
93;83;NA;2023;6;0;NA;0,000000000000000000;NA
93;83;NA;2024;0;0;NA;NA;NA
93;84;0-1;2019;70;0;11992,46356521754;0,000000000000000000;0,0000000000000
93;84;0-1;2020;58;0;11883,31232204035;0,000000000000000000;0,0000000000000
93;84;0-1;2021;177;8;11712,64113181324;0,045197740112994350;529,3849099124629
93;84;0-1;2022;200;0;11275,15448115460;0,000000000000000000;0,0000000000000
93;84;0-1;2023;241;0;11140,35561402488;0,000000000000000000;0,0000000000000
93;84;0-1;2024;218;0;10587,99580152718;0,000000000000000000;0,0000000000000
93;84;2-4;2019;98;0;19253,53643478247;0,000000000000000000;0,0000000000000
93;84;2-4;2020;69;0;18873,68767795965;0,000000000000000000;0,0000000000000
93;84;2-4;2021;103;0;18543,35886818676;0,000000000000000000;0,0000000000000
93;84;2-4;2022;166;0;17753,84551884540;0,000000000000000000;0,0000000000000
93;84;2-4;2023;163;0;17492,64438597512;0,000000000000000000;0,0000000000000
93;84;2-4;2024;188;0;17330,00419847282;0,000000000000000000;0,0000000000000
93;84;5-17;2019;358;6;89360,53484715983;0,016759776536312849;1497,6625952037959
93;84;5-17;2020;266;0;88595,37586915512;0,000000000000000000;0,0000000000000
93;84;5-17;2021;216;8;89071,85790975102;0,037037037037037035;3298,9577003611489
93;84;5-17;2022;267;0;89330,88607910974;0,000000000000000000;0,0000000000000
93;84;5-17;2023;288;0;89100,77550127612;0,000000000000000000;0,0000000000000
93;84;5-17;2024;166;0;88791,99652219549;0,000000000000000000;0,0000000000000
93;84;18-64;2019;553;14;315737,46515284019;0,025316455696202531;7993,3535481731687
93;84;18-64;2020;710;28;315319,62413084490;0,039436619718309862;12435,1401065685313
93;84;18-64;2021;977;23;315462,14209024899;0,023541453428863868;7426,4373265872327
93;84;18-64;2022;670;37;317322,11392089026;0,055223880597014927;17523,7585299596103
93;84;18-64;2023;868;33;317164,22449872387;0,038018433179723504;12058,0868761035581
93;84;18-64;2024;712;45;317034,00347780454;0,063202247191011238;20037,2614557601191
93;84;65-79;2019;216;0;88079,00000000000;0,000000000000000000;0,0000000000000
93;84;65-79;2020;137;0;89792,00000000000;0,000000000000000000;0,0000000000000
93;84;65-79;2021;122;0;92604,00000000000;0,000000000000000000;0,0000000000000
93;84;65-79;2022;191;0;94982,00000000000;0,000000000000000000;0,0000000000000
93;84;65-79;2023;181;0;96932,00000000000;0,000000000000000000;0,0000000000000
93;84;65-79;2024;170;0;98746,00000000000;0,000000000000000000;0,0000000000000
93;84;80+;2019;103;0;37046,00000000000;0,000000000000000000;0,0000000000000
93;84;80+;2020;84;0;37477,00000000000;0,000000000000000000;0,0000000000000
93;84;80+;2021;61;0;37172,00000000000;0,000000000000000000;0,0000000000000
93;84;80+;2022;123;0;38038,00000000000;0,000000000000000000;0,0000000000000
93;84;80+;2023;111;0;38602,00000000000;0,000000000000000000;0,0000000000000
93;84;80+;2024;99;0;39575,00000000000;0,000000000000000000;0,0000000000000
93;84;NA;2019;0;0;NA;NA;NA
93;84;NA;2020;0;0;NA;NA;NA
93;84;NA;2021;0;0;NA;NA;NA
93;84;NA;2022;0;0;NA;NA;NA
93;84;NA;2023;3;0;NA;0,000000000000000000;NA
93;84;NA;2024;0;0;NA;NA;NA
94;2A;0-1;2019;4;0;3034,38574366670;0,000000000000000000;0,0000000000000
94;2A;0-1;2020;1;0;3109,82153266257;0,000000000000000000;0,0000000000000
94;2A;0-1;2021;1;0;3137,97821967471;0,000000000000000000;0,0000000000000
94;2A;0-1;2022;2;0;3181,07806678343;0,000000000000000000;0,0000000000000
94;2A;0-1;2023;1;0;3220,75450609080;0,000000000000000000;0,0000000000000
94;2A;0-1;2024;6;0;3081,81294803388;0,000000000000000000;0,0000000000000
94;2A;2-4;2019;10;0;4871,61425633330;0,000000000000000000;0,0000000000000
94;2A;2-4;2020;1;0;4939,17846733743;0,000000000000000000;0,0000000000000
94;2A;2-4;2021;2;0;4968,02178032529;0,000000000000000000;0,0000000000000
94;2A;2-4;2022;1;0;5008,92193321657;0,000000000000000000;0,0000000000000
94;2A;2-4;2023;4;0;5057,24549390920;0,000000000000000000;0,0000000000000
94;2A;2-4;2024;1;0;5044,18705196612;0,000000000000000000;0,0000000000000
94;2A;5-17;2019;17;0;21462,45065862930;0,000000000000000000;0,0000000000000
94;2A;5-17;2020;9;0;21608,39498776308;0,000000000000000000;0,0000000000000
94;2A;5-17;2021;7;0;21888,32339005550;0,000000000000000000;0,0000000000000
94;2A;5-17;2022;4;0;22783,93553972510;0,000000000000000000;0,0000000000000
94;2A;5-17;2023;3;0;23432,68596953816;0,000000000000000000;0,0000000000000
94;2A;5-17;2024;10;0;24250,04979062952;0,000000000000000000;0,0000000000000
94;2A;18-64;2019;23;0;90960,54934137070;0,000000000000000000;0,0000000000000
94;2A;18-64;2020;26;0;91928,60501223692;0,000000000000000000;0,0000000000000
94;2A;18-64;2021;27;0;92830,67660994449;0,000000000000000000;0,0000000000000
94;2A;18-64;2022;39;0;94369,06446027489;0,000000000000000000;0,0000000000000
94;2A;18-64;2023;34;0;95131,31403046184;0,000000000000000000;0,0000000000000
94;2A;18-64;2024;64;11;95909,95020937048;0,171875000000000000;16484,5226922355505
94;2A;65-79;2019;11;0;26779,00000000000;0,000000000000000000;0,0000000000000
94;2A;65-79;2020;10;0;27611,00000000000;0,000000000000000000;0,0000000000000
94;2A;65-79;2021;8;0;28216,00000000000;0,000000000000000000;0,0000000000000
94;2A;65-79;2022;14;0;28855,00000000000;0,000000000000000000;0,0000000000000
94;2A;65-79;2023;18;0;29290,00000000000;0,000000000000000000;0,0000000000000
94;2A;65-79;2024;6;0;29935,00000000000;0,000000000000000000;0,0000000000000
94;2A;80+;2019;6;0;11399,00000000000;0,000000000000000000;0,0000000000000
94;2A;80+;2020;1;0;11617,00000000000;0,000000000000000000;0,0000000000000
94;2A;80+;2021;0;0;11901,00000000000;NA;NA
94;2A;80+;2022;3;0;11847,00000000000;0,000000000000000000;0,0000000000000
94;2A;80+;2023;6;0;12145,00000000000;0,000000000000000000;0,0000000000000
94;2A;80+;2024;2;0;12292,00000000000;0,000000000000000000;0,0000000000000
94;2A;NA;2019;0;0;NA;NA;NA
94;2A;NA;2020;0;0;NA;NA;NA
94;2A;NA;2021;0;0;NA;NA;NA
94;2A;NA;2022;0;0;NA;NA;NA
94;2A;NA;2023;0;0;NA;NA;NA
94;2A;NA;2024;0;0;NA;NA;NA
94;2B;0-1;2019;5;0;3240,49061899544;0,000000000000000000;0,0000000000000
94;2B;0-1;2020;5;0;3152,32126785861;0,000000000000000000;0,0000000000000
94;2B;0-1;2021;1;0;3098,10506933836;0,000000000000000000;0,0000000000000
94;2B;0-1;2022;4;0;3075,04213122398;0,000000000000000000;0,0000000000000
94;2B;0-1;2023;2;0;2977,19418707500;0,000000000000000000;0,0000000000000
94;2B;0-1;2024;3;0;2811,78454303756;0,000000000000000000;0,0000000000000
94;2B;2-4;2019;7;0;5202,50938100456;0,000000000000000000;0,0000000000000
94;2B;2-4;2020;2;0;5006,67873214139;0,000000000000000000;0,0000000000000
94;2B;2-4;2021;2;0;4904,89493066164;0,000000000000000000;0,0000000000000
94;2B;2-4;2022;2;0;4841,95786877602;0,000000000000000000;0,0000000000000
94;2B;2-4;2023;4;0;4674,80581292500;0,000000000000000000;0,0000000000000
94;2B;2-4;2024;7;0;4602,21545696244;0,000000000000000000;0,0000000000000
94;2B;5-17;2019;16;0;24880,37254802648;0,000000000000000000;0,0000000000000
94;2B;5-17;2020;7;0;24508,35690960089;0,000000000000000000;0,0000000000000
94;2B;5-17;2021;10;0;25344,84955595387;0,000000000000000000;0,0000000000000
94;2B;5-17;2022;13;0;24790,74909778313;0,000000000000000000;0,0000000000000
94;2B;5-17;2023;11;0;24736,43874150786;0,000000000000000000;0,0000000000000
94;2B;5-17;2024;7;0;24435,02488422718;0,000000000000000000;0,0000000000000
94;2B;18-64;2019;39;0;106420,62745197352;0,000000000000000000;0,0000000000000
94;2B;18-64;2020;26;0;106954,64309039911;0,000000000000000000;0,0000000000000
94;2B;18-64;2021;73;0;106986,15044404613;0,000000000000000000;0,0000000000000
94;2B;18-64;2022;48;0;107123,25090221687;0,000000000000000000;0,0000000000000
94;2B;18-64;2023;47;0;107370,56125849213;0,000000000000000000;0,0000000000000
94;2B;18-64;2024;22;0;107914,97511577282;0,000000000000000000;0,0000000000000
94;2B;65-79;2019;16;0;30177,00000000000;0,000000000000000000;0,0000000000000
94;2B;65-79;2020;13;0;30921,00000000000;0,000000000000000000;0,0000000000000
94;2B;65-79;2021;5;0;31588,00000000000;0,000000000000000000;0,0000000000000
94;2B;65-79;2022;14;0;32495,00000000000;0,000000000000000000;0,0000000000000
94;2B;65-79;2023;9;0;33036,00000000000;0,000000000000000000;0,0000000000000
94;2B;65-79;2024;19;0;33450,00000000000;0,000000000000000000;0,0000000000000
94;2B;80+;2019;8;0;12012,00000000000;0,000000000000000000;0,0000000000000
94;2B;80+;2020;2;0;12344,00000000000;0,000000000000000000;0,0000000000000
94;2B;80+;2021;4;0;12733,00000000000;0,000000000000000000;0,0000000000000
94;2B;80+;2022;3;0;12905,00000000000;0,000000000000000000;0,0000000000000
94;2B;80+;2023;8;0;13194,00000000000;0,000000000000000000;0,0000000000000
94;2B;80+;2024;3;0;13510,00000000000;0,000000000000000000;0,0000000000000
94;2B;NA;2019;0;0;NA;NA;NA
94;2B;NA;2020;0;0;NA;NA;NA
94;2B;NA;2021;0;0;NA;NA;NA
94;2B;NA;2022;0;0;NA;NA;NA
94;2B;NA;2023;1;0;NA;0,000000000000000000;NA
94;2B;NA;2024;0;0;NA;NA;NA
TOM;975;0-1;2019;0;0;NA;NA;NA
TOM;975;0-1;2020;0;0;NA;NA;NA
TOM;975;0-1;2021;0;0;NA;NA;NA
TOM;975;0-1;2022;0;0;NA;NA;NA
TOM;975;0-1;2023;1;0;NA;0,000000000000000000;NA
TOM;975;0-1;2024;0;0;NA;NA;NA
TOM;975;2-4;2019;0;0;NA;NA;NA
TOM;975;2-4;2020;0;0;NA;NA;NA
TOM;975;2-4;2021;0;0;NA;NA;NA
TOM;975;2-4;2022;0;0;NA;NA;NA
TOM;975;2-4;2023;0;0;NA;NA;NA
TOM;975;2-4;2024;0;0;NA;NA;NA
TOM;975;5-17;2019;0;0;NA;NA;NA
TOM;975;5-17;2020;0;0;NA;NA;NA
TOM;975;5-17;2021;0;0;NA;NA;NA
TOM;975;5-17;2022;0;0;NA;NA;NA
TOM;975;5-17;2023;2;0;NA;0,000000000000000000;NA
TOM;975;5-17;2024;0;0;NA;NA;NA
TOM;975;18-64;2019;0;0;NA;NA;NA
TOM;975;18-64;2020;4;0;NA;0,000000000000000000;NA
TOM;975;18-64;2021;0;0;NA;NA;NA
TOM;975;18-64;2022;4;0;NA;0,000000000000000000;NA
TOM;975;18-64;2023;0;0;NA;NA;NA
TOM;975;18-64;2024;1;0;NA;0,000000000000000000;NA
TOM;975;65-79;2019;0;0;NA;NA;NA
TOM;975;65-79;2020;0;0;NA;NA;NA
TOM;975;65-79;2021;1;0;NA;0,000000000000000000;NA
TOM;975;65-79;2022;0;0;NA;NA;NA
TOM;975;65-79;2023;0;0;NA;NA;NA
TOM;975;65-79;2024;0;0;NA;NA;NA
TOM;975;80+;2019;1;0;NA;0,000000000000000000;NA
TOM;975;80+;2020;0;0;NA;NA;NA
TOM;975;80+;2021;0;0;NA;NA;NA
TOM;975;80+;2022;0;0;NA;NA;NA
TOM;975;80+;2023;0;0;NA;NA;NA
TOM;975;80+;2024;0;0;NA;NA;NA
TOM;975;NA;2019;0;0;NA;NA;NA
TOM;975;NA;2020;0;0;NA;NA;NA
TOM;975;NA;2021;0;0;NA;NA;NA
TOM;975;NA;2022;0;0;NA;NA;NA
TOM;975;NA;2023;0;0;NA;NA;NA
TOM;975;NA;2024;0;0;NA;NA;NA
TOM;987;0-1;2019;1;0;NA;0,000000000000000000;NA
TOM;987;0-1;2020;0;0;NA;NA;NA
TOM;987;0-1;2021;0;0;NA;NA;NA
TOM;987;0-1;2022;0;0;NA;NA;NA
TOM;987;0-1;2023;0;0;NA;NA;NA
TOM;987;0-1;2024;0;0;NA;NA;NA
TOM;987;2-4;2019;2;0;NA;0,000000000000000000;NA
TOM;987;2-4;2020;0;0;NA;NA;NA
TOM;987;2-4;2021;0;0;NA;NA;NA
TOM;987;2-4;2022;0;0;NA;NA;NA
TOM;987;2-4;2023;0;0;NA;NA;NA
TOM;987;2-4;2024;1;0;NA;0,000000000000000000;NA
TOM;987;5-17;2019;0;0;NA;NA;NA
TOM;987;5-17;2020;1;0;NA;0,000000000000000000;NA
TOM;987;5-17;2021;1;0;NA;0,000000000000000000;NA
TOM;987;5-17;2022;1;0;NA;0,000000000000000000;NA
TOM;987;5-17;2023;1;0;NA;0,000000000000000000;NA
TOM;987;5-17;2024;2;0;NA;0,000000000000000000;NA
TOM;987;18-64;2019;7;0;NA;0,000000000000000000;NA
TOM;987;18-64;2020;2;0;NA;0,000000000000000000;NA
TOM;987;18-64;2021;2;0;NA;0,000000000000000000;NA
TOM;987;18-64;2022;4;0;NA;0,000000000000000000;NA
TOM;987;18-64;2023;4;0;NA;0,000000000000000000;NA
TOM;987;18-64;2024;2;0;NA;0,000000000000000000;NA
TOM;987;65-79;2019;2;0;NA;0,000000000000000000;NA
TOM;987;65-79;2020;0;0;NA;NA;NA
TOM;987;65-79;2021;0;0;NA;NA;NA
TOM;987;65-79;2022;0;0;NA;NA;NA
TOM;987;65-79;2023;3;0;NA;0,000000000000000000;NA
TOM;987;65-79;2024;2;0;NA;0,000000000000000000;NA
TOM;987;80+;2019;0;0;NA;NA;NA
TOM;987;80+;2020;0;0;NA;NA;NA
TOM;987;80+;2021;0;0;NA;NA;NA
TOM;987;80+;2022;0;0;NA;NA;NA
TOM;987;80+;2023;0;0;NA;NA;NA
TOM;987;80+;2024;1;0;NA;0,000000000000000000;NA
TOM;987;NA;2019;0;0;NA;NA;NA
TOM;987;NA;2020;0;0;NA;NA;NA
TOM;987;NA;2021;0;0;NA;NA;NA
TOM;987;NA;2022;0;0;NA;NA;NA
TOM;987;NA;2023;0;0;NA;NA;NA
TOM;987;NA;2024;0;0;NA;NA;NA
TOM;988;0-1;2019;2;0;NA;0,000000000000000000;NA
TOM;988;0-1;2020;0;0;NA;NA;NA
TOM;988;0-1;2021;0;0;NA;NA;NA
TOM;988;0-1;2022;9;0;NA;0,000000000000000000;NA
TOM;988;0-1;2023;1;0;NA;0,000000000000000000;NA
TOM;988;0-1;2024;0;0;NA;NA;NA
TOM;988;2-4;2019;3;0;NA;0,000000000000000000;NA
TOM;988;2-4;2020;1;0;NA;0,000000000000000000;NA
TOM;988;2-4;2021;0;0;NA;NA;NA
TOM;988;2-4;2022;0;0;NA;NA;NA
TOM;988;2-4;2023;1;0;NA;0,000000000000000000;NA
TOM;988;2-4;2024;0;0;NA;NA;NA
TOM;988;5-17;2019;2;0;NA;0,000000000000000000;NA
TOM;988;5-17;2020;1;0;NA;0,000000000000000000;NA
TOM;988;5-17;2021;0;0;NA;NA;NA
TOM;988;5-17;2022;6;0;NA;0,000000000000000000;NA
TOM;988;5-17;2023;1;0;NA;0,000000000000000000;NA
TOM;988;5-17;2024;4;0;NA;0,000000000000000000;NA
TOM;988;18-64;2019;18;0;NA;0,000000000000000000;NA
TOM;988;18-64;2020;1;0;NA;0,000000000000000000;NA
TOM;988;18-64;2021;1;0;NA;0,000000000000000000;NA
TOM;988;18-64;2022;0;0;NA;NA;NA
TOM;988;18-64;2023;18;6;NA;0,333333333333333315;NA
TOM;988;18-64;2024;1;0;NA;0,000000000000000000;NA
TOM;988;65-79;2019;1;0;NA;0,000000000000000000;NA
TOM;988;65-79;2020;1;0;NA;0,000000000000000000;NA
TOM;988;65-79;2021;0;0;NA;NA;NA
TOM;988;65-79;2022;5;0;NA;0,000000000000000000;NA
TOM;988;65-79;2023;0;0;NA;NA;NA
TOM;988;65-79;2024;3;0;NA;0,000000000000000000;NA
TOM;988;80+;2019;2;0;NA;0,000000000000000000;NA
TOM;988;80+;2020;0;0;NA;NA;NA
TOM;988;80+;2021;0;0;NA;NA;NA
TOM;988;80+;2022;0;0;NA;NA;NA
TOM;988;80+;2023;0;0;NA;NA;NA
TOM;988;80+;2024;1;0;NA;0,000000000000000000;NA
TOM;988;NA;2019;0;0;NA;NA;NA
TOM;988;NA;2020;0;0;NA;NA;NA
TOM;988;NA;2021;0;0;NA;NA;NA
TOM;988;NA;2022;0;0;NA;NA;NA
TOM;988;NA;2023;0;0;NA;NA;NA
TOM;988;NA;2024;0;0;NA;NA;NA
NA;980;0-1;2019;3;0;NA;0,000000000000000000;NA
NA;980;0-1;2020;1;0;NA;0,000000000000000000;NA
NA;980;0-1;2021;4;0;NA;0,000000000000000000;NA
NA;980;0-1;2022;1;0;NA;0,000000000000000000;NA
NA;980;0-1;2023;0;0;NA;NA;NA
NA;980;0-1;2024;1;0;NA;0,000000000000000000;NA
NA;980;2-4;2019;1;0;NA;0,000000000000000000;NA
NA;980;2-4;2020;1;0;NA;0,000000000000000000;NA
NA;980;2-4;2021;1;0;NA;0,000000000000000000;NA
NA;980;2-4;2022;0;0;NA;NA;NA
NA;980;2-4;2023;0;0;NA;NA;NA
NA;980;2-4;2024;1;0;NA;0,000000000000000000;NA
NA;980;5-17;2019;6;0;NA;0,000000000000000000;NA
NA;980;5-17;2020;0;0;NA;NA;NA
NA;980;5-17;2021;3;0;NA;0,000000000000000000;NA
NA;980;5-17;2022;3;0;NA;0,000000000000000000;NA
NA;980;5-17;2023;4;0;NA;0,000000000000000000;NA
NA;980;5-17;2024;4;0;NA;0,000000000000000000;NA
NA;980;18-64;2019;8;0;NA;0,000000000000000000;NA
NA;980;18-64;2020;0;0;NA;NA;NA
NA;980;18-64;2021;0;0;NA;NA;NA
NA;980;18-64;2022;9;0;NA;0,000000000000000000;NA
NA;980;18-64;2023;0;0;NA;NA;NA
NA;980;18-64;2024;0;0;NA;NA;NA
NA;980;65-79;2019;6;0;NA;0,000000000000000000;NA
NA;980;65-79;2020;4;0;NA;0,000000000000000000;NA
NA;980;65-79;2021;3;0;NA;0,000000000000000000;NA
NA;980;65-79;2022;8;0;NA;0,000000000000000000;NA
NA;980;65-79;2023;8;0;NA;0,000000000000000000;NA
NA;980;65-79;2024;7;0;NA;0,000000000000000000;NA
NA;980;80+;2019;3;0;NA;0,000000000000000000;NA
NA;980;80+;2020;1;0;NA;0,000000000000000000;NA
NA;980;80+;2021;3;0;NA;0,000000000000000000;NA
NA;980;80+;2022;0;0;NA;NA;NA
NA;980;80+;2023;0;0;NA;NA;NA
NA;980;80+;2024;3;0;NA;0,000000000000000000;NA
NA;980;NA;2019;0;0;NA;NA;NA
NA;980;NA;2020;0;0;NA;NA;NA
NA;980;NA;2021;0;0;NA;NA;NA
NA;980;NA;2022;0;0;NA;NA;NA
NA;980;NA;2023;1;0;NA;0,000000000000000000;NA
NA;980;NA;2024;0;0;NA;NA;NA
